conglome,vivienda,hogar,area,dominio_geografico,material_paredes,abastecimiento_agua,sexo_jefe_hogar,condicion_ocupacion_jefe,miembros_hogar,perceptores_ingreso,dependencia_economica,edad_jefe_hogar,anios_educacion_jefe,n_habitaciones_vivienda,pobre
000001,18,1,Urbano,Lima Metropolitana,Ladrillo o Bloque de cemento,Red publica fuera de la vivienda,Hombre,Ocupado,4,4,1.0,51.0,9.0,5.0,0
000002,8,1,Urbano,Sierra Sur,Ladrillo o Bloque de cemento,Red publica dentro de la vivienda,Hombre,Ocupado,4,1,4.0,35.0,11.0,3.0,0
000003,18,1,Urbano,Lima Metropolitana,Ladrillo o Bloque de cemento,Red publica dentro de la vivienda,Mujer,Ocupado,6,4,1.5,56.0,12.0,4.0,0
000004,8,1,Urbano,Lima Metropolitana,Adobe,Red publica dentro de la vivienda,Hombre,Inactivo,3,1,3.0,70.0,15.0,4.0,1
000005,17,1,Urbano,Costa Norte,Ladrillo o Bloque de cemento,Red publica dentro de la vivienda,Hombre,Ocupado,9,8,1.12,21.0,7.0,4.0,0
000006,3,1,Urbano,Lima Metropolitana,Ladrillo o Bloque de cemento,Red publica dentro de la vivienda,Hombre,Ocupado,5,2,2.5,53.0,7.0,3.0,1
000007,13,1,Urbano,Lima Metropolitana,,Red publica dentro de la vivienda,Mujer,Ocupado,4,4,1.0,47.0,7.0,5.0,0
000008,5,1,Urbano,Lima Metropolitana,Ladrillo o Bloque de cemento,Red publica dentro de la vivienda,Mujer,Ocupado,4,3,1.33,44.0,14.0,6.0,0
000009,19,1,Urbano,Costa Centro,Ladrillo o Bloque de cemento,Otro,Hombre,Ocupado,4,3,1.33,53.0,14.0,8.0,0
000010,2,1,Urbano,Sierra Sur,Ladrillo o Bloque de cemento,Red publica dentro de la vivienda,Mujer,Inactivo,8,2,4.0,67.0,14.0,5.0,1
000011,10,1,Urbano,Sierra Centro,Ladrillo o Bloque de cemento,Red publica dentro de la vivienda,Mujer,Ocupado,8,4,2.0,52.0,9.0,3.0,1
000012,13,1,Urbano,Lima Metropolitana,Ladrillo o Bloque de cemento,Red publica dentro de la vivienda,Mujer,Ocupado,5,2,2.5,61.0,13.0,,0
000013,4,1,Urbano,Lima Metropolitana,Ladrillo o Bloque de cemento,Red publica dentro de la vivienda,Mujer,Ocupado,3,2,1.5,47.0,5.0,4.0,0
000014,18,1,Urbano,Lima Metropolitana,Ladrillo o Bloque de cemento,Red publica dentro de la vivienda,Hombre,Ocupado,2,1,2.0,53.0,18.0,4.0,0
000015,7,1,Rural,Sierra Sur,Adobe,Red publica dentro de la vivienda,Mujer,Ocupado,5,3,1.67,40.0,10.0,1.0,0
000016,17,1,Urbano,Costa Sur,Adobe,Otro,Mujer,Ocupado,3,2,1.5,49.0,14.0,2.0,0
000017,6,1,Urbano,Selva,Ladrillo o Bloque de cemento,Red publica dentro de la vivienda,Mujer,Ocupado,7,4,1.75,44.0,8.0,5.0,0
000018,9,1,Urbano,Costa Norte,Madera,Pozo,Hombre,Ocupado,1,1,1.0,49.0,10.0,1.0,0
000019,13,1,Urbano,Lima Metropolitana,Ladrillo o Bloque de cemento,Red publica dentro de la vivienda,Hombre,Ocupado,5,4,1.25,25.0,12.0,4.0,1
000020,13,1,Urbano,Lima Metropolitana,Adobe,Red publica dentro de la vivienda,Mujer,Ocupado,3,3,1.0,32.0,18.0,3.0,0
000021,8,1,Urbano,Lima Metropolitana,Ladrillo o Bloque de cemento,Red publica dentro de la vivienda,Hombre,Inactivo,3,3,1.0,65.0,16.0,5.0,1
000022,5,1,Rural,Sierra Centro,Otro material,"Rio, acequia o manantial",Mujer,Inactivo,6,5,1.2,68.0,6.0,2.0,1
000023,2,1,Urbano,Lima Metropolitana,Ladrillo o Bloque de cemento,Red publica dentro de la vivienda,Hombre,Ocupado,3,2,1.5,24.0,14.0,6.0,0
000024,4,1,Urbano,Lima Metropolitana,Madera,Red publica dentro de la vivienda,Hombre,Ocupado,7,3,2.33,40.0,10.0,3.0,0
000025,15,1,Urbano,Lima Metropolitana,Ladrillo o Bloque de cemento,Red publica dentro de la vivienda,Hombre,Ocupado,6,4,1.5,38.0,8.0,,0
000026,4,1,Urbano,Costa Sur,Ladrillo o Bloque de cemento,Red publica dentro de la vivienda,Hombre,Ocupado,3,3,1.0,52.0,11.0,3.0,0
000027,4,1,Rural,Sierra Sur,Ladrillo o Bloque de cemento,Red publica fuera de la vivienda,Hombre,Ocupado,6,4,1.5,47.0,3.0,6.0,1
000028,13,1,Urbano,Costa Norte,Ladrillo o Bloque de cemento,Red publica dentro de la vivienda,Hombre,Ocupado,1,1,1.0,58.0,6.0,4.0,0
000029,12,1,Urbano,Costa Centro,Ladrillo o Bloque de cemento,Red publica fuera de la vivienda,Hombre,Ocupado,4,3,1.33,29.0,11.0,2.0,0
000030,8,1,Urbano,Lima Metropolitana,Ladrillo o Bloque de cemento,Red publica dentro de la vivienda,Hombre,Ocupado,4,4,1.0,53.0,12.0,4.0,0
000031,7,1,Urbano,Lima Metropolitana,Ladrillo o Bloque de cemento,Red publica fuera de la vivienda,Hombre,Ocupado,6,3,2.0,43.0,9.0,8.0,1
000032,11,1,Urbano,Lima Metropolitana,Ladrillo o Bloque de cemento,Red publica dentro de la vivienda,Mujer,Ocupado,2,1,2.0,38.0,11.0,4.0,0
000033,6,1,Urbano,Sierra Norte,Ladrillo o Bloque de cemento,Red publica dentro de la vivienda,Hombre,Ocupado,3,3,1.0,54.0,12.0,6.0,1
000034,15,1,Rural,Sierra Centro,Madera,Red publica dentro de la vivienda,Hombre,Ocupado,2,2,1.0,45.0,6.0,3.0,0
000035,10,1,Rural,Sierra Sur,Otro material,Pozo,Mujer,Ocupado,5,4,1.25,47.0,7.0,4.0,0
000036,8,1,Urbano,Costa Sur,Madera,Red publica dentro de la vivienda,Hombre,Inactivo,6,5,1.2,67.0,10.0,3.0,1
000037,4,1,Urbano,Costa Centro,Ladrillo o Bloque de cemento,Red publica dentro de la vivienda,Mujer,Ocupado,2,2,1.0,49.0,17.0,3.0,0
000038,15,1,Rural,Sierra Sur,Ladrillo o Bloque de cemento,"Rio, acequia o manantial",Mujer,Inactivo,4,2,2.0,75.0,11.0,5.0,1
000039,6,1,Rural,Costa Sur,Ladrillo o Bloque de cemento,"Rio, acequia o manantial",Hombre,Ocupado,4,3,1.33,18.0,7.0,,0
000040,2,1,Urbano,Lima Metropolitana,Ladrillo o Bloque de cemento,Red publica dentro de la vivienda,Hombre,Ocupado,5,4,1.25,48.0,10.0,5.0,0
000041,1,1,Rural,Sierra Sur,,Red publica dentro de la vivienda,Hombre,Ocupado,6,2,3.0,32.0,5.0,,1
000042,18,1,Urbano,Lima Metropolitana,Adobe,Red publica dentro de la vivienda,Hombre,Desocupado,2,2,1.0,35.0,8.0,3.0,1
000043,16,1,Urbano,Lima Metropolitana,Adobe,"Rio, acequia o manantial",Mujer,Ocupado,5,3,1.67,39.0,10.0,2.0,0
000044,2,1,Rural,Sierra Norte,Ladrillo o Bloque de cemento,"Rio, acequia o manantial",Hombre,Ocupado,4,2,2.0,61.0,9.0,2.0,1
000045,16,1,Urbano,Lima Metropolitana,Ladrillo o Bloque de cemento,Red publica dentro de la vivienda,Hombre,Ocupado,4,2,2.0,42.0,11.0,6.0,0
000046,19,1,Urbano,Lima Metropolitana,Madera,Red publica dentro de la vivienda,Mujer,Ocupado,4,2,2.0,32.0,12.0,4.0,0
000047,10,1,Urbano,Sierra Centro,Adobe,Red publica dentro de la vivienda,Hombre,Ocupado,7,6,1.17,57.0,15.0,5.0,0
000048,6,1,Urbano,Sierra Norte,Ladrillo o Bloque de cemento,Red publica dentro de la vivienda,Mujer,Ocupado,4,4,1.0,31.0,13.0,6.0,0
000049,10,1,Urbano,Lima Metropolitana,Ladrillo o Bloque de cemento,Red publica fuera de la vivienda,Hombre,Inactivo,7,4,1.75,71.0,13.0,4.0,1
000050,8,1,Urbano,Costa Centro,Ladrillo o Bloque de cemento,Red publica dentro de la vivienda,Hombre,Ocupado,8,5,1.6,30.0,11.0,2.0,0
000051,7,1,Urbano,Costa Sur,Ladrillo o Bloque de cemento,Red publica dentro de la vivienda,Hombre,Desocupado,4,2,2.0,44.0,10.0,2.0,0
000052,15,1,Urbano,Costa Norte,Ladrillo o Bloque de cemento,Red publica dentro de la vivienda,Hombre,Inactivo,5,3,1.67,75.0,14.0,3.0,1
000053,3,1,Urbano,Lima Metropolitana,Ladrillo o Bloque de cemento,Red publica dentro de la vivienda,Hombre,Ocupado,6,4,1.5,43.0,13.0,6.0,0
000054,6,1,Urbano,Lima Metropolitana,Ladrillo o Bloque de cemento,Red publica dentro de la vivienda,Hombre,Ocupado,4,2,2.0,54.0,12.0,4.0,0
000055,11,1,Urbano,Lima Metropolitana,Ladrillo o Bloque de cemento,Red publica dentro de la vivienda,Hombre,Ocupado,5,3,1.67,46.0,8.0,4.0,1
000056,18,1,Urbano,Lima Metropolitana,Ladrillo o Bloque de cemento,Red publica fuera de la vivienda,Mujer,Ocupado,2,1,2.0,48.0,14.0,7.0,1
000057,2,1,Rural,Sierra Sur,Madera,Pozo,Hombre,Ocupado,3,3,1.0,37.0,8.0,3.0,0
000058,14,1,Rural,Selva,Otro material,Red publica fuera de la vivienda,Hombre,Ocupado,6,4,1.5,54.0,1.0,5.0,1
000059,17,1,Urbano,Costa Centro,Ladrillo o Bloque de cemento,Pozo,Hombre,Inactivo,5,3,1.67,67.0,11.0,4.0,1
000060,5,1,Urbano,Costa Centro,Adobe,Otro,Hombre,Ocupado,6,4,1.5,21.0,12.0,6.0,1
000061,17,1,Urbano,Lima Metropolitana,Ladrillo o Bloque de cemento,Red publica dentro de la vivienda,Hombre,Ocupado,2,1,2.0,35.0,12.0,2.0,0
000062,4,1,Rural,Sierra Sur,Ladrillo o Bloque de cemento,Pozo,Hombre,Ocupado,5,4,1.25,40.0,12.0,6.0,0
000063,8,1,Urbano,Selva,Madera,Red publica dentro de la vivienda,Mujer,Ocupado,6,2,3.0,36.0,16.0,3.0,0
000064,7,1,Urbano,Lima Metropolitana,Ladrillo o Bloque de cemento,Red publica dentro de la vivienda,Mujer,Ocupado,2,2,1.0,57.0,8.0,1.0,0
000065,6,1,Urbano,Lima Metropolitana,Ladrillo o Bloque de cemento,Red publica dentro de la vivienda,Hombre,Desocupado,3,2,1.5,40.0,12.0,3.0,1
000066,12,1,Rural,Selva,Adobe,Red publica dentro de la vivienda,Mujer,Ocupado,4,2,2.0,49.0,10.0,3.0,0
000067,15,1,Rural,Selva,Adobe,Red publica dentro de la vivienda,Hombre,Inactivo,4,3,1.33,69.0,6.0,4.0,1
000068,18,1,Rural,Sierra Norte,Ladrillo o Bloque de cemento,Pozo,Hombre,Ocupado,7,4,1.75,23.0,9.0,2.0,0
000069,9,1,Rural,Costa Norte,Madera,Red publica fuera de la vivienda,Mujer,Ocupado,9,6,1.5,52.0,4.0,5.0,1
000070,14,1,Urbano,Sierra Sur,Adobe,Red publica dentro de la vivienda,Hombre,Ocupado,6,3,2.0,46.0,6.0,3.0,0
000071,15,1,Urbano,Costa Sur,Ladrillo o Bloque de cemento,Red publica dentro de la vivienda,Mujer,Desocupado,4,4,1.0,46.0,13.0,3.0,1
000072,1,1,Urbano,Sierra Centro,Ladrillo o Bloque de cemento,Red publica dentro de la vivienda,Hombre,Ocupado,3,3,1.0,35.0,10.0,4.0,0
000073,8,1,Urbano,Lima Metropolitana,Adobe,Red publica dentro de la vivienda,Hombre,Ocupado,7,4,1.75,43.0,18.0,6.0,0
000074,19,1,Urbano,Costa Sur,Ladrillo o Bloque de cemento,Red publica dentro de la vivienda,Hombre,Ocupado,4,2,2.0,48.0,14.0,,0
000075,12,1,Urbano,Costa Norte,Ladrillo o Bloque de cemento,Red publica dentro de la vivienda,Mujer,Ocupado,3,2,1.5,45.0,8.0,2.0,0
000076,16,1,Rural,Sierra Norte,Adobe,Red publica fuera de la vivienda,Hombre,Ocupado,2,2,1.0,58.0,9.0,2.0,0
000077,17,1,Rural,Sierra Norte,Ladrillo o Bloque de cemento,"Rio, acequia o manantial",Hombre,Ocupado,5,2,2.5,33.0,6.0,2.0,1
000078,9,1,Urbano,Lima Metropolitana,Ladrillo o Bloque de cemento,Red publica dentro de la vivienda,Hombre,Ocupado,6,4,1.5,28.0,14.0,5.0,0
000079,15,1,Urbano,Selva,Adobe,Red publica dentro de la vivienda,Mujer,Ocupado,5,3,1.67,20.0,9.0,4.0,0
000080,14,1,Urbano,Lima Metropolitana,Ladrillo o Bloque de cemento,Red publica dentro de la vivienda,Mujer,Ocupado,4,2,2.0,50.0,13.0,3.0,0
000081,11,1,Urbano,Lima Metropolitana,Adobe,Red publica dentro de la vivienda,Hombre,Ocupado,4,2,2.0,59.0,16.0,5.0,0
000082,5,1,Urbano,Sierra Centro,Ladrillo o Bloque de cemento,Red publica dentro de la vivienda,Hombre,Ocupado,7,4,1.75,32.0,14.0,5.0,0
000083,4,1,Urbano,Lima Metropolitana,Ladrillo o Bloque de cemento,Red publica dentro de la vivienda,Hombre,Ocupado,2,2,1.0,30.0,16.0,5.0,0
000084,1,1,Urbano,Costa Centro,Adobe,Red publica dentro de la vivienda,Hombre,Inactivo,5,4,1.25,74.0,18.0,7.0,1
000085,3,1,Rural,Costa Norte,Adobe,"Rio, acequia o manantial",Hombre,Inactivo,4,4,1.0,66.0,5.0,3.0,1
000086,5,1,Urbano,Costa Norte,Ladrillo o Bloque de cemento,Red publica dentro de la vivienda,Hombre,Inactivo,7,5,1.4,67.0,17.0,3.0,1
000087,3,1,Urbano,Lima Metropolitana,Ladrillo o Bloque de cemento,Red publica dentro de la vivienda,Hombre,Desocupado,5,4,1.25,53.0,13.0,8.0,1
000088,14,1,Rural,Sierra Sur,Madera,Red publica dentro de la vivienda,Mujer,Ocupado,6,4,1.5,58.0,5.0,1.0,0
000089,5,1,Urbano,Costa Centro,Ladrillo o Bloque de cemento,Red publica dentro de la vivienda,Hombre,Ocupado,5,4,1.25,44.0,11.0,1.0,1
000090,10,1,Rural,Selva,Ladrillo o Bloque de cemento,Pozo,Hombre,Ocupado,8,7,1.14,28.0,9.0,4.0,0
000091,11,1,Urbano,Costa Centro,Ladrillo o Bloque de cemento,Red publica dentro de la vivienda,Hombre,Desocupado,6,2,3.0,29.0,10.0,5.0,1
000092,7,1,Urbano,Lima Metropolitana,Ladrillo o Bloque de cemento,Red publica dentro de la vivienda,Mujer,Ocupado,3,3,1.0,48.0,6.0,4.0,0
000093,15,1,Rural,Sierra Sur,Ladrillo o Bloque de cemento,"Rio, acequia o manantial",Mujer,Ocupado,2,1,2.0,61.0,9.0,1.0,1
000094,15,1,Urbano,Sierra Centro,Ladrillo o Bloque de cemento,Red publica dentro de la vivienda,Hombre,Ocupado,5,3,1.67,46.0,12.0,5.0,0
000095,14,1,Rural,Sierra Norte,Madera,Red publica dentro de la vivienda,Hombre,Ocupado,6,6,1.0,57.0,5.0,5.0,1
000096,16,1,Urbano,Lima Metropolitana,Madera,Red publica dentro de la vivienda,Hombre,Ocupado,5,4,1.25,47.0,8.0,,0
000097,15,1,Rural,Sierra Centro,Adobe,Pozo,Mujer,Ocupado,3,2,1.5,52.0,8.0,3.0,0
000098,7,1,Urbano,Costa Norte,Ladrillo o Bloque de cemento,Red publica dentro de la vivienda,Hombre,Ocupado,5,3,1.67,59.0,15.0,4.0,0
000099,10,1,Urbano,Costa Centro,Ladrillo o Bloque de cemento,Red publica dentro de la vivienda,Mujer,Inactivo,6,4,1.5,67.0,8.0,3.0,1
000100,19,1,Urbano,Lima Metropolitana,Ladrillo o Bloque de cemento,Pozo,Mujer,Ocupado,4,2,2.0,52.0,13.0,4.0,0
000101,11,1,Urbano,Lima Metropolitana,Ladrillo o Bloque de cemento,Red publica dentro de la vivienda,Hombre,Inactivo,6,5,1.2,75.0,18.0,4.0,1
000102,3,1,Urbano,Lima Metropolitana,Ladrillo o Bloque de cemento,Red publica dentro de la vivienda,Hombre,Desocupado,6,1,6.0,45.0,16.0,3.0,1
000103,9,1,Urbano,Sierra Norte,Adobe,Red publica dentro de la vivienda,Hombre,Inactivo,8,4,2.0,67.0,11.0,8.0,1
000104,19,1,Urbano,Lima Metropolitana,Ladrillo o Bloque de cemento,Red publica dentro de la vivienda,Mujer,Ocupado,8,4,2.0,56.0,12.0,4.0,1
000105,2,1,Urbano,Lima Metropolitana,Ladrillo o Bloque de cemento,Red publica dentro de la vivienda,Mujer,Ocupado,4,4,1.0,22.0,11.0,5.0,0
000106,11,1,Urbano,Lima Metropolitana,Ladrillo o Bloque de cemento,Red publica dentro de la vivienda,Mujer,Inactivo,6,4,1.5,68.0,13.0,6.0,0
000107,16,1,Rural,Sierra Sur,Madera,Red publica dentro de la vivienda,Hombre,Ocupado,5,3,1.67,35.0,5.0,2.0,1
000108,17,1,Urbano,Sierra Norte,Ladrillo o Bloque de cemento,Red publica dentro de la vivienda,Mujer,Ocupado,3,2,1.5,45.0,10.0,2.0,0
000109,10,1,Urbano,Costa Norte,Madera,Red publica dentro de la vivienda,Hombre,Ocupado,3,2,1.5,60.0,11.0,1.0,0
000110,9,1,Urbano,Lima Metropolitana,Otro material,Otro,Hombre,Desocupado,5,2,2.5,38.0,7.0,1.0,0
000111,8,1,Rural,Sierra Sur,Otro material,Red publica dentro de la vivienda,Hombre,Ocupado,6,3,2.0,47.0,6.0,4.0,1
000112,7,1,Urbano,Costa Sur,Ladrillo o Bloque de cemento,Red publica dentro de la vivienda,Mujer,Ocupado,4,3,1.33,57.0,,5.0,0
000113,15,1,Urbano,Sierra Norte,Ladrillo o Bloque de cemento,Red publica dentro de la vivienda,Hombre,Ocupado,2,2,1.0,36.0,7.0,4.0,0
000114,6,1,Urbano,Selva,Ladrillo o Bloque de cemento,Red publica dentro de la vivienda,Mujer,Ocupado,5,3,1.67,45.0,16.0,3.0,0
000115,6,1,Rural,Costa Centro,Adobe,,Hombre,Ocupado,4,2,2.0,43.0,10.0,4.0,1
000116,12,1,Urbano,Lima Metropolitana,Ladrillo o Bloque de cemento,Red publica fuera de la vivienda,Hombre,Ocupado,4,2,2.0,61.0,15.0,4.0,0
000117,18,1,Urbano,Lima Metropolitana,Otro material,"Rio, acequia o manantial",Hombre,Inactivo,6,4,1.5,70.0,11.0,1.0,1
000118,6,1,Urbano,Lima Metropolitana,Otro material,Red publica dentro de la vivienda,Hombre,Ocupado,7,6,1.17,33.0,16.0,5.0,0
000119,2,1,Rural,Sierra Sur,Madera,Red publica dentro de la vivienda,Hombre,Ocupado,4,1,4.0,49.0,13.0,5.0,0
000120,14,1,Urbano,Lima Metropolitana,Ladrillo o Bloque de cemento,Red publica dentro de la vivienda,Hombre,Ocupado,3,3,1.0,41.0,16.0,4.0,0
000121,14,1,Rural,Selva,Madera,Red publica fuera de la vivienda,Hombre,Ocupado,6,4,1.5,48.0,8.0,3.0,0
000122,8,1,Urbano,Lima Metropolitana,Ladrillo o Bloque de cemento,Red publica dentro de la vivienda,Mujer,Inactivo,3,2,1.5,73.0,13.0,6.0,1
000123,8,1,Urbano,Costa Norte,Ladrillo o Bloque de cemento,Red publica dentro de la vivienda,Mujer,Ocupado,5,3,1.67,53.0,9.0,3.0,0
000124,4,1,Rural,Sierra Sur,Madera,Red publica fuera de la vivienda,Mujer,Ocupado,3,3,1.0,40.0,7.0,,0
000125,7,1,Urbano,Costa Norte,Ladrillo o Bloque de cemento,Red publica dentro de la vivienda,Mujer,Ocupado,3,2,1.5,29.0,13.0,6.0,0
000126,12,1,Rural,Sierra Sur,Madera,Red publica dentro de la vivienda,Mujer,Ocupado,3,2,1.5,62.0,7.0,5.0,0
000127,2,1,Rural,Sierra Norte,Adobe,"Rio, acequia o manantial",Mujer,Ocupado,8,2,4.0,42.0,7.0,5.0,1
000128,1,1,Urbano,Costa Centro,Ladrillo o Bloque de cemento,Red publica dentro de la vivienda,Mujer,Ocupado,4,3,1.33,37.0,11.0,3.0,0
000129,7,1,Urbano,Costa Centro,,Pozo,Hombre,Ocupado,5,2,2.5,52.0,17.0,3.0,1
000130,11,1,Rural,Selva,Adobe,Red publica dentro de la vivienda,Hombre,Ocupado,3,3,1.0,56.0,7.0,2.0,0
000131,18,1,Urbano,Costa Centro,Ladrillo o Bloque de cemento,Red publica dentro de la vivienda,Hombre,Ocupado,3,2,1.5,43.0,12.0,8.0,0
000132,3,1,Urbano,Lima Metropolitana,Ladrillo o Bloque de cemento,Red publica dentro de la vivienda,Hombre,Ocupado,4,4,1.0,35.0,5.0,1.0,0
000133,7,1,Urbano,Selva,Ladrillo o Bloque de cemento,Red publica dentro de la vivienda,Mujer,Inactivo,9,3,3.0,67.0,14.0,2.0,1
000134,3,1,Urbano,Sierra Centro,Ladrillo o Bloque de cemento,Red publica dentro de la vivienda,Hombre,Ocupado,3,3,1.0,58.0,,5.0,0
000135,7,1,Rural,Selva,Adobe,Red publica dentro de la vivienda,Hombre,Ocupado,4,4,1.0,62.0,9.0,2.0,1
000136,18,1,Urbano,Costa Norte,Madera,Red publica dentro de la vivienda,Hombre,Ocupado,1,1,1.0,43.0,13.0,3.0,0
000137,18,1,Urbano,Lima Metropolitana,Ladrillo o Bloque de cemento,Red publica dentro de la vivienda,Mujer,Ocupado,1,1,1.0,36.0,10.0,4.0,0
000138,18,1,Rural,Sierra Sur,Otro material,Red publica dentro de la vivienda,Hombre,Ocupado,2,1,2.0,41.0,6.0,4.0,0
000139,15,1,Urbano,Lima Metropolitana,Ladrillo o Bloque de cemento,Red publica dentro de la vivienda,Hombre,Ocupado,5,4,1.25,27.0,18.0,4.0,0
000140,12,1,Urbano,Costa Norte,Ladrillo o Bloque de cemento,Red publica fuera de la vivienda,Hombre,Ocupado,3,2,1.5,43.0,7.0,3.0,0
000141,4,1,Rural,Sierra Sur,Madera,Pozo,Hombre,Ocupado,6,3,2.0,39.0,3.0,4.0,1
000142,8,1,Rural,Sierra Sur,Adobe,Red publica dentro de la vivienda,Mujer,Ocupado,7,4,1.75,47.0,2.0,5.0,0
000143,11,1,Urbano,Lima Metropolitana,Ladrillo o Bloque de cemento,Red publica dentro de la vivienda,Hombre,Ocupado,4,4,1.0,49.0,12.0,7.0,0
000144,17,1,Rural,Selva,Adobe,Red publica dentro de la vivienda,Hombre,Ocupado,3,2,1.5,49.0,12.0,6.0,0
000145,2,1,Urbano,Sierra Sur,Adobe,Red publica dentro de la vivienda,Mujer,Ocupado,5,2,2.5,40.0,12.0,5.0,0
000146,1,1,Urbano,Sierra Norte,Adobe,Red publica dentro de la vivienda,Mujer,Ocupado,7,6,1.17,31.0,15.0,3.0,0
000147,17,1,Rural,Sierra Centro,Madera,Red publica dentro de la vivienda,Hombre,Ocupado,7,4,1.75,28.0,0.0,1.0,0
000148,9,1,Rural,Selva,Madera,Otro,Mujer,Ocupado,5,2,2.5,51.0,4.0,7.0,0
000149,17,1,Urbano,Sierra Sur,Ladrillo o Bloque de cemento,Red publica dentro de la vivienda,Mujer,Ocupado,6,4,1.5,50.0,9.0,4.0,0
000150,12,1,Rural,Costa Norte,Adobe,Pozo,Hombre,Ocupado,5,3,1.67,29.0,12.0,3.0,1
000151,7,1,Urbano,Lima Metropolitana,Ladrillo o Bloque de cemento,Red publica dentro de la vivienda,Hombre,Inactivo,3,3,1.0,68.0,13.0,3.0,1
000152,5,1,Urbano,Lima Metropolitana,Ladrillo o Bloque de cemento,Red publica dentro de la vivienda,Hombre,Ocupado,4,2,2.0,60.0,13.0,5.0,0
000153,13,1,Urbano,Costa Centro,Ladrillo o Bloque de cemento,"Rio, acequia o manantial",Mujer,Ocupado,5,3,1.67,34.0,12.0,5.0,0
000154,18,1,Urbano,Selva,Ladrillo o Bloque de cemento,Red publica dentro de la vivienda,Hombre,Ocupado,5,3,1.67,52.0,11.0,5.0,0
000155,11,1,Urbano,Costa Centro,Ladrillo o Bloque de cemento,Red publica dentro de la vivienda,Hombre,Ocupado,3,3,1.0,46.0,18.0,5.0,0
000156,19,1,Urbano,Lima Metropolitana,Ladrillo o Bloque de cemento,Red publica dentro de la vivienda,Hombre,Ocupado,5,3,1.67,52.0,18.0,4.0,0
000157,12,1,Urbano,Sierra Norte,Ladrillo o Bloque de cemento,Red publica dentro de la vivienda,Mujer,Ocupado,5,3,1.67,50.0,15.0,7.0,0
000158,16,1,Urbano,Lima Metropolitana,Madera,Red publica dentro de la vivienda,Hombre,Ocupado,5,2,2.5,57.0,16.0,4.0,0
000159,1,1,Urbano,Lima Metropolitana,Ladrillo o Bloque de cemento,Pozo,Hombre,Inactivo,9,3,3.0,69.0,11.0,5.0,0
000160,18,1,Urbano,Lima Metropolitana,Ladrillo o Bloque de cemento,Red publica dentro de la vivienda,Hombre,Ocupado,4,4,1.0,52.0,14.0,5.0,0
000161,2,1,Urbano,Costa Centro,Ladrillo o Bloque de cemento,Red publica dentro de la vivienda,Hombre,Ocupado,5,3,1.67,55.0,5.0,5.0,0
000162,18,1,Urbano,Lima Metropolitana,Ladrillo o Bloque de cemento,Red publica dentro de la vivienda,Mujer,Inactivo,4,3,1.33,69.0,11.0,3.0,0
000163,16,1,Urbano,Costa Sur,Ladrillo o Bloque de cemento,Red publica dentro de la vivienda,Hombre,Ocupado,5,3,1.67,40.0,6.0,2.0,0
000164,3,1,Urbano,Costa Norte,Ladrillo o Bloque de cemento,Red publica dentro de la vivienda,Hombre,Ocupado,5,3,1.67,35.0,13.0,6.0,0
000165,14,1,Rural,Selva,Ladrillo o Bloque de cemento,Otro,Mujer,Ocupado,6,4,1.5,57.0,7.0,3.0,1
000166,9,1,Urbano,Sierra Centro,Otro material,Red publica dentro de la vivienda,Hombre,Ocupado,8,4,2.0,31.0,14.0,6.0,1
000167,15,1,Urbano,Lima Metropolitana,Ladrillo o Bloque de cemento,Red publica dentro de la vivienda,Hombre,Ocupado,2,1,2.0,37.0,15.0,6.0,0
000168,16,1,Urbano,Lima Metropolitana,Madera,Red publica dentro de la vivienda,Hombre,Inactivo,3,2,1.5,69.0,16.0,5.0,0
000169,6,1,Rural,Sierra Norte,Madera,Otro,Hombre,Ocupado,4,4,1.0,24.0,4.0,6.0,1
000170,15,1,Urbano,Lima Metropolitana,Ladrillo o Bloque de cemento,Red publica fuera de la vivienda,Hombre,Ocupado,2,2,1.0,,7.0,4.0,0
000171,4,1,Urbano,Sierra Norte,Ladrillo o Bloque de cemento,Red publica dentro de la vivienda,Hombre,Ocupado,5,3,1.67,28.0,18.0,4.0,0
000172,8,1,Urbano,Selva,Ladrillo o Bloque de cemento,Red publica fuera de la vivienda,Hombre,Ocupado,6,6,1.0,54.0,,5.0,0
000173,6,1,Urbano,Sierra Norte,Ladrillo o Bloque de cemento,Red publica dentro de la vivienda,Hombre,Inactivo,5,2,2.5,74.0,11.0,6.0,1
000174,18,1,Urbano,Lima Metropolitana,Ladrillo o Bloque de cemento,Red publica dentro de la vivienda,Hombre,Ocupado,4,3,1.33,34.0,16.0,4.0,0
000175,19,1,Rural,Costa Centro,Ladrillo o Bloque de cemento,"Rio, acequia o manantial",Hombre,Ocupado,9,5,1.8,19.0,6.0,5.0,1
000176,3,1,Urbano,Costa Norte,Ladrillo o Bloque de cemento,Red publica dentro de la vivienda,Hombre,Ocupado,7,2,3.5,53.0,8.0,3.0,1
000177,1,1,Urbano,Sierra Sur,Ladrillo o Bloque de cemento,Red publica dentro de la vivienda,Hombre,Ocupado,3,2,1.5,39.0,18.0,5.0,0
000178,7,1,Urbano,Lima Metropolitana,Ladrillo o Bloque de cemento,Red publica dentro de la vivienda,Hombre,Ocupado,5,3,1.67,45.0,11.0,6.0,0
000179,9,1,Urbano,Lima Metropolitana,Ladrillo o Bloque de cemento,Red publica dentro de la vivienda,Mujer,Ocupado,6,2,3.0,53.0,18.0,5.0,0
000180,5,1,Urbano,Lima Metropolitana,Ladrillo o Bloque de cemento,Red publica dentro de la vivienda,Hombre,Desocupado,5,4,1.25,56.0,14.0,8.0,1
000181,8,1,Urbano,Lima Metropolitana,Ladrillo o Bloque de cemento,Red publica dentro de la vivienda,Hombre,Ocupado,4,3,1.33,56.0,16.0,7.0,0
000182,15,1,Urbano,Lima Metropolitana,Ladrillo o Bloque de cemento,Red publica dentro de la vivienda,Mujer,Ocupado,5,3,1.67,48.0,16.0,6.0,0
000183,19,1,Urbano,Selva,Ladrillo o Bloque de cemento,Red publica dentro de la vivienda,Hombre,Ocupado,6,5,1.2,54.0,10.0,3.0,1
000184,10,1,Rural,Sierra Norte,Adobe,Pozo,Hombre,Ocupado,5,5,1.0,45.0,9.0,3.0,0
000185,18,1,Urbano,Lima Metropolitana,Ladrillo o Bloque de cemento,Red publica dentro de la vivienda,Mujer,Ocupado,5,3,1.67,43.0,18.0,3.0,0
000186,5,1,Urbano,Lima Metropolitana,Ladrillo o Bloque de cemento,Red publica dentro de la vivienda,Hombre,Ocupado,7,7,1.0,48.0,17.0,8.0,0
000187,3,1,Rural,Sierra Centro,Ladrillo o Bloque de cemento,Red publica dentro de la vivienda,Mujer,Ocupado,3,2,1.5,56.0,11.0,2.0,0
000188,12,1,Urbano,Costa Norte,Ladrillo o Bloque de cemento,Red publica dentro de la vivienda,Hombre,Ocupado,3,1,3.0,39.0,14.0,5.0,1
000189,17,1,Urbano,Lima Metropolitana,,Red publica dentro de la vivienda,Hombre,Ocupado,4,4,1.0,51.0,13.0,5.0,0
000190,5,1,Urbano,Sierra Norte,,Red publica dentro de la vivienda,Hombre,Ocupado,5,3,1.67,42.0,9.0,4.0,1
000191,3,1,Urbano,Lima Metropolitana,Ladrillo o Bloque de cemento,Red publica dentro de la vivienda,Hombre,Ocupado,3,3,1.0,38.0,18.0,5.0,0
000192,8,1,Urbano,Sierra Norte,Ladrillo o Bloque de cemento,Red publica dentro de la vivienda,Mujer,Ocupado,6,5,1.2,,10.0,3.0,0
000193,3,1,Rural,Costa Centro,Adobe,Red publica dentro de la vivienda,Hombre,Ocupado,2,1,2.0,53.0,5.0,1.0,0
000194,13,1,Urbano,Lima Metropolitana,Ladrillo o Bloque de cemento,Red publica dentro de la vivienda,Hombre,Ocupado,4,3,1.33,53.0,13.0,4.0,0
000195,14,1,Urbano,Costa Centro,Ladrillo o Bloque de cemento,Red publica dentro de la vivienda,Hombre,Ocupado,6,3,2.0,35.0,7.0,1.0,0
000196,1,1,Urbano,Costa Centro,Ladrillo o Bloque de cemento,Red publica dentro de la vivienda,Hombre,Ocupado,6,4,1.5,45.0,10.0,3.0,0
000197,9,1,Urbano,Selva,Ladrillo o Bloque de cemento,Red publica dentro de la vivienda,Hombre,Ocupado,1,1,1.0,,9.0,5.0,0
000198,16,1,Urbano,Lima Metropolitana,Ladrillo o Bloque de cemento,Red publica dentro de la vivienda,Hombre,Ocupado,2,1,2.0,53.0,8.0,2.0,0
000199,9,1,Urbano,Costa Sur,Ladrillo o Bloque de cemento,Red publica fuera de la vivienda,Hombre,Inactivo,8,6,1.33,84.0,7.0,4.0,0
000200,8,1,Rural,Sierra Norte,Adobe,Red publica dentro de la vivienda,Hombre,Ocupado,3,2,1.5,51.0,7.0,4.0,0
000201,2,1,Urbano,Lima Metropolitana,Madera,Red publica dentro de la vivienda,Mujer,Ocupado,7,5,1.4,39.0,16.0,5.0,0
000202,4,1,Urbano,Lima Metropolitana,Ladrillo o Bloque de cemento,Red publica dentro de la vivienda,Hombre,Ocupado,4,2,2.0,42.0,13.0,3.0,0
000203,10,1,Rural,Selva,Madera,"Rio, acequia o manantial",Hombre,Ocupado,7,3,2.33,36.0,3.0,7.0,1
000204,5,1,Urbano,Costa Centro,Ladrillo o Bloque de cemento,Red publica dentro de la vivienda,Hombre,Ocupado,7,3,2.33,39.0,9.0,6.0,0
000205,13,1,Urbano,Costa Norte,Ladrillo o Bloque de cemento,Red publica dentro de la vivienda,Mujer,Desocupado,6,5,1.2,49.0,12.0,3.0,1
000206,2,1,Urbano,Costa Sur,Ladrillo o Bloque de cemento,Red publica dentro de la vivienda,Hombre,Ocupado,6,4,1.5,42.0,15.0,5.0,0
000207,5,1,Urbano,Costa Centro,Adobe,Red publica dentro de la vivienda,Hombre,Inactivo,7,6,1.17,67.0,14.0,5.0,1
000208,7,1,Urbano,Lima Metropolitana,Ladrillo o Bloque de cemento,Red publica dentro de la vivienda,Hombre,Ocupado,4,3,1.33,60.0,14.0,5.0,0
000209,8,1,Urbano,Costa Centro,Ladrillo o Bloque de cemento,Red publica dentro de la vivienda,Hombre,Ocupado,3,2,1.5,60.0,16.0,6.0,0
000210,14,1,Urbano,Selva,Ladrillo o Bloque de cemento,Red publica dentro de la vivienda,Hombre,Ocupado,3,3,1.0,44.0,10.0,4.0,0
000211,13,1,Urbano,Lima Metropolitana,,Red publica dentro de la vivienda,Hombre,Ocupado,4,3,1.33,61.0,9.0,5.0,0
000212,13,1,Urbano,Selva,Adobe,Red publica dentro de la vivienda,Hombre,Ocupado,5,1,5.0,62.0,10.0,2.0,0
000213,2,1,Urbano,Costa Sur,Ladrillo o Bloque de cemento,Red publica dentro de la vivienda,Hombre,Inactivo,1,1,1.0,70.0,15.0,3.0,0
000214,14,1,Urbano,Lima Metropolitana,Ladrillo o Bloque de cemento,Red publica dentro de la vivienda,Hombre,Ocupado,6,4,1.5,40.0,15.0,4.0,0
000215,5,1,Urbano,Lima Metropolitana,Ladrillo o Bloque de cemento,Red publica dentro de la vivienda,Hombre,Ocupado,4,3,1.33,48.0,16.0,7.0,0
000216,17,1,Urbano,Lima Metropolitana,Ladrillo o Bloque de cemento,Red publica dentro de la vivienda,Mujer,Ocupado,5,2,2.5,37.0,13.0,5.0,1
000217,3,1,Urbano,Costa Centro,Ladrillo o Bloque de cemento,Red publica dentro de la vivienda,Hombre,Inactivo,5,2,2.5,85.0,12.0,8.0,1
000218,17,1,Urbano,Costa Centro,Ladrillo o Bloque de cemento,Red publica dentro de la vivienda,Hombre,Ocupado,6,3,2.0,45.0,11.0,3.0,1
000219,10,1,Urbano,Lima Metropolitana,Ladrillo o Bloque de cemento,Red publica dentro de la vivienda,Mujer,Inactivo,3,2,1.5,66.0,10.0,3.0,0
000220,17,1,Urbano,Sierra Centro,Ladrillo o Bloque de cemento,Red publica dentro de la vivienda,Mujer,Ocupado,1,1,1.0,50.0,11.0,3.0,0
000221,7,1,Rural,Sierra Norte,Madera,Red publica dentro de la vivienda,Hombre,Ocupado,6,4,1.5,60.0,,5.0,1
000222,11,1,Urbano,Sierra Sur,Ladrillo o Bloque de cemento,Red publica dentro de la vivienda,Hombre,Ocupado,6,5,1.2,48.0,10.0,8.0,0
000223,14,1,Urbano,Lima Metropolitana,Ladrillo o Bloque de cemento,Otro,Hombre,Ocupado,5,3,1.67,61.0,,6.0,0
000224,8,1,Urbano,Lima Metropolitana,Adobe,Pozo,Hombre,Ocupado,4,3,1.33,52.0,13.0,4.0,0
000225,19,1,Rural,Sierra Norte,Ladrillo o Bloque de cemento,Red publica fuera de la vivienda,Mujer,Inactivo,3,1,3.0,72.0,11.0,3.0,1
000226,15,1,Urbano,Lima Metropolitana,Ladrillo o Bloque de cemento,Red publica dentro de la vivienda,Hombre,Ocupado,5,3,1.67,52.0,10.0,3.0,0
000227,1,1,Urbano,Costa Norte,Ladrillo o Bloque de cemento,Red publica dentro de la vivienda,Mujer,Ocupado,7,4,1.75,38.0,10.0,2.0,1
000228,9,1,Rural,Selva,Adobe,Red publica fuera de la vivienda,Hombre,Ocupado,6,2,3.0,55.0,1.0,4.0,1
000229,1,1,Urbano,Lima Metropolitana,Ladrillo o Bloque de cemento,Red publica dentro de la vivienda,Hombre,Ocupado,1,1,1.0,48.0,10.0,5.0,0
000230,18,1,Urbano,Costa Centro,Ladrillo o Bloque de cemento,Red publica dentro de la vivienda,Mujer,Ocupado,4,2,2.0,34.0,13.0,4.0,0
000231,4,1,Urbano,Costa Centro,Ladrillo o Bloque de cemento,Red publica dentro de la vivienda,Hombre,Ocupado,4,4,1.0,53.0,14.0,4.0,0
000232,15,1,Rural,Sierra Sur,Ladrillo o Bloque de cemento,Red publica fuera de la vivienda,Hombre,Ocupado,6,5,1.2,39.0,9.0,4.0,0
000233,13,1,Urbano,Lima Metropolitana,Ladrillo o Bloque de cemento,Otro,Hombre,Ocupado,6,5,1.2,45.0,17.0,4.0,0
000234,15,1,Urbano,Selva,Ladrillo o Bloque de cemento,Red publica dentro de la vivienda,Hombre,Ocupado,5,3,1.67,49.0,,4.0,0
000235,11,1,Urbano,Lima Metropolitana,Ladrillo o Bloque de cemento,Red publica dentro de la vivienda,Hombre,Ocupado,7,5,1.4,20.0,13.0,4.0,0
000236,16,1,Urbano,Lima Metropolitana,Ladrillo o Bloque de cemento,Red publica fuera de la vivienda,Hombre,Ocupado,5,2,2.5,42.0,15.0,3.0,0
000237,5,1,Urbano,Sierra Sur,Madera,Red publica dentro de la vivienda,Mujer,Ocupado,2,2,1.0,61.0,9.0,5.0,0
000238,3,1,Urbano,Lima Metropolitana,Madera,Red publica dentro de la vivienda,Hombre,Ocupado,5,3,1.67,45.0,8.0,5.0,0
000239,5,1,Urbano,Costa Norte,Adobe,Red publica dentro de la vivienda,Hombre,Ocupado,5,4,1.25,21.0,10.0,4.0,0
000240,18,1,Urbano,Costa Centro,Madera,Red publica dentro de la vivienda,Mujer,Desocupado,7,5,1.4,47.0,11.0,5.0,1
000241,12,1,Urbano,Lima Metropolitana,,Red publica dentro de la vivienda,Mujer,Ocupado,5,3,1.67,55.0,13.0,7.0,0
000242,3,1,Urbano,Lima Metropolitana,Ladrillo o Bloque de cemento,Red publica dentro de la vivienda,Hombre,Ocupado,4,3,1.33,44.0,10.0,4.0,0
000243,4,1,Urbano,Costa Sur,Ladrillo o Bloque de cemento,Red publica dentro de la vivienda,Hombre,Ocupado,5,4,1.25,44.0,9.0,7.0,0
000244,18,1,Rural,Selva,Madera,"Rio, acequia o manantial",Hombre,Ocupado,3,3,1.0,42.0,9.0,3.0,0
000245,6,1,Urbano,Selva,Adobe,Red publica dentro de la vivienda,Mujer,Ocupado,3,2,1.5,57.0,8.0,3.0,1
000246,5,1,Urbano,Lima Metropolitana,Ladrillo o Bloque de cemento,Red publica dentro de la vivienda,Hombre,Ocupado,5,4,1.25,36.0,13.0,2.0,0
000247,4,1,Rural,Selva,Madera,Pozo,Hombre,Ocupado,4,1,4.0,56.0,5.0,,0
000248,18,1,Rural,Sierra Sur,Adobe,Pozo,Hombre,Ocupado,9,6,1.5,44.0,2.0,3.0,0
000249,8,1,Rural,Sierra Centro,Ladrillo o Bloque de cemento,"Rio, acequia o manantial",Mujer,Inactivo,4,3,1.33,66.0,6.0,4.0,0
000250,15,1,Rural,Sierra Sur,Ladrillo o Bloque de cemento,Red publica dentro de la vivienda,Mujer,Ocupado,5,5,1.0,41.0,4.0,3.0,0
000251,19,1,Urbano,Lima Metropolitana,Ladrillo o Bloque de cemento,Red publica dentro de la vivienda,Mujer,Ocupado,4,3,1.33,32.0,12.0,6.0,1
000252,3,1,Urbano,Lima Metropolitana,Madera,Red publica dentro de la vivienda,Hombre,Ocupado,3,3,1.0,57.0,13.0,2.0,0
000253,18,1,Urbano,Sierra Sur,Ladrillo o Bloque de cemento,Red publica dentro de la vivienda,Mujer,Ocupado,4,2,2.0,55.0,4.0,3.0,1
000254,15,1,Urbano,Sierra Norte,Ladrillo o Bloque de cemento,Red publica dentro de la vivienda,Hombre,Ocupado,5,4,1.25,54.0,15.0,2.0,0
000255,10,1,Urbano,Costa Sur,Ladrillo o Bloque de cemento,Red publica dentro de la vivienda,Hombre,Ocupado,4,2,2.0,60.0,18.0,4.0,0
000256,13,1,Urbano,Lima Metropolitana,Madera,Red publica dentro de la vivienda,Hombre,Ocupado,4,2,2.0,34.0,10.0,4.0,1
000257,13,1,Urbano,Lima Metropolitana,Madera,Red publica fuera de la vivienda,Hombre,Ocupado,5,4,1.25,37.0,11.0,3.0,0
000258,6,1,Urbano,Costa Centro,Ladrillo o Bloque de cemento,Red publica dentro de la vivienda,Hombre,Inactivo,3,2,1.5,66.0,9.0,4.0,1
000259,10,1,Urbano,Costa Norte,Ladrillo o Bloque de cemento,Red publica fuera de la vivienda,Hombre,Ocupado,7,3,2.33,54.0,8.0,3.0,1
000260,5,1,Urbano,Selva,Ladrillo o Bloque de cemento,Red publica dentro de la vivienda,Mujer,Ocupado,5,2,2.5,42.0,18.0,4.0,0
000261,14,1,Urbano,Costa Centro,Ladrillo o Bloque de cemento,Red publica dentro de la vivienda,Hombre,Ocupado,4,1,4.0,23.0,10.0,5.0,1
000262,7,1,Urbano,Lima Metropolitana,Ladrillo o Bloque de cemento,Red publica dentro de la vivienda,Hombre,Ocupado,3,2,1.5,31.0,15.0,3.0,0
000263,7,1,Urbano,Sierra Norte,Adobe,Red publica dentro de la vivienda,Mujer,Ocupado,7,5,1.4,35.0,15.0,3.0,0
000264,9,1,Urbano,Costa Centro,Ladrillo o Bloque de cemento,Red publica dentro de la vivienda,Hombre,Ocupado,5,5,1.0,40.0,15.0,8.0,0
000265,19,1,Urbano,Lima Metropolitana,Ladrillo o Bloque de cemento,Red publica dentro de la vivienda,Mujer,Ocupado,4,2,2.0,52.0,17.0,4.0,0
000266,8,1,Urbano,Costa Centro,Ladrillo o Bloque de cemento,Red publica fuera de la vivienda,Mujer,Ocupado,3,2,1.5,29.0,7.0,4.0,0
000267,9,1,Urbano,Sierra Norte,Ladrillo o Bloque de cemento,Red publica dentro de la vivienda,Mujer,Desocupado,4,3,1.33,41.0,14.0,4.0,0
000268,11,1,Urbano,Costa Centro,Ladrillo o Bloque de cemento,Red publica dentro de la vivienda,Hombre,Ocupado,4,3,1.33,30.0,10.0,4.0,0
000269,17,1,Urbano,Costa Centro,Ladrillo o Bloque de cemento,Otro,Mujer,Ocupado,7,3,2.33,42.0,17.0,5.0,0
000270,1,1,Urbano,Costa Norte,Ladrillo o Bloque de cemento,Red publica fuera de la vivienda,Hombre,Inactivo,5,4,1.25,81.0,9.0,4.0,1
000271,3,1,Urbano,Costa Norte,Ladrillo o Bloque de cemento,Red publica dentro de la vivienda,Hombre,Inactivo,4,4,1.0,65.0,8.0,3.0,1
000272,11,1,Rural,Costa Centro,Ladrillo o Bloque de cemento,Otro,Mujer,Ocupado,4,3,1.33,56.0,7.0,4.0,0
000273,11,1,Urbano,Costa Norte,Ladrillo o Bloque de cemento,Red publica dentro de la vivienda,Mujer,Ocupado,4,2,2.0,41.0,13.0,2.0,0
000274,16,1,Urbano,Selva,Ladrillo o Bloque de cemento,Red publica dentro de la vivienda,Mujer,Ocupado,5,4,1.25,33.0,6.0,4.0,0
000275,17,1,Urbano,Lima Metropolitana,Ladrillo o Bloque de cemento,Red publica dentro de la vivienda,Mujer,Ocupado,4,3,1.33,,11.0,3.0,0
000276,16,1,Rural,Sierra Centro,Ladrillo o Bloque de cemento,Red publica dentro de la vivienda,Hombre,Ocupado,5,3,1.67,26.0,3.0,1.0,0
000277,15,1,Rural,Sierra Norte,Otro material,Red publica dentro de la vivienda,Hombre,Ocupado,5,2,2.5,57.0,10.0,5.0,0
000278,18,1,Urbano,Selva,Ladrillo o Bloque de cemento,Red publica dentro de la vivienda,Hombre,Ocupado,1,1,1.0,45.0,9.0,4.0,0
000279,4,1,Urbano,Lima Metropolitana,Ladrillo o Bloque de cemento,Red publica dentro de la vivienda,Hombre,Ocupado,5,3,1.67,48.0,16.0,8.0,0
000280,2,1,Urbano,Lima Metropolitana,Ladrillo o Bloque de cemento,Red publica dentro de la vivienda,Hombre,Desocupado,4,3,1.33,25.0,10.0,6.0,1
000281,10,1,Urbano,Costa Norte,Adobe,Red publica dentro de la vivienda,Hombre,Ocupado,9,5,1.8,49.0,12.0,4.0,1
000282,6,1,Urbano,Costa Sur,Madera,Red publica dentro de la vivienda,Hombre,Ocupado,6,3,2.0,45.0,7.0,4.0,0
000283,17,1,Urbano,Costa Sur,Ladrillo o Bloque de cemento,Red publica dentro de la vivienda,Mujer,Ocupado,2,1,2.0,35.0,11.0,5.0,0
000284,9,1,Rural,Sierra Norte,Adobe,Red publica dentro de la vivienda,Mujer,Desocupado,4,3,1.33,51.0,3.0,2.0,1
000285,12,1,Rural,Selva,Otro material,Pozo,Hombre,Ocupado,4,1,4.0,42.0,12.0,6.0,0
000286,13,1,Rural,Sierra Sur,Madera,"Rio, acequia o manantial",Hombre,Ocupado,3,3,1.0,52.0,10.0,2.0,0
000287,13,1,Urbano,Costa Norte,Ladrillo o Bloque de cemento,Otro,Hombre,Ocupado,3,1,3.0,57.0,12.0,6.0,1
000288,2,1,Urbano,Sierra Centro,Ladrillo o Bloque de cemento,Red publica dentro de la vivienda,Hombre,Desocupado,6,5,1.2,33.0,15.0,7.0,1
000289,4,1,Rural,Selva,Adobe,Red publica fuera de la vivienda,Hombre,Ocupado,4,4,1.0,49.0,5.0,2.0,0
000290,11,1,Urbano,Costa Centro,Ladrillo o Bloque de cemento,Red publica dentro de la vivienda,Mujer,Ocupado,4,2,2.0,49.0,13.0,4.0,0
000291,7,1,Urbano,Lima Metropolitana,Ladrillo o Bloque de cemento,Red publica dentro de la vivienda,Hombre,Inactivo,1,1,1.0,65.0,12.0,6.0,0
000292,10,1,Urbano,Costa Norte,Ladrillo o Bloque de cemento,Red publica dentro de la vivienda,Hombre,Ocupado,4,1,4.0,60.0,13.0,4.0,1
000293,3,1,Urbano,Lima Metropolitana,Ladrillo o Bloque de cemento,Red publica dentro de la vivienda,Mujer,Ocupado,8,4,2.0,43.0,13.0,8.0,0
000294,12,1,Rural,Costa Norte,Adobe,Red publica dentro de la vivienda,Hombre,Ocupado,2,2,1.0,42.0,7.0,8.0,0
000295,6,1,Urbano,Lima Metropolitana,Adobe,"Rio, acequia o manantial",Hombre,Ocupado,4,1,4.0,50.0,7.0,2.0,0
000296,1,1,Urbano,Lima Metropolitana,Otro material,Red publica dentro de la vivienda,Mujer,Ocupado,5,2,2.5,32.0,11.0,3.0,0
000297,11,1,Urbano,Lima Metropolitana,,Red publica dentro de la vivienda,Hombre,Ocupado,9,9,1.0,,18.0,2.0,0
000298,9,1,Urbano,Lima Metropolitana,Ladrillo o Bloque de cemento,Red publica dentro de la vivienda,Hombre,Ocupado,4,3,1.33,41.0,12.0,5.0,0
000299,4,1,Rural,Lima Metropolitana,Adobe,"Rio, acequia o manantial",Hombre,Ocupado,8,6,1.33,18.0,6.0,4.0,1
000300,18,1,Urbano,Lima Metropolitana,Adobe,Red publica dentro de la vivienda,Hombre,Ocupado,3,1,3.0,34.0,13.0,2.0,0
000301,7,1,Urbano,Lima Metropolitana,Adobe,Red publica dentro de la vivienda,Hombre,Ocupado,6,4,1.5,43.0,8.0,5.0,0
000302,4,1,Urbano,Costa Centro,Ladrillo o Bloque de cemento,Red publica dentro de la vivienda,Mujer,Inactivo,4,4,1.0,87.0,10.0,4.0,0
000303,6,1,Rural,Selva,Ladrillo o Bloque de cemento,"Rio, acequia o manantial",Hombre,Desocupado,6,4,1.5,39.0,7.0,4.0,1
000304,3,1,Urbano,Selva,Adobe,Red publica dentro de la vivienda,Mujer,Ocupado,4,3,1.33,57.0,13.0,7.0,0
000305,13,1,Urbano,Lima Metropolitana,Ladrillo o Bloque de cemento,Red publica dentro de la vivienda,Hombre,Desocupado,3,2,1.5,45.0,14.0,4.0,1
000306,12,1,Rural,Sierra Sur,Adobe,Red publica dentro de la vivienda,Mujer,Desocupado,4,2,2.0,54.0,12.0,4.0,0
000307,1,1,Urbano,Sierra Centro,Adobe,Red publica dentro de la vivienda,Hombre,Ocupado,4,3,1.33,33.0,9.0,2.0,0
000308,16,1,Urbano,Lima Metropolitana,Madera,Red publica dentro de la vivienda,Hombre,Ocupado,4,3,1.33,26.0,8.0,6.0,0
000309,3,1,Rural,Sierra Norte,Madera,Pozo,Hombre,Inactivo,3,2,1.5,67.0,6.0,5.0,1
000310,15,1,Urbano,Costa Centro,Ladrillo o Bloque de cemento,Red publica dentro de la vivienda,Hombre,Ocupado,4,3,1.33,29.0,9.0,2.0,0
000311,11,1,Urbano,Sierra Sur,Adobe,Red publica dentro de la vivienda,Hombre,Inactivo,3,2,1.5,69.0,12.0,3.0,1
000312,17,1,Rural,Sierra Sur,Otro material,Pozo,Hombre,Ocupado,6,5,1.2,43.0,6.0,4.0,0
000313,8,1,Rural,Costa Sur,Ladrillo o Bloque de cemento,"Rio, acequia o manantial",Hombre,Ocupado,4,4,1.0,36.0,,2.0,0
000314,3,1,Rural,Sierra Centro,Madera,"Rio, acequia o manantial",Hombre,Ocupado,3,2,1.5,41.0,7.0,3.0,1
000315,2,1,Rural,Sierra Centro,Adobe,Pozo,Mujer,Inactivo,5,3,1.67,70.0,10.0,4.0,0
000316,2,1,Rural,Sierra Norte,Ladrillo o Bloque de cemento,Red publica dentro de la vivienda,Mujer,Ocupado,6,4,1.5,38.0,7.0,3.0,1
000317,7,1,Urbano,Sierra Centro,Ladrillo o Bloque de cemento,Red publica dentro de la vivienda,Hombre,Desocupado,4,2,2.0,43.0,12.0,7.0,1
000318,7,1,Urbano,Lima Metropolitana,Adobe,Red publica dentro de la vivienda,Mujer,Ocupado,7,4,1.75,62.0,18.0,8.0,0
000319,7,1,Rural,Sierra Norte,Adobe,Red publica dentro de la vivienda,Mujer,Ocupado,5,3,1.67,55.0,2.0,5.0,1
000320,5,1,Urbano,Lima Metropolitana,Ladrillo o Bloque de cemento,Red publica dentro de la vivienda,Hombre,Inactivo,4,2,2.0,77.0,13.0,5.0,1
000321,14,1,Urbano,Lima Metropolitana,Madera,Red publica dentro de la vivienda,Hombre,Ocupado,7,6,1.17,64.0,12.0,7.0,0
000322,5,1,Rural,Sierra Sur,Ladrillo o Bloque de cemento,"Rio, acequia o manantial",Mujer,Ocupado,3,2,1.5,38.0,7.0,4.0,0
000323,3,1,Rural,Sierra Norte,Adobe,Red publica dentro de la vivienda,Hombre,Inactivo,4,3,1.33,66.0,9.0,4.0,1
000324,2,1,Urbano,Selva,Ladrillo o Bloque de cemento,Otro,Hombre,Ocupado,4,2,2.0,21.0,9.0,4.0,0
000325,8,1,Urbano,Lima Metropolitana,Ladrillo o Bloque de cemento,Red publica dentro de la vivienda,Mujer,Ocupado,5,4,1.25,59.0,11.0,3.0,1
000326,8,1,Urbano,Lima Metropolitana,Ladrillo o Bloque de cemento,Red publica dentro de la vivienda,Hombre,Ocupado,3,3,1.0,39.0,15.0,4.0,0
000327,19,1,Urbano,Lima Metropolitana,Ladrillo o Bloque de cemento,Red publica dentro de la vivienda,Hombre,Ocupado,5,4,1.25,56.0,12.0,3.0,0
000328,11,1,Urbano,Selva,,Red publica dentro de la vivienda,Mujer,Inactivo,1,1,1.0,75.0,8.0,,1
000329,6,1,Urbano,Lima Metropolitana,Ladrillo o Bloque de cemento,Red publica dentro de la vivienda,Mujer,Ocupado,6,3,2.0,25.0,15.0,4.0,0
000330,12,1,Rural,Sierra Norte,Otro material,"Rio, acequia o manantial",Hombre,Ocupado,8,7,1.14,61.0,9.0,2.0,0
000331,2,1,Urbano,Lima Metropolitana,Adobe,Red publica dentro de la vivienda,Hombre,Ocupado,3,3,1.0,60.0,13.0,5.0,0
000332,15,1,Urbano,Costa Sur,Madera,,Hombre,Ocupado,7,5,1.4,57.0,,5.0,0
000333,2,1,Urbano,Lima Metropolitana,Madera,Red publica dentro de la vivienda,Mujer,Ocupado,4,3,1.33,34.0,15.0,8.0,0
000334,4,1,Urbano,Lima Metropolitana,Ladrillo o Bloque de cemento,Pozo,Mujer,Ocupado,4,2,2.0,47.0,12.0,3.0,0
000335,15,1,Urbano,Costa Centro,Ladrillo o Bloque de cemento,,Mujer,Ocupado,3,1,3.0,35.0,12.0,6.0,1
000336,17,1,Urbano,Selva,Ladrillo o Bloque de cemento,Red publica dentro de la vivienda,Mujer,Ocupado,3,1,3.0,54.0,7.0,5.0,0
000337,16,1,Urbano,Costa Norte,Ladrillo o Bloque de cemento,Red publica dentro de la vivienda,Hombre,Ocupado,3,1,3.0,30.0,11.0,2.0,0
000338,18,1,Urbano,Lima Metropolitana,Ladrillo o Bloque de cemento,Red publica dentro de la vivienda,Mujer,Ocupado,5,5,1.0,42.0,16.0,4.0,0
000339,4,1,Urbano,Costa Norte,Otro material,Red publica dentro de la vivienda,Mujer,Ocupado,5,3,1.67,57.0,18.0,3.0,1
000340,17,1,Urbano,Lima Metropolitana,Ladrillo o Bloque de cemento,Red publica dentro de la vivienda,Hombre,Ocupado,5,3,1.67,38.0,13.0,3.0,0
000341,4,1,Rural,Costa Centro,Adobe,Red publica fuera de la vivienda,Mujer,Ocupado,4,1,4.0,42.0,4.0,5.0,0
000342,16,1,Urbano,Lima Metropolitana,Adobe,Red publica dentro de la vivienda,Mujer,Ocupado,5,2,2.5,35.0,12.0,2.0,0
000343,7,1,Urbano,Lima Metropolitana,Ladrillo o Bloque de cemento,Red publica dentro de la vivienda,Hombre,Ocupado,5,1,5.0,52.0,8.0,6.0,0
000344,14,1,Rural,Selva,Adobe,Red publica dentro de la vivienda,Mujer,Ocupado,5,4,1.25,46.0,9.0,6.0,0
000345,13,1,Urbano,Lima Metropolitana,Madera,Red publica dentro de la vivienda,Hombre,Ocupado,4,1,4.0,38.0,13.0,7.0,0
000346,17,1,Urbano,Lima Metropolitana,Ladrillo o Bloque de cemento,Red publica dentro de la vivienda,Mujer,Ocupado,5,4,1.25,39.0,10.0,3.0,0
000347,13,1,Urbano,Lima Metropolitana,Ladrillo o Bloque de cemento,Red publica dentro de la vivienda,Mujer,Ocupado,2,1,2.0,50.0,,6.0,0
000348,1,1,Rural,Sierra Norte,Adobe,Pozo,Hombre,Ocupado,4,3,1.33,33.0,9.0,2.0,1
000349,1,1,Rural,Selva,Adobe,Otro,Hombre,Ocupado,3,2,1.5,47.0,7.0,4.0,0
000350,17,1,Rural,Costa Norte,Adobe,"Rio, acequia o manantial",Mujer,Ocupado,5,2,2.5,48.0,5.0,3.0,1
000351,5,1,Urbano,Selva,Ladrillo o Bloque de cemento,Red publica dentro de la vivienda,Hombre,Ocupado,5,4,1.25,50.0,14.0,3.0,0
000352,10,1,Urbano,Costa Centro,Ladrillo o Bloque de cemento,Red publica dentro de la vivienda,Hombre,Ocupado,7,4,1.75,41.0,12.0,6.0,1
000353,8,1,Urbano,Selva,Adobe,Red publica dentro de la vivienda,Hombre,Ocupado,9,3,3.0,56.0,9.0,3.0,1
000354,17,1,Rural,Selva,Madera,Pozo,Mujer,Ocupado,8,6,1.33,61.0,7.0,5.0,0
000355,19,1,Rural,Sierra Sur,Adobe,Pozo,Mujer,Ocupado,4,3,1.33,57.0,0.0,5.0,1
000356,19,1,Urbano,Selva,Otro material,,Hombre,Ocupado,4,3,1.33,51.0,12.0,7.0,0
000357,9,1,Urbano,Lima Metropolitana,Adobe,Red publica dentro de la vivienda,Mujer,Ocupado,6,4,1.5,28.0,18.0,5.0,0
000358,2,1,Urbano,Lima Metropolitana,Adobe,Red publica dentro de la vivienda,Mujer,Inactivo,2,1,2.0,71.0,16.0,6.0,0
000359,11,1,Urbano,Sierra Sur,Ladrillo o Bloque de cemento,Red publica dentro de la vivienda,Hombre,Ocupado,2,1,2.0,49.0,11.0,2.0,0
000360,6,1,Rural,Selva,Ladrillo o Bloque de cemento,"Rio, acequia o manantial",Mujer,Ocupado,4,3,1.33,52.0,7.0,1.0,1
000361,18,1,Urbano,Lima Metropolitana,Ladrillo o Bloque de cemento,Red publica fuera de la vivienda,Mujer,Ocupado,6,6,1.0,38.0,14.0,5.0,0
000362,16,1,Urbano,Costa Centro,Ladrillo o Bloque de cemento,Red publica dentro de la vivienda,Mujer,Desocupado,6,4,1.5,45.0,13.0,3.0,1
000363,6,1,Urbano,Costa Centro,Ladrillo o Bloque de cemento,Red publica dentro de la vivienda,Hombre,Inactivo,7,3,2.33,65.0,11.0,2.0,1
000364,18,1,Urbano,Costa Norte,Ladrillo o Bloque de cemento,Red publica dentro de la vivienda,Mujer,Ocupado,4,2,2.0,59.0,4.0,8.0,0
000365,8,1,Urbano,Lima Metropolitana,Ladrillo o Bloque de cemento,Pozo,Hombre,Ocupado,1,1,1.0,44.0,12.0,5.0,0
000366,14,1,Urbano,Sierra Sur,Ladrillo o Bloque de cemento,Red publica dentro de la vivienda,Hombre,Inactivo,1,1,1.0,69.0,9.0,2.0,0
000367,5,1,Urbano,Lima Metropolitana,,Red publica fuera de la vivienda,Mujer,Ocupado,8,7,1.14,34.0,12.0,6.0,0
000368,4,1,Urbano,Lima Metropolitana,Ladrillo o Bloque de cemento,Red publica dentro de la vivienda,Hombre,Ocupado,4,3,1.33,24.0,10.0,5.0,0
000369,8,1,Rural,Sierra Centro,Adobe,"Rio, acequia o manantial",Hombre,Ocupado,6,3,2.0,21.0,9.0,3.0,1
000370,16,1,Urbano,Lima Metropolitana,Ladrillo o Bloque de cemento,Red publica dentro de la vivienda,Hombre,Ocupado,8,7,1.14,59.0,18.0,5.0,0
000371,18,1,Urbano,Lima Metropolitana,Ladrillo o Bloque de cemento,Red publica dentro de la vivienda,Mujer,Ocupado,4,2,2.0,38.0,16.0,4.0,0
000372,19,1,Rural,Sierra Norte,Ladrillo o Bloque de cemento,Red publica dentro de la vivienda,Hombre,Ocupado,5,3,1.67,46.0,6.0,2.0,0
000373,15,1,Rural,Sierra Centro,Adobe,"Rio, acequia o manantial",Hombre,Ocupado,5,4,1.25,63.0,12.0,6.0,0
000374,13,1,Rural,Sierra Norte,Otro material,Red publica dentro de la vivienda,Hombre,Ocupado,5,3,1.67,53.0,10.0,3.0,1
000375,5,1,Urbano,Costa Centro,Adobe,Red publica dentro de la vivienda,Hombre,Ocupado,5,2,2.5,31.0,14.0,7.0,0
000376,9,1,Urbano,Costa Centro,Ladrillo o Bloque de cemento,Red publica dentro de la vivienda,Hombre,Inactivo,7,5,1.4,71.0,9.0,4.0,1
000377,6,1,Urbano,Lima Metropolitana,,Red publica dentro de la vivienda,Hombre,Ocupado,5,4,1.25,44.0,12.0,3.0,0
000378,15,1,Urbano,Sierra Sur,Ladrillo o Bloque de cemento,Red publica dentro de la vivienda,Mujer,Ocupado,5,4,1.25,47.0,13.0,3.0,0
000379,16,1,Rural,Sierra Centro,Ladrillo o Bloque de cemento,Pozo,Hombre,Ocupado,2,2,1.0,38.0,14.0,6.0,0
000380,10,1,Urbano,Lima Metropolitana,Ladrillo o Bloque de cemento,Red publica dentro de la vivienda,Hombre,Ocupado,4,3,1.33,32.0,17.0,7.0,0
000381,7,1,Urbano,Selva,,Red publica dentro de la vivienda,Hombre,Ocupado,4,4,1.0,51.0,13.0,,0
000382,17,1,Urbano,Lima Metropolitana,Ladrillo o Bloque de cemento,Red publica dentro de la vivienda,Mujer,Ocupado,6,3,2.0,28.0,13.0,4.0,0
000383,17,1,Urbano,Lima Metropolitana,Ladrillo o Bloque de cemento,Red publica dentro de la vivienda,Mujer,Ocupado,4,3,1.33,47.0,15.0,3.0,0
000384,19,1,Rural,Sierra Sur,Madera,Red publica dentro de la vivienda,Mujer,Inactivo,4,2,2.0,70.0,8.0,3.0,1
000385,10,1,Rural,Sierra Centro,Madera,Red publica fuera de la vivienda,Hombre,Ocupado,5,3,1.67,59.0,12.0,4.0,1
000386,14,1,Urbano,Lima Metropolitana,Ladrillo o Bloque de cemento,Red publica dentro de la vivienda,Hombre,Ocupado,4,3,1.33,51.0,9.0,4.0,0
000387,18,1,Urbano,Lima Metropolitana,Ladrillo o Bloque de cemento,Red publica dentro de la vivienda,Hombre,Ocupado,4,1,4.0,33.0,13.0,5.0,0
000388,8,1,Urbano,Lima Metropolitana,,Red publica dentro de la vivienda,Hombre,Ocupado,3,2,1.5,47.0,15.0,3.0,0
000389,10,1,Urbano,Costa Centro,Madera,Red publica dentro de la vivienda,Hombre,Ocupado,6,4,1.5,37.0,16.0,3.0,0
000390,3,1,Urbano,Lima Metropolitana,Ladrillo o Bloque de cemento,Red publica dentro de la vivienda,Hombre,Inactivo,5,4,1.25,68.0,18.0,4.0,0
000391,9,1,Urbano,Lima Metropolitana,Ladrillo o Bloque de cemento,Pozo,Hombre,Ocupado,8,1,8.0,41.0,8.0,3.0,0
000392,6,1,Urbano,Costa Centro,Ladrillo o Bloque de cemento,Red publica dentro de la vivienda,Hombre,Desocupado,4,4,1.0,37.0,9.0,,1
000393,18,1,Rural,Selva,Madera,Red publica dentro de la vivienda,Hombre,Desocupado,6,3,2.0,45.0,6.0,5.0,1
000394,14,1,Urbano,Lima Metropolitana,Ladrillo o Bloque de cemento,Red publica dentro de la vivienda,Hombre,Ocupado,4,4,1.0,37.0,9.0,2.0,0
000395,4,1,Rural,Costa Norte,Ladrillo o Bloque de cemento,Red publica fuera de la vivienda,Hombre,Ocupado,5,2,2.5,51.0,12.0,3.0,0
000396,13,1,Rural,Sierra Sur,Ladrillo o Bloque de cemento,Red publica fuera de la vivienda,Mujer,Inactivo,4,2,2.0,,7.0,3.0,1
000397,15,1,Urbano,Lima Metropolitana,Ladrillo o Bloque de cemento,Red publica dentro de la vivienda,Hombre,Ocupado,7,5,1.4,48.0,16.0,4.0,0
000398,14,1,Urbano,Sierra Norte,Ladrillo o Bloque de cemento,,Mujer,Ocupado,3,3,1.0,35.0,11.0,2.0,1
000399,13,1,Urbano,Sierra Sur,Ladrillo o Bloque de cemento,Red publica dentro de la vivienda,Hombre,Ocupado,4,3,1.33,46.0,13.0,2.0,0
000400,9,1,Urbano,Sierra Sur,Ladrillo o Bloque de cemento,Red publica dentro de la vivienda,Mujer,Desocupado,4,3,1.33,30.0,7.0,5.0,1
000401,9,1,Rural,Sierra Norte,Otro material,Red publica fuera de la vivienda,Hombre,Inactivo,4,4,1.0,88.0,3.0,3.0,1
000402,9,1,Urbano,Lima Metropolitana,Ladrillo o Bloque de cemento,Red publica dentro de la vivienda,Hombre,Inactivo,5,3,1.67,73.0,9.0,,0
000403,13,1,Urbano,Lima Metropolitana,Adobe,Red publica dentro de la vivienda,Mujer,Inactivo,7,3,2.33,65.0,7.0,2.0,1
000404,8,1,Urbano,Costa Centro,Ladrillo o Bloque de cemento,Red publica dentro de la vivienda,Mujer,Ocupado,2,2,1.0,,14.0,8.0,0
000405,6,1,Urbano,Lima Metropolitana,Ladrillo o Bloque de cemento,Red publica fuera de la vivienda,Hombre,Ocupado,5,4,1.25,46.0,13.0,4.0,0
000406,9,1,Urbano,Lima Metropolitana,Ladrillo o Bloque de cemento,"Rio, acequia o manantial",Mujer,Ocupado,2,2,1.0,46.0,16.0,6.0,0
000407,13,1,Rural,Sierra Norte,Ladrillo o Bloque de cemento,"Rio, acequia o manantial",Mujer,Ocupado,7,4,1.75,45.0,6.0,2.0,1
000408,4,1,Urbano,Lima Metropolitana,Madera,Otro,Hombre,Inactivo,4,3,1.33,81.0,16.0,2.0,1
000409,16,1,Urbano,Costa Centro,Ladrillo o Bloque de cemento,Red publica dentro de la vivienda,Hombre,Ocupado,6,4,1.5,45.0,14.0,6.0,0
000410,2,1,Urbano,Lima Metropolitana,Ladrillo o Bloque de cemento,Red publica fuera de la vivienda,Hombre,Ocupado,5,1,5.0,40.0,12.0,4.0,1
000411,2,1,Urbano,Lima Metropolitana,Ladrillo o Bloque de cemento,Red publica dentro de la vivienda,Mujer,Ocupado,9,6,1.5,47.0,13.0,5.0,1
000412,11,1,Urbano,Lima Metropolitana,Madera,Red publica dentro de la vivienda,Hombre,Ocupado,5,4,1.25,,14.0,4.0,0
000413,5,1,Urbano,Costa Norte,Ladrillo o Bloque de cemento,Red publica dentro de la vivienda,Hombre,Ocupado,7,7,1.0,18.0,15.0,7.0,0
000414,2,1,Urbano,Lima Metropolitana,Ladrillo o Bloque de cemento,,Hombre,Ocupado,6,4,1.5,54.0,13.0,3.0,0
000415,6,1,Rural,Costa Norte,Ladrillo o Bloque de cemento,Pozo,Hombre,Ocupado,4,3,1.33,18.0,8.0,3.0,0
000416,4,1,Urbano,Sierra Norte,Ladrillo o Bloque de cemento,Red publica dentro de la vivienda,Hombre,Inactivo,5,4,1.25,69.0,6.0,5.0,0
000417,2,1,Urbano,Costa Centro,Ladrillo o Bloque de cemento,Red publica dentro de la vivienda,Mujer,Ocupado,1,1,1.0,24.0,8.0,3.0,0
000418,1,1,Urbano,Lima Metropolitana,Ladrillo o Bloque de cemento,Red publica dentro de la vivienda,Mujer,Ocupado,5,2,2.5,37.0,10.0,2.0,0
000419,2,1,Urbano,Costa Sur,Ladrillo o Bloque de cemento,Red publica dentro de la vivienda,Hombre,Ocupado,5,4,1.25,21.0,13.0,3.0,0
000420,1,1,Urbano,Lima Metropolitana,Ladrillo o Bloque de cemento,Red publica dentro de la vivienda,Mujer,Inactivo,8,5,1.6,73.0,10.0,2.0,1
000421,5,1,Urbano,Lima Metropolitana,Ladrillo o Bloque de cemento,Red publica dentro de la vivienda,Hombre,Ocupado,8,5,1.6,48.0,13.0,6.0,0
000422,4,1,Urbano,Costa Norte,Ladrillo o Bloque de cemento,Red publica dentro de la vivienda,Hombre,Inactivo,3,2,1.5,79.0,11.0,1.0,1
000423,16,1,Urbano,Costa Norte,Ladrillo o Bloque de cemento,Red publica dentro de la vivienda,Hombre,Inactivo,8,6,1.33,76.0,11.0,3.0,1
000424,16,1,Urbano,Costa Norte,Ladrillo o Bloque de cemento,Red publica dentro de la vivienda,Hombre,Inactivo,7,4,1.75,65.0,14.0,3.0,0
000425,14,1,Rural,Selva,Ladrillo o Bloque de cemento,Red publica dentro de la vivienda,Mujer,Ocupado,4,3,1.33,28.0,7.0,2.0,0
000426,5,1,Urbano,Lima Metropolitana,Ladrillo o Bloque de cemento,Red publica dentro de la vivienda,Hombre,Ocupado,4,2,2.0,50.0,12.0,4.0,0
000427,10,1,Urbano,Costa Sur,Ladrillo o Bloque de cemento,Red publica dentro de la vivienda,Hombre,Inactivo,4,2,2.0,67.0,12.0,6.0,1
000428,9,1,Urbano,Lima Metropolitana,Ladrillo o Bloque de cemento,Red publica dentro de la vivienda,Hombre,Ocupado,5,5,1.0,53.0,18.0,8.0,0
000429,17,1,Urbano,Costa Norte,Ladrillo o Bloque de cemento,Red publica dentro de la vivienda,Hombre,Ocupado,5,5,1.0,43.0,11.0,3.0,0
000430,13,1,Urbano,Lima Metropolitana,Otro material,Red publica dentro de la vivienda,Hombre,Ocupado,5,4,1.25,53.0,9.0,3.0,0
000431,11,1,Rural,Lima Metropolitana,Adobe,Red publica fuera de la vivienda,Hombre,Ocupado,4,3,1.33,54.0,4.0,2.0,0
000432,10,1,Urbano,Lima Metropolitana,Ladrillo o Bloque de cemento,Red publica dentro de la vivienda,Mujer,Ocupado,9,7,1.29,27.0,12.0,,1
000433,16,1,Urbano,Lima Metropolitana,Ladrillo o Bloque de cemento,Red publica dentro de la vivienda,Mujer,Ocupado,4,1,4.0,40.0,9.0,8.0,0
000434,9,1,Urbano,Lima Metropolitana,Ladrillo o Bloque de cemento,Red publica dentro de la vivienda,Mujer,Desocupado,5,4,1.25,57.0,5.0,8.0,1
000435,1,1,Urbano,Costa Norte,Ladrillo o Bloque de cemento,Red publica dentro de la vivienda,Mujer,Desocupado,5,3,1.67,60.0,10.0,3.0,1
000436,1,1,Urbano,Costa Sur,Ladrillo o Bloque de cemento,Red publica dentro de la vivienda,Mujer,Ocupado,5,3,1.67,51.0,12.0,4.0,1
000437,17,1,Urbano,Costa Centro,Ladrillo o Bloque de cemento,Red publica dentro de la vivienda,Hombre,Ocupado,4,3,1.33,42.0,15.0,5.0,1
000438,19,1,Urbano,Selva,Ladrillo o Bloque de cemento,Red publica dentro de la vivienda,Hombre,Ocupado,4,2,2.0,45.0,11.0,1.0,0
000439,16,1,Urbano,Lima Metropolitana,Ladrillo o Bloque de cemento,Red publica dentro de la vivienda,Mujer,Ocupado,2,1,2.0,37.0,13.0,4.0,0
000440,1,1,Urbano,Lima Metropolitana,Madera,Otro,Hombre,Ocupado,4,4,1.0,47.0,14.0,6.0,0
000441,6,1,Urbano,Lima Metropolitana,Ladrillo o Bloque de cemento,Red publica dentro de la vivienda,Hombre,Ocupado,2,2,1.0,60.0,13.0,3.0,0
000442,18,1,Urbano,Costa Centro,Ladrillo o Bloque de cemento,Red publica dentro de la vivienda,Mujer,Inactivo,6,4,1.5,82.0,9.0,5.0,1
000443,12,1,Urbano,Lima Metropolitana,Ladrillo o Bloque de cemento,Red publica dentro de la vivienda,Mujer,Ocupado,6,3,2.0,31.0,18.0,4.0,0
000444,5,1,Urbano,Costa Sur,Ladrillo o Bloque de cemento,Red publica dentro de la vivienda,Hombre,Inactivo,5,3,1.67,66.0,8.0,7.0,1
000445,17,1,Urbano,Sierra Norte,Ladrillo o Bloque de cemento,Red publica dentro de la vivienda,Mujer,Ocupado,8,7,1.14,53.0,12.0,4.0,0
000446,14,1,Urbano,Lima Metropolitana,Ladrillo o Bloque de cemento,Pozo,Mujer,Ocupado,6,3,2.0,26.0,10.0,3.0,0
000447,3,1,Urbano,Lima Metropolitana,Ladrillo o Bloque de cemento,Pozo,Hombre,Ocupado,3,3,1.0,47.0,13.0,2.0,0
000448,11,1,Urbano,Selva,Ladrillo o Bloque de cemento,Red publica dentro de la vivienda,Hombre,Ocupado,5,3,1.67,45.0,12.0,4.0,1
000449,2,1,Rural,Costa Norte,,Red publica dentro de la vivienda,Hombre,Ocupado,4,4,1.0,48.0,6.0,1.0,0
000450,3,1,Urbano,Selva,Ladrillo o Bloque de cemento,Red publica dentro de la vivienda,Mujer,Ocupado,4,3,1.33,63.0,7.0,3.0,0
000451,10,1,Urbano,Costa Norte,Adobe,Red publica dentro de la vivienda,Hombre,Inactivo,7,1,7.0,76.0,,4.0,1
000452,15,1,Urbano,Lima Metropolitana,Ladrillo o Bloque de cemento,Red publica dentro de la vivienda,Mujer,Inactivo,3,2,1.5,66.0,16.0,5.0,0
000453,1,1,Urbano,Lima Metropolitana,Ladrillo o Bloque de cemento,Red publica dentro de la vivienda,Hombre,Desocupado,5,3,1.67,51.0,8.0,6.0,1
000454,19,1,Urbano,Costa Centro,Ladrillo o Bloque de cemento,Red publica dentro de la vivienda,Mujer,Ocupado,4,2,2.0,53.0,16.0,4.0,0
000455,2,1,Rural,Costa Norte,Adobe,Red publica dentro de la vivienda,Mujer,Inactivo,4,4,1.0,77.0,7.0,4.0,1
000456,13,1,Rural,Costa Sur,Adobe,Red publica dentro de la vivienda,Hombre,Ocupado,4,1,4.0,33.0,9.0,4.0,1
000457,17,1,Urbano,Lima Metropolitana,Madera,Red publica dentro de la vivienda,Mujer,Inactivo,6,5,1.2,65.0,9.0,2.0,1
000458,9,1,Urbano,Sierra Sur,Ladrillo o Bloque de cemento,Red publica dentro de la vivienda,Mujer,Ocupado,4,2,2.0,32.0,11.0,1.0,0
000459,9,1,Urbano,Lima Metropolitana,Ladrillo o Bloque de cemento,Red publica dentro de la vivienda,Hombre,Ocupado,7,4,1.75,27.0,10.0,5.0,0
000460,9,1,Urbano,Lima Metropolitana,Ladrillo o Bloque de cemento,Red publica dentro de la vivienda,Mujer,Desocupado,6,4,1.5,57.0,13.0,8.0,1
000461,4,1,Urbano,Selva,Madera,Red publica dentro de la vivienda,Hombre,Ocupado,7,1,7.0,25.0,8.0,2.0,1
000462,5,1,Urbano,Costa Centro,Ladrillo o Bloque de cemento,Red publica dentro de la vivienda,Hombre,Ocupado,9,7,1.29,43.0,9.0,2.0,1
000463,9,1,Urbano,Lima Metropolitana,Ladrillo o Bloque de cemento,Red publica dentro de la vivienda,Mujer,Inactivo,2,1,2.0,67.0,,4.0,0
000464,3,1,Urbano,Sierra Norte,Adobe,Red publica dentro de la vivienda,Mujer,Ocupado,7,6,1.17,35.0,13.0,,1
000465,15,1,Urbano,Selva,Ladrillo o Bloque de cemento,Red publica dentro de la vivienda,Hombre,Inactivo,4,3,1.33,73.0,12.0,8.0,1
000466,10,1,Urbano,Lima Metropolitana,Ladrillo o Bloque de cemento,Red publica dentro de la vivienda,Hombre,Ocupado,4,2,2.0,18.0,,5.0,0
000467,15,1,Urbano,Lima Metropolitana,Ladrillo o Bloque de cemento,Red publica dentro de la vivienda,Hombre,Ocupado,4,2,2.0,63.0,17.0,8.0,0
000468,3,1,Urbano,Lima Metropolitana,Adobe,Red publica dentro de la vivienda,Hombre,Desocupado,3,1,3.0,29.0,12.0,,1
000469,2,1,Urbano,Costa Centro,Madera,Red publica dentro de la vivienda,Hombre,Ocupado,4,3,1.33,45.0,14.0,2.0,1
000470,15,1,Rural,Selva,Ladrillo o Bloque de cemento,Red publica dentro de la vivienda,Hombre,Ocupado,1,1,1.0,51.0,0.0,2.0,0
000471,7,1,Rural,Sierra Centro,Adobe,Red publica dentro de la vivienda,Hombre,Ocupado,4,4,1.0,44.0,6.0,2.0,0
000472,15,1,Urbano,Sierra Sur,Otro material,Red publica dentro de la vivienda,Hombre,Ocupado,2,2,1.0,44.0,10.0,2.0,0
000473,8,1,Urbano,Costa Centro,Ladrillo o Bloque de cemento,Red publica dentro de la vivienda,Mujer,Ocupado,6,4,1.5,28.0,9.0,3.0,0
000474,19,1,Rural,Costa Centro,Adobe,Pozo,Hombre,Inactivo,3,3,1.0,68.0,9.0,2.0,0
000475,8,1,Rural,Sierra Norte,Adobe,Pozo,Hombre,Ocupado,6,6,1.0,31.0,6.0,4.0,0
000476,10,1,Rural,Sierra Norte,Adobe,"Rio, acequia o manantial",Hombre,Ocupado,2,2,1.0,31.0,6.0,7.0,0
000477,2,1,Urbano,Sierra Sur,Ladrillo o Bloque de cemento,Red publica dentro de la vivienda,Hombre,Ocupado,1,1,1.0,47.0,8.0,4.0,0
000478,1,1,Rural,Selva,Adobe,"Rio, acequia o manantial",Hombre,Ocupado,3,2,1.5,38.0,5.0,4.0,0
000479,8,1,Urbano,Lima Metropolitana,Ladrillo o Bloque de cemento,Red publica dentro de la vivienda,Hombre,Ocupado,8,7,1.14,60.0,6.0,3.0,1
000480,12,1,Urbano,Sierra Sur,Ladrillo o Bloque de cemento,Red publica dentro de la vivienda,Mujer,Desocupado,2,2,1.0,41.0,10.0,2.0,1
000481,19,1,Rural,Sierra Centro,Ladrillo o Bloque de cemento,Red publica dentro de la vivienda,Hombre,Ocupado,5,2,2.5,48.0,2.0,2.0,1
000482,15,1,Rural,Costa Sur,Ladrillo o Bloque de cemento,Otro,Hombre,Ocupado,5,3,1.67,50.0,11.0,3.0,0
000483,8,1,Urbano,Selva,Ladrillo o Bloque de cemento,Red publica fuera de la vivienda,Hombre,Ocupado,5,3,1.67,62.0,13.0,4.0,0
000484,4,1,Urbano,Sierra Norte,Ladrillo o Bloque de cemento,Red publica dentro de la vivienda,Hombre,Ocupado,7,4,1.75,41.0,14.0,4.0,0
000485,19,1,Urbano,Costa Norte,Ladrillo o Bloque de cemento,Red publica dentro de la vivienda,Mujer,Ocupado,5,1,5.0,25.0,7.0,2.0,0
000486,15,1,Urbano,Sierra Sur,Ladrillo o Bloque de cemento,Red publica dentro de la vivienda,Mujer,Ocupado,4,1,4.0,37.0,14.0,3.0,1
000487,18,1,Urbano,Sierra Sur,Ladrillo o Bloque de cemento,Red publica dentro de la vivienda,Mujer,Ocupado,3,2,1.5,64.0,9.0,4.0,0
000488,19,1,Rural,Costa Sur,Adobe,Pozo,Mujer,Ocupado,4,3,1.33,53.0,7.0,5.0,0
000489,8,1,Urbano,Selva,Ladrillo o Bloque de cemento,Red publica dentro de la vivienda,Hombre,Ocupado,4,2,2.0,43.0,10.0,5.0,0
000490,12,1,Urbano,Selva,Ladrillo o Bloque de cemento,Red publica dentro de la vivienda,Hombre,Ocupado,5,2,2.5,49.0,7.0,4.0,1
000491,10,1,Urbano,Lima Metropolitana,Ladrillo o Bloque de cemento,Red publica dentro de la vivienda,Mujer,Ocupado,8,6,1.33,44.0,9.0,4.0,0
000492,4,1,Urbano,Lima Metropolitana,Ladrillo o Bloque de cemento,Red publica dentro de la vivienda,Hombre,Ocupado,5,5,1.0,59.0,15.0,6.0,0
000493,6,1,Urbano,Lima Metropolitana,Ladrillo o Bloque de cemento,Red publica dentro de la vivienda,Hombre,Ocupado,6,5,1.2,53.0,15.0,3.0,0
000494,1,1,Urbano,Sierra Norte,Adobe,Red publica dentro de la vivienda,Mujer,Ocupado,4,2,2.0,44.0,7.0,8.0,0
000495,2,1,Urbano,Lima Metropolitana,Ladrillo o Bloque de cemento,Red publica fuera de la vivienda,Hombre,Ocupado,3,2,1.5,61.0,16.0,3.0,0
000496,9,1,Urbano,Selva,Ladrillo o Bloque de cemento,"Rio, acequia o manantial",Hombre,Ocupado,2,1,2.0,64.0,10.0,2.0,0
000497,11,1,Rural,Sierra Sur,Madera,Red publica dentro de la vivienda,Mujer,Ocupado,3,1,3.0,35.0,2.0,8.0,0
000498,18,1,Urbano,Lima Metropolitana,Ladrillo o Bloque de cemento,Red publica dentro de la vivienda,Hombre,Ocupado,7,5,1.4,35.0,11.0,4.0,0
000499,14,1,Urbano,Sierra Centro,Adobe,Red publica dentro de la vivienda,Hombre,Inactivo,4,4,1.0,82.0,7.0,1.0,0
000500,11,1,Rural,Selva,Adobe,Pozo,Hombre,Ocupado,6,4,1.5,57.0,4.0,4.0,0
000501,2,1,Urbano,Lima Metropolitana,Ladrillo o Bloque de cemento,Red publica dentro de la vivienda,Mujer,Inactivo,6,3,2.0,71.0,11.0,3.0,1
000502,7,1,Urbano,Lima Metropolitana,Ladrillo o Bloque de cemento,Red publica dentro de la vivienda,Hombre,Ocupado,6,5,1.2,60.0,14.0,5.0,0
000503,19,1,Urbano,Lima Metropolitana,Ladrillo o Bloque de cemento,Red publica dentro de la vivienda,Mujer,Ocupado,5,5,1.0,54.0,15.0,8.0,0
000504,16,1,Urbano,Selva,Ladrillo o Bloque de cemento,Red publica dentro de la vivienda,Hombre,Ocupado,2,2,1.0,18.0,14.0,,0
000505,4,1,Urbano,Selva,Ladrillo o Bloque de cemento,Pozo,Mujer,Ocupado,1,1,1.0,31.0,14.0,7.0,0
000506,9,1,Urbano,Lima Metropolitana,Ladrillo o Bloque de cemento,Red publica dentro de la vivienda,Mujer,Ocupado,3,2,1.5,57.0,6.0,4.0,0
000507,8,1,Urbano,Sierra Norte,Ladrillo o Bloque de cemento,Red publica dentro de la vivienda,Hombre,Ocupado,3,2,1.5,35.0,6.0,5.0,0
000508,8,1,Urbano,Lima Metropolitana,Ladrillo o Bloque de cemento,Red publica dentro de la vivienda,Hombre,Ocupado,5,3,1.67,46.0,16.0,5.0,1
000509,16,1,Urbano,Sierra Sur,Ladrillo o Bloque de cemento,Red publica dentro de la vivienda,Hombre,Ocupado,2,2,1.0,61.0,10.0,3.0,0
000510,18,1,Urbano,Costa Centro,Ladrillo o Bloque de cemento,Red publica dentro de la vivienda,Mujer,Ocupado,5,4,1.25,50.0,11.0,3.0,0
000511,19,1,Urbano,Costa Norte,Ladrillo o Bloque de cemento,Pozo,Hombre,Ocupado,6,4,1.5,54.0,13.0,6.0,0
000512,17,1,Urbano,Lima Metropolitana,Madera,Red publica dentro de la vivienda,Hombre,Inactivo,2,2,1.0,67.0,17.0,3.0,0
000513,7,1,Urbano,Costa Norte,Ladrillo o Bloque de cemento,Red publica fuera de la vivienda,Hombre,Inactivo,6,4,1.5,69.0,13.0,4.0,1
000514,7,1,Urbano,Sierra Norte,Ladrillo o Bloque de cemento,Red publica dentro de la vivienda,Mujer,Ocupado,3,2,1.5,47.0,8.0,5.0,0
000515,7,1,Rural,Sierra Centro,Ladrillo o Bloque de cemento,Pozo,Hombre,Inactivo,6,3,2.0,66.0,3.0,5.0,1
000516,17,1,Urbano,Costa Centro,Ladrillo o Bloque de cemento,Red publica dentro de la vivienda,Hombre,Ocupado,5,4,1.25,35.0,8.0,4.0,0
000517,11,1,Urbano,Sierra Norte,Ladrillo o Bloque de cemento,Red publica dentro de la vivienda,Mujer,Ocupado,2,2,1.0,51.0,15.0,2.0,0
000518,8,1,Urbano,Lima Metropolitana,Adobe,Red publica dentro de la vivienda,Mujer,Ocupado,4,2,2.0,56.0,15.0,3.0,0
000519,6,1,Urbano,Costa Norte,Ladrillo o Bloque de cemento,Red publica dentro de la vivienda,Hombre,Ocupado,5,5,1.0,47.0,11.0,,0
000520,10,1,Urbano,Lima Metropolitana,Ladrillo o Bloque de cemento,Otro,Mujer,Ocupado,1,1,1.0,45.0,,3.0,0
000521,3,1,Urbano,Lima Metropolitana,Ladrillo o Bloque de cemento,Red publica dentro de la vivienda,Hombre,Ocupado,5,3,1.67,32.0,15.0,5.0,0
000522,11,1,Rural,Sierra Centro,Ladrillo o Bloque de cemento,Red publica dentro de la vivienda,Mujer,Ocupado,3,2,1.5,48.0,7.0,3.0,0
000523,7,1,Urbano,Costa Centro,Ladrillo o Bloque de cemento,Red publica dentro de la vivienda,Mujer,Desocupado,3,3,1.0,25.0,9.0,2.0,1
000524,14,1,Rural,Selva,Madera,Red publica dentro de la vivienda,Mujer,Ocupado,9,6,1.5,46.0,6.0,4.0,1
000525,1,1,Rural,Costa Centro,Ladrillo o Bloque de cemento,Red publica dentro de la vivienda,Hombre,Ocupado,4,3,1.33,49.0,8.0,2.0,0
000526,15,1,Urbano,Sierra Centro,Ladrillo o Bloque de cemento,Red publica dentro de la vivienda,Mujer,Ocupado,4,3,1.33,,10.0,2.0,0
000527,19,1,Urbano,Lima Metropolitana,Ladrillo o Bloque de cemento,Red publica dentro de la vivienda,Mujer,Ocupado,4,2,2.0,32.0,9.0,3.0,1
000528,8,1,Urbano,Lima Metropolitana,Ladrillo o Bloque de cemento,Red publica dentro de la vivienda,Mujer,Ocupado,3,2,1.5,53.0,13.0,5.0,0
000529,14,1,Urbano,Lima Metropolitana,Ladrillo o Bloque de cemento,Red publica fuera de la vivienda,Mujer,Ocupado,8,7,1.14,56.0,13.0,4.0,0
000530,10,1,Rural,Sierra Norte,Madera,Pozo,Mujer,Desocupado,5,5,1.0,48.0,0.0,3.0,1
000531,4,1,Urbano,Lima Metropolitana,Ladrillo o Bloque de cemento,Red publica dentro de la vivienda,Hombre,Ocupado,5,3,1.67,54.0,12.0,4.0,0
000532,4,1,Urbano,Lima Metropolitana,Ladrillo o Bloque de cemento,Red publica dentro de la vivienda,Hombre,Ocupado,8,8,1.0,52.0,10.0,2.0,0
000533,4,1,Rural,Sierra Centro,Ladrillo o Bloque de cemento,,Mujer,Ocupado,6,3,2.0,18.0,8.0,4.0,0
000534,8,1,Urbano,Lima Metropolitana,Ladrillo o Bloque de cemento,"Rio, acequia o manantial",Hombre,Ocupado,6,4,1.5,35.0,7.0,3.0,0
000535,4,1,Urbano,Costa Norte,Adobe,Red publica dentro de la vivienda,Hombre,Inactivo,3,1,3.0,78.0,7.0,2.0,0
000536,10,1,Urbano,Costa Sur,Ladrillo o Bloque de cemento,Red publica dentro de la vivienda,Hombre,Ocupado,2,2,1.0,57.0,4.0,4.0,0
000537,18,1,Rural,Selva,Madera,Red publica dentro de la vivienda,Hombre,Ocupado,4,3,1.33,40.0,8.0,6.0,0
000538,5,1,Urbano,Costa Centro,Ladrillo o Bloque de cemento,Otro,Mujer,Ocupado,7,5,1.4,53.0,6.0,,0
000539,3,1,Rural,Costa Centro,Ladrillo o Bloque de cemento,"Rio, acequia o manantial",Hombre,Ocupado,7,4,1.75,58.0,2.0,3.0,1
000540,15,1,Urbano,Lima Metropolitana,Ladrillo o Bloque de cemento,Red publica dentro de la vivienda,Mujer,Inactivo,6,3,2.0,70.0,12.0,4.0,1
000541,11,1,Urbano,Lima Metropolitana,Ladrillo o Bloque de cemento,Red publica dentro de la vivienda,Hombre,Ocupado,5,4,1.25,43.0,12.0,4.0,0
000542,5,1,Rural,Selva,Adobe,Red publica fuera de la vivienda,Hombre,Ocupado,4,1,4.0,40.0,9.0,3.0,0
000543,13,1,Urbano,Lima Metropolitana,Ladrillo o Bloque de cemento,Red publica dentro de la vivienda,Hombre,Ocupado,3,3,1.0,41.0,15.0,4.0,0
000544,1,1,Urbano,Lima Metropolitana,Ladrillo o Bloque de cemento,"Rio, acequia o manantial",Hombre,Ocupado,4,4,1.0,40.0,16.0,4.0,0
000545,6,1,Urbano,Costa Centro,Adobe,Red publica dentro de la vivienda,Hombre,Ocupado,3,2,1.5,40.0,16.0,4.0,0
000546,6,1,Rural,Sierra Sur,Adobe,"Rio, acequia o manantial",Hombre,Ocupado,6,4,1.5,51.0,10.0,7.0,1
000547,9,1,Urbano,Sierra Centro,Adobe,Red publica dentro de la vivienda,Hombre,Ocupado,5,2,2.5,42.0,12.0,4.0,0
000548,1,1,Urbano,Costa Norte,Ladrillo o Bloque de cemento,Red publica fuera de la vivienda,Hombre,Ocupado,6,5,1.2,47.0,12.0,5.0,0
000549,2,1,Urbano,Lima Metropolitana,Ladrillo o Bloque de cemento,Red publica dentro de la vivienda,Hombre,Inactivo,6,4,1.5,74.0,14.0,4.0,1
000550,6,1,Urbano,Sierra Sur,Adobe,Red publica dentro de la vivienda,Mujer,Desocupado,5,4,1.25,35.0,5.0,3.0,1
000551,13,1,Urbano,Sierra Sur,Ladrillo o Bloque de cemento,Red publica dentro de la vivienda,Hombre,Ocupado,6,4,1.5,53.0,11.0,,0
000552,8,1,Urbano,Costa Centro,Ladrillo o Bloque de cemento,Red publica fuera de la vivienda,Mujer,Ocupado,7,5,1.4,32.0,5.0,2.0,1
000553,17,1,Urbano,Costa Sur,Adobe,Red publica dentro de la vivienda,Hombre,Ocupado,3,2,1.5,61.0,9.0,4.0,0
000554,9,1,Urbano,Lima Metropolitana,Madera,Red publica dentro de la vivienda,Hombre,Ocupado,5,4,1.25,64.0,8.0,1.0,0
000555,18,1,Urbano,Costa Norte,Ladrillo o Bloque de cemento,Red publica dentro de la vivienda,Hombre,Ocupado,2,1,2.0,36.0,12.0,6.0,0
000556,4,1,Rural,Costa Sur,Madera,Red publica dentro de la vivienda,Mujer,Ocupado,2,1,2.0,38.0,8.0,,1
000557,19,1,Urbano,Sierra Norte,Ladrillo o Bloque de cemento,Red publica dentro de la vivienda,Mujer,Ocupado,1,1,1.0,57.0,15.0,2.0,0
000558,7,1,Urbano,Sierra Sur,Ladrillo o Bloque de cemento,Red publica dentro de la vivienda,Hombre,Ocupado,4,2,2.0,44.0,8.0,,0
000559,2,1,Rural,Selva,Ladrillo o Bloque de cemento,Red publica dentro de la vivienda,Hombre,Inactivo,2,2,1.0,68.0,4.0,5.0,1
000560,6,1,Urbano,Sierra Sur,Ladrillo o Bloque de cemento,Red publica dentro de la vivienda,Hombre,Ocupado,3,2,1.5,31.0,,3.0,1
000561,3,1,Urbano,Costa Norte,Ladrillo o Bloque de cemento,Red publica dentro de la vivienda,Hombre,Ocupado,4,2,2.0,63.0,9.0,4.0,0
000562,19,1,Rural,Sierra Norte,Ladrillo o Bloque de cemento,Red publica dentro de la vivienda,Mujer,Inactivo,3,2,1.5,79.0,4.0,5.0,1
000563,17,1,Urbano,Lima Metropolitana,Ladrillo o Bloque de cemento,Red publica dentro de la vivienda,Mujer,Ocupado,9,7,1.29,53.0,15.0,3.0,1
000564,19,1,Urbano,Lima Metropolitana,Ladrillo o Bloque de cemento,Red publica dentro de la vivienda,Hombre,Ocupado,1,1,1.0,39.0,14.0,2.0,0
000565,13,1,Urbano,Lima Metropolitana,Madera,Red publica dentro de la vivienda,Hombre,Ocupado,6,6,1.0,37.0,16.0,2.0,0
000566,3,1,Urbano,Lima Metropolitana,Ladrillo o Bloque de cemento,"Rio, acequia o manantial",Hombre,Ocupado,5,3,1.67,46.0,14.0,3.0,0
000567,16,1,Urbano,Lima Metropolitana,Ladrillo o Bloque de cemento,Red publica dentro de la vivienda,Mujer,Ocupado,4,3,1.33,57.0,11.0,6.0,0
000568,13,1,Urbano,Costa Norte,Ladrillo o Bloque de cemento,Red publica dentro de la vivienda,Hombre,Ocupado,2,2,1.0,27.0,15.0,2.0,0
000569,12,1,Urbano,Sierra Centro,Ladrillo o Bloque de cemento,Red publica dentro de la vivienda,Mujer,Ocupado,8,6,1.33,44.0,14.0,4.0,0
000570,12,1,Urbano,Selva,Ladrillo o Bloque de cemento,"Rio, acequia o manantial",Hombre,Ocupado,5,2,2.5,50.0,11.0,6.0,0
000571,15,1,Urbano,Sierra Centro,Ladrillo o Bloque de cemento,Red publica dentro de la vivienda,Hombre,Inactivo,3,1,3.0,70.0,14.0,5.0,0
000572,2,1,Urbano,Lima Metropolitana,Ladrillo o Bloque de cemento,Red publica dentro de la vivienda,Hombre,Inactivo,8,5,1.6,74.0,12.0,,1
000573,16,1,Urbano,Sierra Sur,Ladrillo o Bloque de cemento,Red publica dentro de la vivienda,Hombre,Ocupado,4,3,1.33,46.0,8.0,3.0,0
000574,3,1,Urbano,Lima Metropolitana,Ladrillo o Bloque de cemento,Red publica dentro de la vivienda,Hombre,Ocupado,5,1,5.0,32.0,13.0,6.0,0
000575,15,1,Urbano,Lima Metropolitana,Ladrillo o Bloque de cemento,Red publica dentro de la vivienda,Hombre,Ocupado,9,6,1.5,50.0,18.0,5.0,0
000576,17,1,Urbano,Selva,Adobe,Red publica dentro de la vivienda,Mujer,Ocupado,7,2,3.5,50.0,14.0,6.0,0
000577,10,1,Urbano,Lima Metropolitana,Ladrillo o Bloque de cemento,Red publica dentro de la vivienda,Mujer,Inactivo,4,2,2.0,65.0,14.0,5.0,1
000578,1,1,Rural,Selva,Madera,"Rio, acequia o manantial",Hombre,Desocupado,3,3,1.0,42.0,4.0,5.0,1
000579,12,1,Urbano,Lima Metropolitana,Ladrillo o Bloque de cemento,Red publica dentro de la vivienda,Hombre,Ocupado,5,3,1.67,34.0,9.0,2.0,0
000580,10,1,Rural,Sierra Centro,Ladrillo o Bloque de cemento,Red publica dentro de la vivienda,Hombre,Ocupado,5,2,2.5,48.0,6.0,5.0,0
000581,8,1,Urbano,Sierra Sur,Adobe,Red publica fuera de la vivienda,Hombre,Ocupado,5,4,1.25,43.0,9.0,4.0,0
000582,5,1,Rural,Selva,Ladrillo o Bloque de cemento,Red publica dentro de la vivienda,Hombre,Ocupado,6,4,1.5,43.0,7.0,5.0,0
000583,8,1,Urbano,Costa Centro,Ladrillo o Bloque de cemento,Red publica dentro de la vivienda,Hombre,Ocupado,2,2,1.0,36.0,11.0,2.0,0
000584,7,1,Rural,Sierra Centro,Madera,Red publica fuera de la vivienda,Hombre,Ocupado,5,4,1.25,30.0,2.0,6.0,1
000585,3,1,Urbano,Lima Metropolitana,Ladrillo o Bloque de cemento,Red publica dentro de la vivienda,Hombre,Ocupado,3,1,3.0,57.0,10.0,6.0,0
000586,12,1,Urbano,Lima Metropolitana,Ladrillo o Bloque de cemento,Red publica dentro de la vivienda,Hombre,Ocupado,6,3,2.0,52.0,11.0,3.0,0
000587,11,1,Rural,Costa Centro,Adobe,Red publica dentro de la vivienda,Mujer,Ocupado,5,4,1.25,37.0,8.0,5.0,1
000588,11,1,Rural,Sierra Centro,Madera,Red publica dentro de la vivienda,Hombre,Ocupado,4,2,2.0,59.0,8.0,2.0,1
000589,10,1,Urbano,Costa Sur,Ladrillo o Bloque de cemento,Red publica dentro de la vivienda,Mujer,Ocupado,4,2,2.0,22.0,,4.0,0
000590,17,1,Urbano,Costa Norte,Adobe,Red publica dentro de la vivienda,Mujer,Desocupado,2,2,1.0,42.0,7.0,1.0,1
000591,16,1,Urbano,Lima Metropolitana,Ladrillo o Bloque de cemento,Red publica dentro de la vivienda,Hombre,Ocupado,6,3,2.0,51.0,9.0,4.0,0
000592,7,1,Rural,Sierra Sur,Adobe,Red publica dentro de la vivienda,Mujer,Ocupado,3,2,1.5,64.0,9.0,8.0,0
000593,15,1,Urbano,Sierra Norte,Ladrillo o Bloque de cemento,Red publica dentro de la vivienda,Hombre,Ocupado,3,1,3.0,40.0,9.0,4.0,0
000594,18,1,Urbano,Selva,Ladrillo o Bloque de cemento,Otro,Hombre,Ocupado,4,2,2.0,64.0,11.0,2.0,0
000595,17,1,Rural,Costa Norte,Ladrillo o Bloque de cemento,Pozo,Mujer,Ocupado,4,3,1.33,39.0,8.0,2.0,0
000596,19,1,Urbano,Sierra Norte,Ladrillo o Bloque de cemento,Red publica dentro de la vivienda,Mujer,Ocupado,5,5,1.0,60.0,15.0,4.0,0
000597,9,1,Urbano,Lima Metropolitana,Ladrillo o Bloque de cemento,Red publica dentro de la vivienda,Hombre,Inactivo,6,3,2.0,72.0,9.0,8.0,1
000598,13,1,Urbano,Lima Metropolitana,Ladrillo o Bloque de cemento,Red publica fuera de la vivienda,Hombre,Ocupado,4,1,4.0,34.0,16.0,6.0,1
000599,12,1,Urbano,Lima Metropolitana,Ladrillo o Bloque de cemento,Red publica dentro de la vivienda,Hombre,Ocupado,2,2,1.0,50.0,14.0,6.0,0
000600,14,1,Urbano,Lima Metropolitana,Ladrillo o Bloque de cemento,Red publica dentro de la vivienda,Mujer,Ocupado,5,3,1.67,56.0,18.0,8.0,0
000601,11,1,Rural,Sierra Sur,Adobe,"Rio, acequia o manantial",Hombre,Ocupado,4,3,1.33,31.0,11.0,3.0,0
000602,12,1,Urbano,Lima Metropolitana,Otro material,Red publica dentro de la vivienda,Hombre,Ocupado,9,4,2.25,54.0,13.0,4.0,0
000603,5,1,Urbano,Lima Metropolitana,Adobe,Red publica dentro de la vivienda,Hombre,Ocupado,4,3,1.33,40.0,10.0,2.0,0
000604,3,1,Urbano,Lima Metropolitana,Adobe,Red publica dentro de la vivienda,Mujer,Ocupado,2,2,1.0,36.0,15.0,8.0,0
000605,4,1,Urbano,Lima Metropolitana,Ladrillo o Bloque de cemento,Red publica dentro de la vivienda,Hombre,Ocupado,5,3,1.67,42.0,9.0,2.0,0
000606,1,1,Urbano,Lima Metropolitana,Ladrillo o Bloque de cemento,Red publica dentro de la vivienda,Hombre,Ocupado,6,1,6.0,41.0,13.0,7.0,0
000607,12,1,Urbano,Lima Metropolitana,Ladrillo o Bloque de cemento,Red publica dentro de la vivienda,Mujer,Ocupado,5,2,2.5,59.0,10.0,3.0,0
000608,17,1,Urbano,Costa Centro,Ladrillo o Bloque de cemento,Red publica dentro de la vivienda,Hombre,Ocupado,6,4,1.5,48.0,10.0,4.0,1
000609,7,1,Urbano,Lima Metropolitana,Ladrillo o Bloque de cemento,Red publica dentro de la vivienda,Mujer,Inactivo,7,4,1.75,80.0,6.0,4.0,1
000610,10,1,Rural,Sierra Sur,Otro material,"Rio, acequia o manantial",Hombre,Ocupado,5,5,1.0,40.0,6.0,5.0,0
000611,1,1,Rural,Selva,Adobe,Red publica dentro de la vivienda,Hombre,Ocupado,3,3,1.0,55.0,7.0,3.0,0
000612,11,1,Urbano,Lima Metropolitana,Ladrillo o Bloque de cemento,Red publica dentro de la vivienda,Mujer,Ocupado,4,4,1.0,46.0,11.0,4.0,0
000613,3,1,Urbano,Lima Metropolitana,Ladrillo o Bloque de cemento,Red publica dentro de la vivienda,Hombre,Ocupado,6,3,2.0,30.0,12.0,4.0,0
000614,19,1,Urbano,Lima Metropolitana,Adobe,Red publica dentro de la vivienda,Hombre,Inactivo,6,2,3.0,70.0,9.0,4.0,1
000615,17,1,Rural,Sierra Norte,Ladrillo o Bloque de cemento,Pozo,Hombre,Ocupado,6,3,2.0,50.0,9.0,1.0,1
000616,15,1,Urbano,Lima Metropolitana,Ladrillo o Bloque de cemento,Red publica dentro de la vivienda,Mujer,Ocupado,5,3,1.67,37.0,13.0,3.0,0
000617,12,1,Urbano,Lima Metropolitana,Madera,Pozo,Hombre,Ocupado,3,2,1.5,54.0,18.0,3.0,0
000618,9,1,Urbano,Sierra Centro,Ladrillo o Bloque de cemento,Red publica dentro de la vivienda,Hombre,Desocupado,2,1,2.0,62.0,12.0,6.0,1
000619,2,1,Rural,Costa Centro,Adobe,Red publica dentro de la vivienda,Mujer,Ocupado,4,3,1.33,36.0,8.0,3.0,0
000620,7,1,Urbano,Costa Norte,Adobe,Red publica dentro de la vivienda,Hombre,Ocupado,2,1,2.0,49.0,9.0,3.0,0
000621,19,1,Urbano,Lima Metropolitana,Ladrillo o Bloque de cemento,Otro,Mujer,Desocupado,5,4,1.25,63.0,16.0,2.0,1
000622,11,1,Urbano,Sierra Sur,Ladrillo o Bloque de cemento,Red publica dentro de la vivienda,Hombre,Ocupado,5,5,1.0,50.0,10.0,4.0,0
000623,3,1,Urbano,Lima Metropolitana,Ladrillo o Bloque de cemento,Red publica dentro de la vivienda,Hombre,Ocupado,4,2,2.0,56.0,18.0,6.0,0
000624,16,1,Urbano,Sierra Sur,Ladrillo o Bloque de cemento,Red publica dentro de la vivienda,Hombre,Ocupado,5,3,1.67,44.0,16.0,4.0,0
000625,5,1,Urbano,Lima Metropolitana,Ladrillo o Bloque de cemento,Red publica dentro de la vivienda,Hombre,Ocupado,6,5,1.2,26.0,11.0,3.0,0
000626,12,1,Rural,Sierra Sur,Madera,Red publica dentro de la vivienda,Hombre,Ocupado,4,3,1.33,44.0,6.0,5.0,0
000627,5,1,Urbano,Lima Metropolitana,Otro material,Red publica dentro de la vivienda,Mujer,Ocupado,3,3,1.0,40.0,10.0,5.0,0
000628,1,1,Urbano,Costa Norte,Ladrillo o Bloque de cemento,Red publica dentro de la vivienda,Hombre,Ocupado,3,3,1.0,46.0,7.0,1.0,0
000629,13,1,Rural,Selva,Adobe,"Rio, acequia o manantial",Hombre,Ocupado,5,4,1.25,40.0,7.0,2.0,0
000630,9,1,Urbano,Lima Metropolitana,Ladrillo o Bloque de cemento,Red publica dentro de la vivienda,Hombre,Ocupado,1,1,1.0,50.0,13.0,5.0,0
000631,8,1,Urbano,Lima Metropolitana,Ladrillo o Bloque de cemento,Red publica dentro de la vivienda,Hombre,Ocupado,5,5,1.0,43.0,15.0,5.0,0
000632,18,1,Urbano,Lima Metropolitana,Ladrillo o Bloque de cemento,,Hombre,Ocupado,4,3,1.33,59.0,12.0,4.0,0
000633,2,1,Rural,Costa Norte,Adobe,Red publica fuera de la vivienda,Hombre,Ocupado,9,5,1.8,57.0,9.0,3.0,1
000634,15,1,Urbano,Sierra Centro,Ladrillo o Bloque de cemento,Red publica fuera de la vivienda,Hombre,Ocupado,5,2,2.5,35.0,11.0,6.0,1
000635,3,1,Rural,Costa Norte,Adobe,"Rio, acequia o manantial",Hombre,Inactivo,6,5,1.2,66.0,6.0,7.0,1
000636,19,1,Urbano,Costa Centro,Madera,Red publica dentro de la vivienda,Hombre,Ocupado,6,4,1.5,38.0,11.0,2.0,0
000637,17,1,Urbano,Lima Metropolitana,Ladrillo o Bloque de cemento,Red publica dentro de la vivienda,Hombre,Ocupado,4,2,2.0,32.0,15.0,4.0,0
000638,18,1,Urbano,Lima Metropolitana,Ladrillo o Bloque de cemento,Red publica dentro de la vivienda,Hombre,Ocupado,4,2,2.0,63.0,11.0,3.0,0
000639,12,1,Urbano,Lima Metropolitana,Ladrillo o Bloque de cemento,Red publica dentro de la vivienda,Hombre,Ocupado,7,4,1.75,40.0,15.0,4.0,0
000640,10,1,Urbano,Lima Metropolitana,Ladrillo o Bloque de cemento,Red publica dentro de la vivienda,Hombre,Ocupado,3,3,1.0,49.0,10.0,5.0,0
000641,15,1,Urbano,Lima Metropolitana,Ladrillo o Bloque de cemento,Red publica dentro de la vivienda,Mujer,Ocupado,2,1,2.0,30.0,11.0,1.0,0
000642,7,1,Urbano,Lima Metropolitana,Ladrillo o Bloque de cemento,Red publica dentro de la vivienda,Hombre,Ocupado,3,1,3.0,43.0,7.0,3.0,0
000643,17,1,Rural,Costa Norte,Adobe,"Rio, acequia o manantial",Hombre,Ocupado,5,5,1.0,46.0,,4.0,0
000644,8,1,Urbano,Costa Sur,Ladrillo o Bloque de cemento,Red publica dentro de la vivienda,Hombre,Ocupado,1,1,1.0,43.0,7.0,6.0,0
000645,17,1,Urbano,Lima Metropolitana,Ladrillo o Bloque de cemento,Red publica dentro de la vivienda,Mujer,Ocupado,1,1,1.0,41.0,14.0,3.0,0
000646,14,1,Urbano,Lima Metropolitana,Ladrillo o Bloque de cemento,Red publica dentro de la vivienda,Hombre,Ocupado,4,3,1.33,49.0,14.0,6.0,0
000647,14,1,Urbano,Costa Norte,Ladrillo o Bloque de cemento,Red publica dentro de la vivienda,Hombre,Ocupado,4,4,1.0,62.0,15.0,5.0,0
000648,15,1,Rural,Selva,Adobe,Red publica fuera de la vivienda,Hombre,Ocupado,7,4,1.75,35.0,12.0,4.0,0
000649,11,1,Urbano,Lima Metropolitana,Ladrillo o Bloque de cemento,Red publica dentro de la vivienda,Hombre,Desocupado,2,1,2.0,18.0,12.0,4.0,1
000650,12,1,Urbano,Costa Norte,Adobe,Red publica dentro de la vivienda,Hombre,Inactivo,8,6,1.33,65.0,9.0,3.0,1
000651,2,1,Rural,Sierra Centro,Madera,Red publica dentro de la vivienda,Mujer,Ocupado,4,4,1.0,39.0,8.0,1.0,0
000652,12,1,Urbano,Lima Metropolitana,Ladrillo o Bloque de cemento,Red publica dentro de la vivienda,Hombre,Ocupado,5,4,1.25,40.0,11.0,7.0,0
000653,16,1,Urbano,Lima Metropolitana,Ladrillo o Bloque de cemento,Red publica dentro de la vivienda,Hombre,Ocupado,4,1,4.0,40.0,11.0,2.0,0
000654,1,1,Rural,Costa Sur,Otro material,Pozo,Mujer,Ocupado,5,2,2.5,29.0,6.0,4.0,0
000655,2,1,Urbano,Lima Metropolitana,Ladrillo o Bloque de cemento,Red publica dentro de la vivienda,Hombre,Ocupado,2,2,1.0,42.0,11.0,6.0,0
000656,1,1,Rural,Sierra Centro,Adobe,Pozo,Hombre,Ocupado,9,5,1.8,44.0,13.0,4.0,1
000657,2,1,Urbano,Lima Metropolitana,Ladrillo o Bloque de cemento,Red publica dentro de la vivienda,Hombre,Ocupado,6,5,1.2,54.0,12.0,2.0,0
000658,14,1,Rural,Sierra Norte,Adobe,Red publica fuera de la vivienda,Hombre,Ocupado,5,4,1.25,40.0,6.0,4.0,0
000659,1,1,Urbano,Selva,Ladrillo o Bloque de cemento,Red publica dentro de la vivienda,Hombre,Ocupado,4,3,1.33,18.0,14.0,7.0,0
000660,7,1,Rural,Sierra Centro,Otro material,Red publica dentro de la vivienda,Hombre,Ocupado,2,1,2.0,29.0,14.0,4.0,0
000661,15,1,Rural,Sierra Norte,Adobe,"Rio, acequia o manantial",Hombre,Ocupado,5,4,1.25,64.0,6.0,4.0,1
000662,7,1,Urbano,Lima Metropolitana,Ladrillo o Bloque de cemento,Red publica dentro de la vivienda,Hombre,Ocupado,7,6,1.17,36.0,7.0,1.0,0
000663,19,1,Urbano,Costa Sur,Ladrillo o Bloque de cemento,Red publica dentro de la vivienda,Hombre,Ocupado,8,4,2.0,56.0,11.0,4.0,0
000664,19,1,Urbano,Costa Norte,Ladrillo o Bloque de cemento,Red publica dentro de la vivienda,Hombre,Ocupado,1,1,1.0,38.0,6.0,4.0,0
000665,4,1,Rural,Sierra Centro,Adobe,Red publica dentro de la vivienda,Hombre,Ocupado,3,2,1.5,59.0,5.0,5.0,0
000666,17,1,Urbano,Lima Metropolitana,Ladrillo o Bloque de cemento,Red publica dentro de la vivienda,Mujer,Ocupado,5,3,1.67,49.0,,7.0,0
000667,17,1,Urbano,Lima Metropolitana,Adobe,,Hombre,Ocupado,6,4,1.5,28.0,10.0,2.0,0
000668,18,1,Urbano,Lima Metropolitana,Ladrillo o Bloque de cemento,Red publica dentro de la vivienda,Mujer,Ocupado,3,2,1.5,32.0,9.0,2.0,0
000669,2,1,Urbano,Sierra Norte,Ladrillo o Bloque de cemento,Red publica dentro de la vivienda,Mujer,Ocupado,5,3,1.67,27.0,14.0,6.0,0
000670,17,1,Urbano,Sierra Centro,Adobe,Red publica dentro de la vivienda,Hombre,Ocupado,2,1,2.0,61.0,10.0,2.0,0
000671,5,1,Rural,Costa Centro,Ladrillo o Bloque de cemento,Otro,Mujer,Desocupado,2,2,1.0,30.0,10.0,2.0,1
000672,11,1,Rural,Selva,Ladrillo o Bloque de cemento,Pozo,Mujer,Ocupado,3,3,1.0,43.0,6.0,5.0,1
000673,9,1,Urbano,Lima Metropolitana,Ladrillo o Bloque de cemento,Red publica dentro de la vivienda,Mujer,Ocupado,5,3,1.67,47.0,15.0,5.0,0
000674,14,1,Urbano,Lima Metropolitana,Ladrillo o Bloque de cemento,Red publica dentro de la vivienda,Hombre,Ocupado,4,2,2.0,51.0,8.0,2.0,0
000675,9,1,Rural,Selva,Adobe,"Rio, acequia o manantial",Hombre,Ocupado,2,2,1.0,42.0,4.0,2.0,0
000676,6,1,Urbano,Sierra Centro,Ladrillo o Bloque de cemento,Pozo,Hombre,Ocupado,5,2,2.5,26.0,10.0,2.0,0
000677,1,1,Urbano,Lima Metropolitana,Ladrillo o Bloque de cemento,Otro,Hombre,Ocupado,3,1,3.0,31.0,11.0,3.0,0
000678,1,1,Urbano,Sierra Sur,Ladrillo o Bloque de cemento,,Hombre,Ocupado,3,2,1.5,33.0,18.0,7.0,0
000679,2,1,Urbano,Costa Centro,Otro material,Red publica dentro de la vivienda,Hombre,Ocupado,4,2,2.0,18.0,14.0,3.0,0
000680,10,1,Urbano,Sierra Centro,Ladrillo o Bloque de cemento,Red publica dentro de la vivienda,Hombre,Ocupado,8,5,1.6,54.0,14.0,2.0,1
000681,4,1,Rural,Costa Norte,Adobe,Red publica dentro de la vivienda,Hombre,Ocupado,9,5,1.8,55.0,6.0,3.0,1
000682,17,1,Urbano,Costa Sur,Ladrillo o Bloque de cemento,Otro,Hombre,Ocupado,4,3,1.33,33.0,7.0,3.0,0
000683,15,1,Urbano,Costa Norte,Ladrillo o Bloque de cemento,Red publica dentro de la vivienda,Hombre,Inactivo,7,5,1.4,66.0,16.0,2.0,0
000684,8,1,Urbano,Sierra Sur,Ladrillo o Bloque de cemento,Red publica dentro de la vivienda,Hombre,Ocupado,4,3,1.33,47.0,6.0,1.0,0
000685,16,1,Urbano,Lima Metropolitana,Ladrillo o Bloque de cemento,Pozo,Hombre,Ocupado,9,5,1.8,60.0,11.0,5.0,1
000686,12,1,Rural,Sierra Centro,Adobe,"Rio, acequia o manantial",Hombre,Ocupado,5,3,1.67,59.0,8.0,4.0,0
000687,7,1,Urbano,Sierra Sur,Adobe,Red publica dentro de la vivienda,Mujer,Ocupado,5,4,1.25,46.0,18.0,4.0,0
000688,15,1,Urbano,Lima Metropolitana,Ladrillo o Bloque de cemento,Red publica dentro de la vivienda,Hombre,Ocupado,9,4,2.25,20.0,18.0,4.0,1
000689,7,1,Urbano,Lima Metropolitana,Adobe,Red publica dentro de la vivienda,Hombre,Ocupado,6,5,1.2,51.0,14.0,3.0,0
000690,16,1,Urbano,Selva,Ladrillo o Bloque de cemento,Red publica dentro de la vivienda,Hombre,Ocupado,6,5,1.2,55.0,18.0,3.0,0
000691,9,1,Rural,Sierra Norte,Ladrillo o Bloque de cemento,Red publica fuera de la vivienda,Mujer,Ocupado,2,2,1.0,39.0,5.0,2.0,0
000692,15,1,Urbano,Lima Metropolitana,Madera,Red publica dentro de la vivienda,Hombre,Ocupado,7,3,2.33,50.0,14.0,5.0,0
000693,10,1,Rural,Costa Sur,Ladrillo o Bloque de cemento,Red publica dentro de la vivienda,Hombre,Ocupado,7,5,1.4,48.0,11.0,2.0,0
000694,3,1,Rural,Sierra Norte,Adobe,Red publica dentro de la vivienda,Hombre,Ocupado,2,2,1.0,35.0,2.0,4.0,0
000695,10,1,Urbano,Lima Metropolitana,Ladrillo o Bloque de cemento,Red publica dentro de la vivienda,Hombre,Ocupado,4,4,1.0,47.0,14.0,4.0,0
000696,18,1,Urbano,Selva,Ladrillo o Bloque de cemento,"Rio, acequia o manantial",Mujer,Ocupado,4,4,1.0,41.0,12.0,5.0,0
000697,19,1,Urbano,Lima Metropolitana,Ladrillo o Bloque de cemento,Red publica dentro de la vivienda,Hombre,Desocupado,5,4,1.25,53.0,14.0,7.0,1
000698,19,1,Rural,Selva,Adobe,Red publica dentro de la vivienda,Mujer,Desocupado,6,4,1.5,40.0,3.0,4.0,0
000699,17,1,Urbano,Lima Metropolitana,Adobe,Red publica dentro de la vivienda,Hombre,Ocupado,5,2,2.5,38.0,14.0,4.0,0
000700,17,1,Rural,Sierra Norte,Adobe,Red publica fuera de la vivienda,Hombre,Ocupado,4,3,1.33,25.0,7.0,1.0,0
000701,4,1,Rural,Sierra Norte,Madera,"Rio, acequia o manantial",Hombre,Inactivo,4,4,1.0,79.0,5.0,1.0,1
000702,17,1,Rural,Sierra Norte,Adobe,"Rio, acequia o manantial",Hombre,Ocupado,1,1,1.0,42.0,9.0,1.0,0
000703,13,1,Urbano,Costa Centro,Adobe,Red publica dentro de la vivienda,Hombre,Ocupado,5,3,1.67,32.0,15.0,5.0,0
000704,1,1,Urbano,Lima Metropolitana,Ladrillo o Bloque de cemento,Red publica dentro de la vivienda,Hombre,Ocupado,4,2,2.0,56.0,10.0,4.0,0
000705,14,1,Rural,Sierra Norte,Ladrillo o Bloque de cemento,"Rio, acequia o manantial",Hombre,Ocupado,5,4,1.25,51.0,8.0,1.0,0
000706,16,1,Rural,Selva,,Pozo,Hombre,Ocupado,2,2,1.0,56.0,11.0,1.0,0
000707,12,1,Urbano,Lima Metropolitana,Adobe,Red publica dentro de la vivienda,Hombre,Ocupado,4,3,1.33,57.0,17.0,2.0,0
000708,19,1,Urbano,Lima Metropolitana,Ladrillo o Bloque de cemento,Red publica dentro de la vivienda,Hombre,Ocupado,1,1,1.0,63.0,12.0,3.0,0
000709,10,1,Rural,Sierra Sur,Madera,"Rio, acequia o manantial",Hombre,Ocupado,5,2,2.5,33.0,10.0,4.0,0
000710,3,1,Rural,Sierra Sur,Adobe,Otro,Mujer,Ocupado,6,4,1.5,50.0,6.0,5.0,0
000711,2,1,Urbano,Lima Metropolitana,Ladrillo o Bloque de cemento,"Rio, acequia o manantial",Mujer,Ocupado,3,3,1.0,26.0,15.0,8.0,0
000712,10,1,Urbano,Lima Metropolitana,Ladrillo o Bloque de cemento,Red publica dentro de la vivienda,Mujer,Ocupado,3,1,3.0,44.0,10.0,4.0,0
000713,12,1,Urbano,Lima Metropolitana,Ladrillo o Bloque de cemento,Red publica dentro de la vivienda,Hombre,Ocupado,3,2,1.5,57.0,8.0,4.0,0
000714,2,1,Urbano,Lima Metropolitana,Ladrillo o Bloque de cemento,Red publica dentro de la vivienda,Hombre,Ocupado,9,6,1.5,35.0,14.0,6.0,0
000715,16,1,Rural,Lima Metropolitana,Otro material,Red publica dentro de la vivienda,Hombre,Inactivo,4,2,2.0,79.0,11.0,4.0,0
000716,16,1,Rural,Costa Sur,Adobe,Pozo,Hombre,Ocupado,5,4,1.25,48.0,,4.0,1
000717,1,1,Rural,Selva,Ladrillo o Bloque de cemento,Red publica dentro de la vivienda,Mujer,Ocupado,4,2,2.0,23.0,4.0,5.0,0
000718,11,1,Rural,Costa Centro,,Pozo,Hombre,Desocupado,4,2,2.0,58.0,0.0,3.0,1
000719,14,1,Urbano,Lima Metropolitana,Ladrillo o Bloque de cemento,Red publica dentro de la vivienda,Mujer,Inactivo,2,1,2.0,79.0,15.0,2.0,1
000720,10,1,Urbano,Lima Metropolitana,Ladrillo o Bloque de cemento,Red publica dentro de la vivienda,Mujer,Ocupado,2,2,1.0,18.0,17.0,5.0,0
000721,9,1,Urbano,Selva,Ladrillo o Bloque de cemento,Red publica fuera de la vivienda,Mujer,Ocupado,7,5,1.4,58.0,5.0,7.0,0
000722,15,1,Rural,Sierra Sur,Otro material,Red publica fuera de la vivienda,Hombre,Ocupado,7,3,2.33,34.0,6.0,2.0,0
000723,5,1,Urbano,Costa Norte,Otro material,Red publica dentro de la vivienda,Hombre,Ocupado,6,3,2.0,47.0,8.0,7.0,0
000724,1,1,Urbano,Lima Metropolitana,Ladrillo o Bloque de cemento,Red publica dentro de la vivienda,Mujer,Ocupado,4,1,4.0,30.0,13.0,5.0,0
000725,12,1,Urbano,Costa Centro,Ladrillo o Bloque de cemento,Red publica dentro de la vivienda,Hombre,Ocupado,4,3,1.33,60.0,15.0,3.0,0
000726,18,1,Urbano,Costa Norte,Ladrillo o Bloque de cemento,Red publica dentro de la vivienda,Hombre,Ocupado,2,1,2.0,44.0,10.0,2.0,0
000727,16,1,Urbano,Sierra Norte,Ladrillo o Bloque de cemento,Red publica dentro de la vivienda,Hombre,Ocupado,7,6,1.17,64.0,9.0,3.0,0
000728,1,1,Urbano,Costa Norte,Adobe,Red publica dentro de la vivienda,Mujer,Ocupado,9,5,1.8,34.0,12.0,6.0,0
000729,10,1,Rural,Sierra Sur,Madera,Red publica fuera de la vivienda,Mujer,Ocupado,6,4,1.5,45.0,0.0,2.0,1
000730,18,1,Rural,Selva,Adobe,Red publica fuera de la vivienda,Hombre,Ocupado,4,1,4.0,18.0,9.0,5.0,0
000731,14,1,Rural,Sierra Norte,Madera,Red publica fuera de la vivienda,Hombre,Inactivo,5,3,1.67,84.0,10.0,4.0,1
000732,5,1,Urbano,Costa Norte,Ladrillo o Bloque de cemento,Otro,Hombre,Inactivo,3,1,3.0,75.0,11.0,4.0,1
000733,2,1,Urbano,Costa Centro,Ladrillo o Bloque de cemento,Red publica dentro de la vivienda,Hombre,Inactivo,5,1,5.0,79.0,10.0,2.0,1
000734,10,1,Rural,Sierra Centro,Ladrillo o Bloque de cemento,Red publica dentro de la vivienda,Hombre,Inactivo,9,4,2.25,69.0,6.0,4.0,1
000735,8,1,Urbano,Costa Norte,Adobe,Red publica dentro de la vivienda,Hombre,Ocupado,5,3,1.67,40.0,10.0,2.0,0
000736,10,1,Urbano,Lima Metropolitana,Ladrillo o Bloque de cemento,Red publica dentro de la vivienda,Hombre,Ocupado,5,4,1.25,47.0,12.0,4.0,0
000737,8,1,Urbano,Costa Sur,Ladrillo o Bloque de cemento,Red publica dentro de la vivienda,Hombre,Ocupado,8,6,1.33,52.0,6.0,1.0,0
000738,14,1,Rural,Sierra Norte,Adobe,"Rio, acequia o manantial",Hombre,Ocupado,8,4,2.0,53.0,8.0,3.0,1
000739,15,1,Urbano,Sierra Centro,Ladrillo o Bloque de cemento,Red publica dentro de la vivienda,Mujer,Ocupado,6,4,1.5,33.0,10.0,2.0,1
000740,5,1,Urbano,Sierra Sur,Madera,Red publica fuera de la vivienda,Hombre,Ocupado,2,2,1.0,32.0,11.0,5.0,0
000741,14,1,Rural,Costa Norte,Adobe,Red publica dentro de la vivienda,Mujer,Desocupado,3,2,1.5,29.0,5.0,,1
000742,9,1,Urbano,Costa Centro,Ladrillo o Bloque de cemento,Red publica dentro de la vivienda,Hombre,Ocupado,7,4,1.75,42.0,12.0,3.0,0
000743,4,1,Urbano,Lima Metropolitana,Otro material,Pozo,Hombre,Ocupado,5,3,1.67,44.0,17.0,6.0,0
000744,6,1,Urbano,Costa Norte,Ladrillo o Bloque de cemento,Red publica dentro de la vivienda,Hombre,Ocupado,4,3,1.33,42.0,,5.0,0
000745,16,1,Urbano,Selva,Ladrillo o Bloque de cemento,Red publica fuera de la vivienda,Hombre,Ocupado,3,3,1.0,52.0,6.0,1.0,0
000746,1,1,Rural,Sierra Sur,Adobe,Red publica fuera de la vivienda,Hombre,Ocupado,3,3,1.0,29.0,7.0,2.0,0
000747,11,1,Urbano,Sierra Centro,Ladrillo o Bloque de cemento,Red publica dentro de la vivienda,Mujer,Ocupado,6,4,1.5,36.0,12.0,6.0,0
000748,10,1,Urbano,Sierra Sur,Adobe,Red publica dentro de la vivienda,Mujer,Ocupado,2,1,2.0,37.0,11.0,6.0,1
000749,10,1,Urbano,Lima Metropolitana,Ladrillo o Bloque de cemento,Red publica dentro de la vivienda,Hombre,Ocupado,7,7,1.0,59.0,10.0,3.0,0
000750,9,1,Urbano,Lima Metropolitana,Ladrillo o Bloque de cemento,Red publica dentro de la vivienda,Mujer,Ocupado,7,4,1.75,51.0,12.0,3.0,0
000751,2,1,Urbano,Sierra Norte,Adobe,Red publica dentro de la vivienda,Hombre,Ocupado,7,4,1.75,53.0,14.0,5.0,0
000752,9,1,Rural,Sierra Norte,Adobe,"Rio, acequia o manantial",Hombre,Ocupado,3,1,3.0,35.0,6.0,2.0,1
000753,18,1,Urbano,Sierra Norte,Ladrillo o Bloque de cemento,Red publica dentro de la vivienda,Mujer,Ocupado,7,5,1.4,49.0,15.0,3.0,0
000754,19,1,Urbano,Sierra Sur,Ladrillo o Bloque de cemento,Red publica fuera de la vivienda,Hombre,Ocupado,5,4,1.25,37.0,9.0,2.0,0
000755,14,1,Urbano,Lima Metropolitana,Ladrillo o Bloque de cemento,Red publica dentro de la vivienda,Mujer,Ocupado,5,5,1.0,38.0,9.0,4.0,0
000756,15,1,Urbano,Costa Sur,Ladrillo o Bloque de cemento,Red publica dentro de la vivienda,Hombre,Ocupado,1,1,1.0,53.0,10.0,2.0,0
000757,16,1,Rural,Sierra Centro,Madera,Red publica dentro de la vivienda,Hombre,Ocupado,4,3,1.33,39.0,0.0,1.0,0
000758,10,1,Urbano,Lima Metropolitana,Ladrillo o Bloque de cemento,Red publica dentro de la vivienda,Hombre,Ocupado,2,2,1.0,47.0,12.0,5.0,0
000759,14,1,Urbano,Costa Norte,Ladrillo o Bloque de cemento,Red publica dentro de la vivienda,Mujer,Ocupado,6,2,3.0,44.0,10.0,3.0,1
000760,8,1,Rural,Sierra Sur,Adobe,"Rio, acequia o manantial",Mujer,Ocupado,9,2,4.5,32.0,9.0,5.0,1
000761,8,1,Urbano,Lima Metropolitana,Ladrillo o Bloque de cemento,"Rio, acequia o manantial",Mujer,Ocupado,3,2,1.5,40.0,7.0,3.0,0
000762,7,1,Rural,Costa Centro,Madera,Red publica fuera de la vivienda,Hombre,Desocupado,6,4,1.5,40.0,9.0,2.0,1
000763,1,1,Urbano,Costa Norte,Adobe,Red publica dentro de la vivienda,Hombre,Ocupado,3,3,1.0,43.0,11.0,3.0,0
000764,17,1,Urbano,Costa Centro,Ladrillo o Bloque de cemento,Pozo,Hombre,Ocupado,3,2,1.5,23.0,16.0,6.0,0
000765,9,1,Urbano,Lima Metropolitana,,Red publica dentro de la vivienda,Hombre,Ocupado,3,2,1.5,38.0,12.0,5.0,0
000766,8,1,Urbano,Costa Norte,Adobe,Red publica dentro de la vivienda,Hombre,Ocupado,1,1,1.0,61.0,12.0,4.0,0
000767,15,1,Urbano,Costa Sur,Ladrillo o Bloque de cemento,Red publica fuera de la vivienda,Hombre,Ocupado,3,2,1.5,54.0,13.0,4.0,0
000768,10,1,Urbano,Costa Norte,Ladrillo o Bloque de cemento,"Rio, acequia o manantial",Mujer,Ocupado,3,3,1.0,42.0,4.0,1.0,0
000769,11,1,Urbano,Costa Centro,Ladrillo o Bloque de cemento,Red publica dentro de la vivienda,Hombre,Ocupado,5,3,1.67,31.0,15.0,5.0,0
000770,16,1,Urbano,Lima Metropolitana,Adobe,Red publica dentro de la vivienda,Mujer,Ocupado,9,6,1.5,49.0,12.0,5.0,0
000771,19,1,Rural,Sierra Norte,Adobe,,Mujer,Ocupado,3,2,1.5,62.0,2.0,3.0,0
000772,15,1,Urbano,Selva,Madera,Red publica dentro de la vivienda,Hombre,Inactivo,3,3,1.0,69.0,11.0,2.0,1
000773,19,1,Urbano,Selva,Ladrillo o Bloque de cemento,Otro,Hombre,Ocupado,4,1,4.0,41.0,15.0,3.0,0
000774,3,1,Urbano,Lima Metropolitana,Adobe,Red publica dentro de la vivienda,Mujer,Ocupado,4,2,2.0,33.0,11.0,5.0,0
000775,7,1,Urbano,Costa Norte,Ladrillo o Bloque de cemento,Otro,Mujer,Ocupado,6,5,1.2,55.0,11.0,4.0,0
000776,4,1,Urbano,Lima Metropolitana,Ladrillo o Bloque de cemento,Red publica dentro de la vivienda,Mujer,Ocupado,7,3,2.33,53.0,6.0,2.0,0
000777,4,1,Rural,Selva,Otro material,Red publica fuera de la vivienda,Hombre,Ocupado,5,4,1.25,48.0,,1.0,0
000778,8,1,Urbano,Costa Centro,Ladrillo o Bloque de cemento,Red publica dentro de la vivienda,Mujer,Ocupado,3,2,1.5,39.0,13.0,4.0,1
000779,5,1,Urbano,Lima Metropolitana,Ladrillo o Bloque de cemento,Red publica dentro de la vivienda,Hombre,Ocupado,4,1,4.0,30.0,16.0,2.0,0
000780,5,1,Urbano,Lima Metropolitana,Ladrillo o Bloque de cemento,Red publica dentro de la vivienda,Hombre,Ocupado,7,4,1.75,57.0,13.0,4.0,0
000781,17,1,Urbano,Sierra Norte,Ladrillo o Bloque de cemento,Red publica dentro de la vivienda,Hombre,Ocupado,2,2,1.0,61.0,13.0,5.0,0
000782,9,1,Urbano,Lima Metropolitana,Madera,Red publica dentro de la vivienda,Hombre,Ocupado,4,3,1.33,43.0,,3.0,0
000783,16,1,Urbano,Sierra Sur,Ladrillo o Bloque de cemento,Red publica dentro de la vivienda,Hombre,Inactivo,7,4,1.75,,11.0,2.0,1
000784,3,1,Rural,Selva,Otro material,Red publica dentro de la vivienda,Hombre,Desocupado,6,3,2.0,51.0,3.0,2.0,1
000785,7,1,Urbano,Lima Metropolitana,Ladrillo o Bloque de cemento,Red publica dentro de la vivienda,Hombre,Ocupado,3,2,1.5,46.0,11.0,2.0,0
000786,8,1,Rural,Sierra Centro,Madera,"Rio, acequia o manantial",Hombre,Ocupado,5,3,1.67,31.0,6.0,4.0,1
000787,16,1,Urbano,Lima Metropolitana,Ladrillo o Bloque de cemento,Red publica dentro de la vivienda,Hombre,Ocupado,6,4,1.5,24.0,7.0,5.0,0
000788,11,1,Urbano,Sierra Norte,Ladrillo o Bloque de cemento,Red publica dentro de la vivienda,Hombre,Ocupado,4,3,1.33,41.0,18.0,8.0,0
000789,5,1,Urbano,Lima Metropolitana,Ladrillo o Bloque de cemento,Red publica dentro de la vivienda,Hombre,Ocupado,5,4,1.25,53.0,10.0,4.0,0
000790,10,1,Urbano,Selva,Adobe,Red publica dentro de la vivienda,Hombre,Inactivo,5,4,1.25,81.0,12.0,4.0,0
000791,15,1,Urbano,Costa Sur,Madera,Red publica dentro de la vivienda,Hombre,Ocupado,4,2,2.0,49.0,7.0,4.0,0
000792,7,1,Urbano,Sierra Sur,Ladrillo o Bloque de cemento,Red publica dentro de la vivienda,Hombre,Desocupado,5,2,2.5,56.0,1.0,2.0,1
000793,13,1,Rural,Sierra Norte,Madera,"Rio, acequia o manantial",Hombre,Ocupado,4,3,1.33,36.0,12.0,2.0,1
000794,12,1,Urbano,Costa Norte,Ladrillo o Bloque de cemento,Red publica dentro de la vivienda,Hombre,Ocupado,3,3,1.0,51.0,11.0,6.0,0
000795,11,1,Urbano,Costa Norte,Adobe,Red publica dentro de la vivienda,Hombre,Ocupado,3,2,1.5,49.0,4.0,8.0,1
000796,6,1,Urbano,Sierra Centro,Ladrillo o Bloque de cemento,Red publica fuera de la vivienda,Hombre,Ocupado,7,2,3.5,35.0,8.0,2.0,1
000797,19,1,Urbano,Costa Norte,Adobe,Red publica dentro de la vivienda,Mujer,Inactivo,2,1,2.0,67.0,18.0,3.0,1
000798,18,1,Urbano,Costa Centro,Ladrillo o Bloque de cemento,Red publica dentro de la vivienda,Hombre,Desocupado,3,1,3.0,46.0,13.0,3.0,1
000799,6,1,Urbano,Lima Metropolitana,Ladrillo o Bloque de cemento,Red publica dentro de la vivienda,Mujer,Ocupado,4,2,2.0,63.0,4.0,4.0,1
000800,12,1,Urbano,Lima Metropolitana,Ladrillo o Bloque de cemento,Pozo,Mujer,Ocupado,7,5,1.4,48.0,11.0,3.0,0
000801,1,1,Urbano,Lima Metropolitana,Ladrillo o Bloque de cemento,Red publica dentro de la vivienda,Mujer,Ocupado,3,1,3.0,43.0,12.0,4.0,1
000802,18,1,Rural,Sierra Norte,Adobe,"Rio, acequia o manantial",Hombre,Ocupado,6,3,2.0,37.0,8.0,6.0,1
000803,17,1,Urbano,Lima Metropolitana,Ladrillo o Bloque de cemento,Red publica dentro de la vivienda,Hombre,Ocupado,4,2,2.0,43.0,12.0,3.0,0
000804,19,1,Rural,Selva,Ladrillo o Bloque de cemento,Red publica dentro de la vivienda,Hombre,Inactivo,4,3,1.33,69.0,1.0,3.0,1
000805,5,1,Urbano,Costa Centro,Ladrillo o Bloque de cemento,Red publica dentro de la vivienda,Hombre,Ocupado,6,4,1.5,35.0,9.0,4.0,0
000806,6,1,Urbano,Costa Centro,Ladrillo o Bloque de cemento,Red publica dentro de la vivienda,Hombre,Ocupado,6,5,1.2,57.0,8.0,3.0,0
000807,4,1,Urbano,Lima Metropolitana,Ladrillo o Bloque de cemento,Red publica fuera de la vivienda,Mujer,Ocupado,3,2,1.5,44.0,15.0,4.0,0
000808,16,1,Urbano,Costa Centro,Ladrillo o Bloque de cemento,Red publica dentro de la vivienda,Hombre,Ocupado,5,5,1.0,56.0,9.0,6.0,1
000809,17,1,Urbano,Selva,Ladrillo o Bloque de cemento,Red publica dentro de la vivienda,Hombre,Ocupado,2,1,2.0,51.0,9.0,2.0,0
000810,18,1,Urbano,Lima Metropolitana,Madera,Red publica dentro de la vivienda,Mujer,Ocupado,6,3,2.0,29.0,12.0,3.0,0
000811,16,1,Urbano,Costa Norte,Madera,Red publica dentro de la vivienda,Hombre,Ocupado,6,5,1.2,50.0,8.0,3.0,0
000812,4,1,Urbano,Costa Norte,Ladrillo o Bloque de cemento,Red publica dentro de la vivienda,Hombre,Inactivo,7,4,1.75,78.0,16.0,2.0,1
000813,6,1,Urbano,Lima Metropolitana,Ladrillo o Bloque de cemento,Red publica dentro de la vivienda,Hombre,Ocupado,2,1,2.0,52.0,16.0,4.0,0
000814,12,1,Urbano,Selva,Ladrillo o Bloque de cemento,,Hombre,Ocupado,3,3,1.0,61.0,15.0,5.0,0
000815,14,1,Urbano,Costa Centro,Ladrillo o Bloque de cemento,Red publica dentro de la vivienda,Hombre,Ocupado,3,1,3.0,52.0,7.0,,1
000816,6,1,Urbano,Lima Metropolitana,Ladrillo o Bloque de cemento,Red publica dentro de la vivienda,Mujer,Ocupado,2,1,2.0,59.0,14.0,8.0,0
000817,16,1,Urbano,Lima Metropolitana,Ladrillo o Bloque de cemento,Red publica dentro de la vivienda,Hombre,Ocupado,5,3,1.67,38.0,15.0,4.0,0
000818,15,1,Urbano,Selva,Ladrillo o Bloque de cemento,Red publica dentro de la vivienda,Hombre,Ocupado,6,4,1.5,46.0,8.0,3.0,0
000819,15,1,Urbano,Lima Metropolitana,Ladrillo o Bloque de cemento,Red publica dentro de la vivienda,Hombre,Ocupado,5,3,1.67,60.0,9.0,3.0,0
000820,17,1,Urbano,Sierra Norte,Ladrillo o Bloque de cemento,Red publica dentro de la vivienda,Mujer,Ocupado,4,4,1.0,43.0,8.0,5.0,0
000821,14,1,Urbano,Costa Norte,Ladrillo o Bloque de cemento,Red publica dentro de la vivienda,Mujer,Ocupado,5,2,2.5,,6.0,7.0,1
000822,12,1,Rural,Selva,Otro material,Red publica dentro de la vivienda,Hombre,Ocupado,4,2,2.0,34.0,10.0,3.0,1
000823,8,1,Urbano,Sierra Norte,Ladrillo o Bloque de cemento,Red publica dentro de la vivienda,Mujer,Ocupado,5,4,1.25,49.0,14.0,4.0,0
000824,7,1,Urbano,Lima Metropolitana,Ladrillo o Bloque de cemento,Red publica dentro de la vivienda,Mujer,Ocupado,4,2,2.0,44.0,11.0,3.0,0
000825,2,1,Urbano,Lima Metropolitana,Adobe,Red publica dentro de la vivienda,Hombre,Inactivo,5,2,2.5,85.0,12.0,4.0,1
000826,2,1,Urbano,Costa Norte,Adobe,Red publica dentro de la vivienda,Hombre,Ocupado,5,5,1.0,43.0,9.0,3.0,0
000827,17,1,Urbano,Selva,Ladrillo o Bloque de cemento,Red publica dentro de la vivienda,Hombre,Ocupado,8,6,1.33,54.0,18.0,4.0,0
000828,12,1,Urbano,Costa Sur,Ladrillo o Bloque de cemento,Red publica dentro de la vivienda,Hombre,Ocupado,5,3,1.67,20.0,10.0,3.0,0
000829,5,1,Urbano,Lima Metropolitana,Ladrillo o Bloque de cemento,Red publica dentro de la vivienda,Hombre,Desocupado,9,6,1.5,32.0,11.0,3.0,1
000830,18,1,Urbano,Sierra Norte,Ladrillo o Bloque de cemento,Red publica dentro de la vivienda,Hombre,Ocupado,4,4,1.0,52.0,11.0,4.0,0
000831,12,1,Rural,Selva,Ladrillo o Bloque de cemento,Red publica dentro de la vivienda,Hombre,Ocupado,5,2,2.5,44.0,2.0,4.0,1
000832,16,1,Urbano,Selva,Ladrillo o Bloque de cemento,Red publica fuera de la vivienda,Mujer,Ocupado,9,5,1.8,45.0,12.0,4.0,0
000833,9,1,Rural,Sierra Centro,Madera,Red publica dentro de la vivienda,Mujer,Ocupado,5,3,1.67,43.0,11.0,5.0,1
000834,7,1,Urbano,Lima Metropolitana,Ladrillo o Bloque de cemento,Red publica dentro de la vivienda,Mujer,Ocupado,6,4,1.5,45.0,12.0,2.0,0
000835,1,1,Urbano,Lima Metropolitana,,Red publica dentro de la vivienda,Mujer,Ocupado,2,2,1.0,24.0,15.0,5.0,0
000836,17,1,Rural,Selva,Adobe,"Rio, acequia o manantial",Hombre,Ocupado,3,2,1.5,47.0,0.0,4.0,0
000837,9,1,Urbano,Lima Metropolitana,Ladrillo o Bloque de cemento,Red publica dentro de la vivienda,Mujer,Ocupado,4,3,1.33,45.0,9.0,3.0,0
000838,4,1,Urbano,Lima Metropolitana,Ladrillo o Bloque de cemento,Pozo,Hombre,Ocupado,9,6,1.5,63.0,13.0,8.0,0
000839,16,1,Rural,Sierra Sur,Ladrillo o Bloque de cemento,Red publica dentro de la vivienda,Mujer,Ocupado,5,2,2.5,60.0,1.0,6.0,0
000840,5,1,Urbano,Selva,Ladrillo o Bloque de cemento,Otro,Hombre,Desocupado,6,3,2.0,18.0,12.0,4.0,1
000841,3,1,Rural,Costa Norte,Ladrillo o Bloque de cemento,"Rio, acequia o manantial",Mujer,Ocupado,2,1,2.0,38.0,6.0,3.0,1
000842,14,1,Urbano,Lima Metropolitana,Otro material,,Hombre,Inactivo,5,4,1.25,73.0,13.0,3.0,1
000843,10,1,Rural,Selva,Adobe,Red publica dentro de la vivienda,Hombre,Ocupado,4,3,1.33,61.0,6.0,1.0,0
000844,6,1,Urbano,Sierra Centro,Otro material,Red publica dentro de la vivienda,Hombre,Ocupado,4,2,2.0,55.0,10.0,2.0,0
000845,8,1,Urbano,Costa Norte,Ladrillo o Bloque de cemento,Red publica dentro de la vivienda,Mujer,Ocupado,8,4,2.0,41.0,3.0,3.0,1
000846,6,1,Urbano,Lima Metropolitana,Ladrillo o Bloque de cemento,Red publica dentro de la vivienda,Hombre,Ocupado,5,2,2.5,58.0,9.0,7.0,0
000847,16,1,Urbano,Sierra Centro,Adobe,Red publica dentro de la vivienda,Hombre,Ocupado,5,2,2.5,27.0,13.0,3.0,0
000848,1,1,Urbano,Lima Metropolitana,Ladrillo o Bloque de cemento,Red publica dentro de la vivienda,Hombre,Ocupado,2,2,1.0,40.0,8.0,,0
000849,10,1,Urbano,Costa Centro,Ladrillo o Bloque de cemento,Red publica dentro de la vivienda,Hombre,Ocupado,3,1,3.0,,8.0,4.0,1
000850,18,1,Urbano,Lima Metropolitana,Ladrillo o Bloque de cemento,Red publica dentro de la vivienda,Hombre,Ocupado,9,7,1.29,57.0,,4.0,0
000851,14,1,Urbano,Costa Centro,Madera,Red publica dentro de la vivienda,Hombre,Ocupado,2,2,1.0,51.0,10.0,4.0,0
000852,1,1,Rural,Costa Sur,,"Rio, acequia o manantial",Mujer,Ocupado,6,5,1.2,54.0,,3.0,0
000853,8,1,Urbano,Lima Metropolitana,,Red publica dentro de la vivienda,Mujer,Ocupado,3,2,1.5,50.0,13.0,4.0,0
000854,1,1,Urbano,Lima Metropolitana,Ladrillo o Bloque de cemento,Red publica dentro de la vivienda,Hombre,Desocupado,7,4,1.75,44.0,10.0,3.0,1
000855,12,1,Urbano,Costa Sur,Otro material,Red publica dentro de la vivienda,Mujer,Inactivo,5,4,1.25,67.0,6.0,6.0,1
000856,17,1,Rural,Sierra Sur,Adobe,Red publica fuera de la vivienda,Mujer,Inactivo,5,2,2.5,74.0,16.0,4.0,1
000857,7,1,Urbano,Lima Metropolitana,Adobe,Red publica dentro de la vivienda,Mujer,Ocupado,7,6,1.17,47.0,13.0,5.0,0
000858,10,1,Urbano,Lima Metropolitana,Ladrillo o Bloque de cemento,Red publica dentro de la vivienda,Hombre,Ocupado,8,4,2.0,32.0,15.0,4.0,0
000859,9,1,Rural,Sierra Centro,Madera,Red publica fuera de la vivienda,Hombre,Ocupado,4,2,2.0,45.0,0.0,4.0,0
000860,13,1,Rural,Selva,Ladrillo o Bloque de cemento,Pozo,Hombre,Ocupado,6,5,1.2,49.0,5.0,4.0,0
000861,8,1,Urbano,Lima Metropolitana,Ladrillo o Bloque de cemento,Red publica dentro de la vivienda,Hombre,Ocupado,5,3,1.67,18.0,11.0,2.0,0
000862,2,1,Urbano,Lima Metropolitana,Ladrillo o Bloque de cemento,Red publica dentro de la vivienda,Hombre,Inactivo,5,1,5.0,,11.0,2.0,1
000863,11,1,Urbano,Lima Metropolitana,Ladrillo o Bloque de cemento,Pozo,Mujer,Ocupado,4,4,1.0,39.0,15.0,3.0,0
000864,1,1,Urbano,Selva,Ladrillo o Bloque de cemento,Red publica dentro de la vivienda,Hombre,Ocupado,4,3,1.33,36.0,10.0,2.0,0
000865,2,1,Rural,Costa Centro,Ladrillo o Bloque de cemento,Red publica fuera de la vivienda,Hombre,Ocupado,4,2,2.0,43.0,5.0,2.0,0
000866,2,1,Urbano,Lima Metropolitana,Ladrillo o Bloque de cemento,Red publica dentro de la vivienda,Mujer,Ocupado,5,3,1.67,41.0,12.0,4.0,0
000867,11,1,Urbano,Lima Metropolitana,Ladrillo o Bloque de cemento,Red publica dentro de la vivienda,Mujer,Ocupado,3,3,1.0,49.0,13.0,3.0,0
000868,12,1,Urbano,Lima Metropolitana,Madera,Red publica dentro de la vivienda,Hombre,Ocupado,4,3,1.33,59.0,9.0,4.0,0
000869,2,1,Urbano,Costa Norte,Ladrillo o Bloque de cemento,Red publica dentro de la vivienda,Hombre,Inactivo,4,3,1.33,66.0,14.0,3.0,1
000870,10,1,Urbano,Costa Sur,Ladrillo o Bloque de cemento,Red publica dentro de la vivienda,Hombre,Ocupado,3,3,1.0,59.0,9.0,5.0,0
000871,5,1,Urbano,Lima Metropolitana,Ladrillo o Bloque de cemento,Red publica dentro de la vivienda,Hombre,Ocupado,5,3,1.67,35.0,12.0,3.0,0
000872,5,1,Urbano,Costa Norte,Ladrillo o Bloque de cemento,Red publica dentro de la vivienda,Hombre,Ocupado,6,3,2.0,46.0,16.0,6.0,0
000873,4,1,Urbano,Lima Metropolitana,Ladrillo o Bloque de cemento,Red publica dentro de la vivienda,Hombre,Ocupado,1,1,1.0,49.0,,5.0,0
000874,17,1,Urbano,Sierra Centro,Ladrillo o Bloque de cemento,Otro,Hombre,Ocupado,1,1,1.0,52.0,12.0,4.0,0
000875,6,1,Urbano,Lima Metropolitana,Ladrillo o Bloque de cemento,Otro,Mujer,Ocupado,6,3,2.0,55.0,7.0,4.0,0
000876,19,1,Urbano,Lima Metropolitana,Ladrillo o Bloque de cemento,Red publica dentro de la vivienda,Hombre,Ocupado,4,3,1.33,49.0,12.0,3.0,0
000877,6,1,Urbano,Sierra Centro,Ladrillo o Bloque de cemento,Red publica dentro de la vivienda,Mujer,Ocupado,4,3,1.33,47.0,,5.0,0
000878,16,1,Urbano,Sierra Norte,Madera,Red publica dentro de la vivienda,Hombre,Ocupado,2,2,1.0,61.0,10.0,6.0,0
000879,17,1,Rural,Selva,Ladrillo o Bloque de cemento,Red publica dentro de la vivienda,Mujer,Ocupado,8,3,2.67,46.0,9.0,4.0,1
000880,15,1,Urbano,Selva,Ladrillo o Bloque de cemento,Red publica fuera de la vivienda,Hombre,Ocupado,6,4,1.5,61.0,14.0,4.0,0
000881,19,1,Urbano,Sierra Centro,Ladrillo o Bloque de cemento,Red publica dentro de la vivienda,Hombre,Ocupado,2,2,1.0,59.0,9.0,6.0,0
000882,18,1,Urbano,Selva,Adobe,Red publica dentro de la vivienda,Hombre,Inactivo,4,3,1.33,68.0,17.0,4.0,0
000883,6,1,Urbano,Lima Metropolitana,Otro material,Red publica dentro de la vivienda,Mujer,Ocupado,3,2,1.5,51.0,14.0,7.0,0
000884,12,1,Rural,Sierra Sur,Ladrillo o Bloque de cemento,"Rio, acequia o manantial",Mujer,Inactivo,7,2,3.5,68.0,6.0,7.0,1
000885,9,1,Urbano,Costa Sur,Ladrillo o Bloque de cemento,Red publica fuera de la vivienda,Hombre,Ocupado,6,5,1.2,44.0,10.0,6.0,0
000886,14,1,Rural,Sierra Centro,Madera,Red publica dentro de la vivienda,Hombre,Ocupado,2,1,2.0,53.0,3.0,3.0,0
000887,3,1,Rural,Sierra Centro,Madera,Red publica dentro de la vivienda,Hombre,Ocupado,4,3,1.33,59.0,4.0,3.0,1
000888,16,1,Urbano,Costa Centro,Madera,Red publica dentro de la vivienda,Mujer,Ocupado,7,5,1.4,34.0,8.0,3.0,0
000889,12,1,Urbano,Costa Centro,Ladrillo o Bloque de cemento,Red publica dentro de la vivienda,Hombre,Ocupado,3,2,1.5,43.0,18.0,6.0,0
000890,17,1,Urbano,Lima Metropolitana,Ladrillo o Bloque de cemento,Red publica dentro de la vivienda,Hombre,Ocupado,5,3,1.67,39.0,16.0,4.0,0
000891,10,1,Urbano,Sierra Centro,Ladrillo o Bloque de cemento,,Hombre,Ocupado,3,1,3.0,47.0,8.0,2.0,0
000892,1,1,Urbano,Lima Metropolitana,Madera,Red publica dentro de la vivienda,Hombre,Ocupado,2,1,2.0,41.0,18.0,6.0,0
000893,19,1,Urbano,Sierra Norte,Ladrillo o Bloque de cemento,Red publica dentro de la vivienda,Hombre,Ocupado,4,4,1.0,49.0,15.0,2.0,0
000894,18,1,Urbano,Costa Norte,Ladrillo o Bloque de cemento,Red publica dentro de la vivienda,Mujer,Ocupado,3,3,1.0,47.0,9.0,4.0,0
000895,16,1,Urbano,Lima Metropolitana,Madera,Red publica dentro de la vivienda,Hombre,Ocupado,8,7,1.14,44.0,14.0,2.0,0
000896,18,1,Urbano,Lima Metropolitana,Ladrillo o Bloque de cemento,Red publica dentro de la vivienda,Hombre,Ocupado,5,5,1.0,50.0,10.0,8.0,0
000897,16,1,Rural,Sierra Norte,Adobe,Red publica fuera de la vivienda,Hombre,Ocupado,5,5,1.0,38.0,10.0,3.0,0
000898,6,1,Urbano,Costa Sur,Ladrillo o Bloque de cemento,Red publica fuera de la vivienda,Hombre,Ocupado,4,3,1.33,36.0,13.0,5.0,0
000899,6,1,Urbano,Costa Sur,Madera,Red publica dentro de la vivienda,Hombre,Ocupado,8,5,1.6,31.0,10.0,2.0,0
000900,18,1,Rural,Selva,Adobe,Red publica dentro de la vivienda,Hombre,Ocupado,6,3,2.0,23.0,3.0,3.0,1
000901,18,1,Rural,Sierra Sur,Madera,Pozo,Hombre,Ocupado,5,3,1.67,38.0,6.0,6.0,0
000902,8,1,Urbano,Sierra Norte,Ladrillo o Bloque de cemento,Red publica dentro de la vivienda,Hombre,Ocupado,7,4,1.75,56.0,13.0,3.0,0
000903,11,1,Urbano,Costa Norte,Adobe,Red publica dentro de la vivienda,Mujer,Ocupado,3,2,1.5,45.0,15.0,2.0,0
000904,8,1,Rural,Sierra Sur,Madera,"Rio, acequia o manantial",Mujer,Ocupado,5,4,1.25,48.0,9.0,4.0,0
000905,13,1,Urbano,Lima Metropolitana,Ladrillo o Bloque de cemento,Red publica fuera de la vivienda,Hombre,Ocupado,8,2,4.0,42.0,15.0,4.0,1
000906,17,1,Urbano,Lima Metropolitana,Ladrillo o Bloque de cemento,Red publica dentro de la vivienda,Hombre,Inactivo,8,4,2.0,75.0,10.0,2.0,1
000907,2,1,Rural,Sierra Sur,Ladrillo o Bloque de cemento,Red publica dentro de la vivienda,Mujer,Ocupado,9,4,2.25,50.0,0.0,5.0,1
000908,1,1,Urbano,Costa Centro,Ladrillo o Bloque de cemento,Red publica dentro de la vivienda,Hombre,Ocupado,5,3,1.67,40.0,6.0,4.0,0
000909,7,1,Rural,Sierra Norte,Madera,Pozo,Mujer,Ocupado,7,3,2.33,33.0,6.0,4.0,1
000910,9,1,Rural,Sierra Norte,Adobe,"Rio, acequia o manantial",Hombre,Inactivo,4,4,1.0,72.0,4.0,2.0,1
000911,6,1,Urbano,Lima Metropolitana,Adobe,Red publica dentro de la vivienda,Hombre,Ocupado,3,2,1.5,28.0,12.0,2.0,0
000912,18,1,Urbano,Lima Metropolitana,Ladrillo o Bloque de cemento,Red publica dentro de la vivienda,Mujer,Ocupado,5,4,1.25,37.0,15.0,5.0,0
000913,11,1,Urbano,Lima Metropolitana,Ladrillo o Bloque de cemento,Red publica dentro de la vivienda,Mujer,Ocupado,1,1,1.0,37.0,15.0,5.0,0
000914,10,1,Urbano,Lima Metropolitana,Adobe,Red publica dentro de la vivienda,Hombre,Ocupado,4,2,2.0,48.0,5.0,4.0,0
000915,7,1,Urbano,Lima Metropolitana,Ladrillo o Bloque de cemento,Red publica dentro de la vivienda,Hombre,Ocupado,4,2,2.0,53.0,18.0,5.0,0
000916,5,1,Urbano,Lima Metropolitana,Ladrillo o Bloque de cemento,Red publica dentro de la vivienda,Hombre,Ocupado,6,2,3.0,49.0,14.0,5.0,0
000917,5,1,Urbano,Costa Norte,Ladrillo o Bloque de cemento,Red publica dentro de la vivienda,Hombre,Ocupado,4,1,4.0,43.0,12.0,4.0,0
000918,10,1,Urbano,Costa Centro,Adobe,Red publica dentro de la vivienda,Hombre,Ocupado,3,2,1.5,28.0,11.0,4.0,0
000919,8,1,Urbano,Sierra Norte,Ladrillo o Bloque de cemento,Red publica dentro de la vivienda,Mujer,Inactivo,3,2,1.5,74.0,10.0,6.0,1
000920,8,1,Urbano,Selva,Ladrillo o Bloque de cemento,Red publica dentro de la vivienda,Hombre,Ocupado,4,3,1.33,52.0,15.0,3.0,0
000921,8,1,Urbano,Costa Norte,Adobe,Red publica dentro de la vivienda,Hombre,Ocupado,3,3,1.0,56.0,8.0,2.0,0
000922,12,1,Urbano,Lima Metropolitana,Ladrillo o Bloque de cemento,Red publica dentro de la vivienda,Mujer,Ocupado,8,4,2.0,39.0,13.0,5.0,0
000923,9,1,Rural,Selva,Adobe,Pozo,Hombre,Ocupado,2,1,2.0,44.0,11.0,3.0,0
000924,12,1,Rural,Selva,Adobe,Red publica dentro de la vivienda,Hombre,Ocupado,6,3,2.0,64.0,7.0,4.0,0
000925,15,1,Urbano,Costa Centro,Madera,Red publica dentro de la vivienda,Mujer,Ocupado,6,4,1.5,18.0,13.0,3.0,1
000926,3,1,Rural,Sierra Norte,Madera,"Rio, acequia o manantial",Hombre,Ocupado,3,3,1.0,59.0,2.0,4.0,0
000927,1,1,Urbano,Costa Centro,Adobe,,Mujer,Ocupado,5,3,1.67,45.0,14.0,3.0,1
000928,10,1,Urbano,Lima Metropolitana,Ladrillo o Bloque de cemento,Red publica dentro de la vivienda,Mujer,Ocupado,5,4,1.25,54.0,14.0,5.0,0
000929,14,1,Rural,Selva,Adobe,"Rio, acequia o manantial",Mujer,Inactivo,6,4,1.5,71.0,6.0,6.0,0
000930,2,1,Urbano,Lima Metropolitana,Ladrillo o Bloque de cemento,Red publica dentro de la vivienda,Hombre,Ocupado,5,2,2.5,41.0,15.0,3.0,0
000931,3,1,Urbano,Sierra Norte,Madera,Red publica dentro de la vivienda,Hombre,Ocupado,3,2,1.5,18.0,7.0,4.0,1
000932,15,1,Rural,Sierra Centro,Adobe,Red publica fuera de la vivienda,Hombre,Ocupado,5,5,1.0,33.0,12.0,6.0,0
000933,16,1,Rural,Sierra Centro,Adobe,Red publica fuera de la vivienda,Hombre,Ocupado,9,5,1.8,48.0,16.0,3.0,0
000934,8,1,Urbano,Lima Metropolitana,Madera,Red publica dentro de la vivienda,Hombre,Inactivo,4,4,1.0,71.0,11.0,4.0,0
000935,8,1,Urbano,Lima Metropolitana,Ladrillo o Bloque de cemento,Red publica dentro de la vivienda,Hombre,Ocupado,2,2,1.0,43.0,16.0,6.0,0
000936,2,1,Urbano,Costa Sur,Ladrillo o Bloque de cemento,Red publica dentro de la vivienda,Mujer,Inactivo,2,2,1.0,70.0,11.0,5.0,0
000937,2,1,Urbano,Lima Metropolitana,Madera,Red publica dentro de la vivienda,Hombre,Ocupado,4,3,1.33,18.0,9.0,5.0,0
000938,19,1,Rural,Costa Centro,Ladrillo o Bloque de cemento,Red publica dentro de la vivienda,Hombre,Ocupado,4,1,4.0,41.0,11.0,4.0,1
000939,9,1,Urbano,Lima Metropolitana,Madera,Red publica dentro de la vivienda,Hombre,Ocupado,3,3,1.0,63.0,12.0,5.0,0
000940,3,1,Urbano,Costa Centro,,Red publica dentro de la vivienda,Hombre,Desocupado,5,3,1.67,61.0,13.0,3.0,1
000941,10,1,Rural,Sierra Norte,Adobe,Red publica dentro de la vivienda,Hombre,Desocupado,7,5,1.4,21.0,13.0,3.0,1
000942,5,1,Urbano,Lima Metropolitana,Ladrillo o Bloque de cemento,Red publica dentro de la vivienda,Hombre,Ocupado,5,2,2.5,36.0,14.0,6.0,0
000943,1,1,Rural,Costa Centro,Ladrillo o Bloque de cemento,Pozo,Hombre,Ocupado,4,3,1.33,46.0,,7.0,1
000944,12,1,Urbano,Sierra Sur,Ladrillo o Bloque de cemento,Pozo,Hombre,Ocupado,5,3,1.67,39.0,8.0,5.0,0
000945,11,1,Urbano,Sierra Sur,Ladrillo o Bloque de cemento,Red publica dentro de la vivienda,Hombre,Ocupado,3,2,1.5,64.0,8.0,1.0,0
000946,9,1,Urbano,Sierra Norte,Ladrillo o Bloque de cemento,Red publica dentro de la vivienda,Hombre,Ocupado,4,3,1.33,48.0,11.0,4.0,0
000947,7,1,Urbano,Lima Metropolitana,Madera,Red publica fuera de la vivienda,Mujer,Ocupado,2,2,1.0,28.0,11.0,3.0,0
000948,15,1,Urbano,Lima Metropolitana,Ladrillo o Bloque de cemento,Red publica dentro de la vivienda,Hombre,Ocupado,5,2,2.5,54.0,15.0,4.0,0
000949,2,1,Urbano,Lima Metropolitana,Ladrillo o Bloque de cemento,Red publica dentro de la vivienda,Hombre,Ocupado,3,2,1.5,55.0,9.0,1.0,0
000950,18,1,Rural,Sierra Centro,Madera,"Rio, acequia o manantial",Mujer,Ocupado,4,2,2.0,32.0,4.0,3.0,1
000951,3,1,Rural,Selva,Adobe,Red publica fuera de la vivienda,Hombre,Ocupado,9,5,1.8,36.0,6.0,4.0,0
000952,18,1,Rural,Sierra Norte,Madera,Pozo,Mujer,Ocupado,6,6,1.0,38.0,7.0,7.0,0
000953,4,1,Rural,Sierra Norte,,"Rio, acequia o manantial",Hombre,Inactivo,7,6,1.17,67.0,7.0,3.0,0
000954,2,1,Urbano,Costa Centro,Adobe,Pozo,Hombre,Ocupado,3,3,1.0,47.0,10.0,4.0,0
000955,12,1,Urbano,Lima Metropolitana,Ladrillo o Bloque de cemento,Red publica dentro de la vivienda,Mujer,Ocupado,6,3,2.0,18.0,10.0,6.0,0
000956,18,1,Urbano,Lima Metropolitana,Ladrillo o Bloque de cemento,Red publica dentro de la vivienda,Hombre,Ocupado,4,4,1.0,31.0,14.0,4.0,0
000957,18,1,Urbano,Lima Metropolitana,Adobe,Red publica dentro de la vivienda,Mujer,Ocupado,4,4,1.0,58.0,16.0,4.0,0
000958,8,1,Urbano,Selva,Adobe,Red publica dentro de la vivienda,Hombre,Ocupado,8,6,1.33,42.0,12.0,4.0,0
000959,1,1,Rural,Sierra Sur,Adobe,Pozo,Hombre,Ocupado,3,1,3.0,31.0,5.0,3.0,1
000960,12,1,Urbano,Selva,Ladrillo o Bloque de cemento,"Rio, acequia o manantial",Hombre,Ocupado,5,4,1.25,43.0,5.0,8.0,1
000961,19,1,Rural,Selva,Ladrillo o Bloque de cemento,Red publica dentro de la vivienda,Hombre,Ocupado,9,6,1.5,62.0,12.0,4.0,0
000962,12,1,Rural,Sierra Sur,Adobe,Red publica dentro de la vivienda,Mujer,Inactivo,3,2,1.5,78.0,6.0,1.0,1
000963,4,1,Urbano,Costa Centro,Ladrillo o Bloque de cemento,Red publica dentro de la vivienda,Hombre,Ocupado,7,5,1.4,47.0,15.0,4.0,0
000964,8,1,Urbano,Costa Centro,Otro material,Red publica dentro de la vivienda,Hombre,Desocupado,5,3,1.67,55.0,16.0,7.0,1
000965,3,1,Urbano,Lima Metropolitana,Ladrillo o Bloque de cemento,Red publica dentro de la vivienda,Mujer,Ocupado,7,3,2.33,47.0,15.0,4.0,0
000966,8,1,Rural,Sierra Sur,Adobe,Red publica dentro de la vivienda,Mujer,Ocupado,5,3,1.67,51.0,10.0,1.0,0
000967,18,1,Urbano,Lima Metropolitana,Adobe,Red publica dentro de la vivienda,Hombre,Ocupado,4,1,4.0,35.0,15.0,3.0,0
000968,5,1,Urbano,Costa Centro,Ladrillo o Bloque de cemento,Red publica dentro de la vivienda,Hombre,Inactivo,1,1,1.0,68.0,10.0,,0
000969,10,1,Urbano,Selva,Madera,Red publica dentro de la vivienda,Hombre,Ocupado,5,3,1.67,42.0,7.0,2.0,0
000970,8,1,Urbano,Costa Sur,Ladrillo o Bloque de cemento,Red publica dentro de la vivienda,Hombre,Ocupado,7,4,1.75,33.0,14.0,3.0,0
000971,14,1,Urbano,Sierra Norte,Ladrillo o Bloque de cemento,Red publica dentro de la vivienda,Hombre,Ocupado,4,2,2.0,37.0,6.0,5.0,0
000972,2,1,Urbano,Costa Norte,Ladrillo o Bloque de cemento,Pozo,Mujer,Ocupado,5,2,2.5,57.0,,3.0,1
000973,14,1,Urbano,Costa Centro,Ladrillo o Bloque de cemento,Red publica dentro de la vivienda,Mujer,Ocupado,5,2,2.5,38.0,9.0,,1
000974,2,1,Urbano,Lima Metropolitana,Adobe,Red publica dentro de la vivienda,Mujer,Inactivo,2,2,1.0,69.0,14.0,5.0,0
000975,6,1,Rural,Sierra Norte,Ladrillo o Bloque de cemento,"Rio, acequia o manantial",Hombre,Ocupado,2,2,1.0,57.0,7.0,3.0,0
000976,19,1,Rural,Selva,Adobe,Otro,Mujer,Ocupado,5,3,1.67,60.0,4.0,3.0,0
000977,11,1,Rural,Sierra Sur,Madera,,Hombre,Ocupado,5,4,1.25,42.0,,2.0,1
000978,8,1,Urbano,Sierra Centro,Madera,,Mujer,Ocupado,5,4,1.25,39.0,17.0,4.0,1
000979,13,1,Urbano,Selva,Ladrillo o Bloque de cemento,Red publica dentro de la vivienda,Hombre,Ocupado,9,7,1.29,48.0,8.0,4.0,0
000980,14,1,Urbano,Costa Sur,Ladrillo o Bloque de cemento,Red publica dentro de la vivienda,Hombre,Desocupado,6,4,1.5,31.0,10.0,5.0,1
000981,7,1,Urbano,Lima Metropolitana,Ladrillo o Bloque de cemento,Red publica dentro de la vivienda,Mujer,Ocupado,4,4,1.0,55.0,14.0,,0
000982,7,1,Urbano,Lima Metropolitana,Ladrillo o Bloque de cemento,,Hombre,Ocupado,3,3,1.0,61.0,13.0,2.0,0
000983,6,1,Urbano,Lima Metropolitana,Adobe,Red publica dentro de la vivienda,Mujer,Ocupado,3,2,1.5,38.0,14.0,5.0,0
000984,11,1,Urbano,Sierra Sur,Ladrillo o Bloque de cemento,Red publica dentro de la vivienda,Hombre,Ocupado,2,1,2.0,58.0,15.0,5.0,0
000985,18,1,Urbano,Costa Centro,Ladrillo o Bloque de cemento,Red publica dentro de la vivienda,Mujer,Ocupado,3,2,1.5,52.0,16.0,4.0,0
000986,17,1,Urbano,Lima Metropolitana,Ladrillo o Bloque de cemento,Red publica fuera de la vivienda,Mujer,Ocupado,2,2,1.0,64.0,13.0,7.0,0
000987,14,1,Rural,Sierra Centro,Adobe,Red publica dentro de la vivienda,Hombre,Inactivo,2,2,1.0,71.0,,4.0,0
000988,9,1,Urbano,Costa Norte,Ladrillo o Bloque de cemento,Red publica dentro de la vivienda,Hombre,Ocupado,7,4,1.75,59.0,12.0,3.0,0
000989,18,1,Rural,Sierra Centro,Ladrillo o Bloque de cemento,Otro,Hombre,Ocupado,5,4,1.25,47.0,4.0,2.0,1
000990,4,1,Urbano,Lima Metropolitana,Ladrillo o Bloque de cemento,Red publica dentro de la vivienda,Hombre,Inactivo,6,3,2.0,65.0,13.0,3.0,1
000991,10,1,Urbano,Lima Metropolitana,Otro material,Red publica dentro de la vivienda,Hombre,Ocupado,6,5,1.2,49.0,7.0,6.0,0
000992,6,1,Urbano,Lima Metropolitana,Ladrillo o Bloque de cemento,Red publica dentro de la vivienda,Mujer,Ocupado,6,4,1.5,44.0,14.0,5.0,0
000993,15,1,Urbano,Lima Metropolitana,Ladrillo o Bloque de cemento,Red publica dentro de la vivienda,Hombre,Ocupado,5,4,1.25,39.0,6.0,2.0,0
000994,16,1,Urbano,Costa Sur,Ladrillo o Bloque de cemento,Red publica dentro de la vivienda,Mujer,Ocupado,5,5,1.0,49.0,8.0,6.0,0
000995,17,1,Urbano,Lima Metropolitana,Ladrillo o Bloque de cemento,Red publica fuera de la vivienda,Mujer,Ocupado,6,4,1.5,62.0,15.0,4.0,0
000996,7,1,Urbano,Sierra Sur,,Red publica dentro de la vivienda,Mujer,Ocupado,2,2,1.0,34.0,12.0,6.0,0
000997,16,1,Urbano,Lima Metropolitana,Ladrillo o Bloque de cemento,Red publica dentro de la vivienda,Hombre,Ocupado,7,5,1.4,31.0,,3.0,0
000998,15,1,Urbano,Costa Norte,Ladrillo o Bloque de cemento,Pozo,Hombre,Ocupado,4,3,1.33,31.0,,4.0,0
000999,14,1,Urbano,Lima Metropolitana,Ladrillo o Bloque de cemento,Red publica dentro de la vivienda,Hombre,Ocupado,5,4,1.25,62.0,10.0,1.0,0
001000,1,1,Urbano,Sierra Norte,Ladrillo o Bloque de cemento,Red publica dentro de la vivienda,Hombre,Ocupado,4,4,1.0,54.0,9.0,5.0,0
001001,3,1,Urbano,Costa Norte,Ladrillo o Bloque de cemento,Red publica dentro de la vivienda,Mujer,Inactivo,5,1,5.0,69.0,13.0,5.0,1
001002,4,1,Rural,Sierra Sur,Adobe,"Rio, acequia o manantial",Mujer,Ocupado,8,4,2.0,41.0,6.0,,0
001003,8,1,Urbano,Costa Centro,Ladrillo o Bloque de cemento,Red publica dentro de la vivienda,Hombre,Ocupado,2,1,2.0,31.0,4.0,5.0,0
001004,17,1,Rural,Costa Centro,Adobe,Red publica dentro de la vivienda,Hombre,Inactivo,7,4,1.75,70.0,3.0,3.0,1
001005,8,1,Rural,Lima Metropolitana,Ladrillo o Bloque de cemento,Red publica dentro de la vivienda,Mujer,Ocupado,4,2,2.0,38.0,5.0,4.0,0
001006,3,1,Urbano,Sierra Centro,Madera,Red publica dentro de la vivienda,Hombre,Ocupado,7,2,3.5,57.0,10.0,4.0,1
001007,12,1,Urbano,Lima Metropolitana,Madera,Red publica dentro de la vivienda,Hombre,Ocupado,6,4,1.5,29.0,12.0,5.0,0
001008,16,1,Rural,Sierra Norte,Adobe,"Rio, acequia o manantial",Mujer,Ocupado,9,4,2.25,51.0,3.0,2.0,0
001009,3,1,Urbano,Lima Metropolitana,Otro material,Red publica dentro de la vivienda,Hombre,Ocupado,8,4,2.0,46.0,14.0,3.0,0
001010,10,1,Rural,Sierra Sur,Ladrillo o Bloque de cemento,"Rio, acequia o manantial",Hombre,Ocupado,4,3,1.33,28.0,0.0,3.0,0
001011,18,1,Urbano,Lima Metropolitana,Ladrillo o Bloque de cemento,Red publica fuera de la vivienda,Hombre,Inactivo,4,3,1.33,74.0,10.0,2.0,1
001012,8,1,Urbano,Selva,Ladrillo o Bloque de cemento,Otro,Mujer,Ocupado,6,4,1.5,36.0,14.0,6.0,0
001013,10,1,Urbano,Sierra Sur,Ladrillo o Bloque de cemento,Red publica dentro de la vivienda,Mujer,Ocupado,7,6,1.17,35.0,13.0,4.0,0
001014,11,1,Urbano,Lima Metropolitana,Ladrillo o Bloque de cemento,Red publica dentro de la vivienda,Hombre,Ocupado,6,4,1.5,39.0,12.0,4.0,0
001015,11,1,Urbano,Sierra Centro,Ladrillo o Bloque de cemento,Red publica dentro de la vivienda,Hombre,Ocupado,2,1,2.0,18.0,,4.0,0
001016,14,1,Urbano,Costa Centro,Madera,Red publica dentro de la vivienda,Mujer,Ocupado,4,2,2.0,43.0,12.0,3.0,1
001017,13,1,Urbano,Lima Metropolitana,Ladrillo o Bloque de cemento,Red publica dentro de la vivienda,Hombre,Ocupado,4,3,1.33,39.0,13.0,3.0,0
001018,18,1,Urbano,Lima Metropolitana,Ladrillo o Bloque de cemento,Red publica dentro de la vivienda,Hombre,Ocupado,6,2,3.0,62.0,14.0,2.0,1
001019,8,1,Urbano,Costa Norte,Ladrillo o Bloque de cemento,Red publica dentro de la vivienda,Mujer,Ocupado,2,2,1.0,52.0,12.0,5.0,0
001020,14,1,Urbano,Sierra Sur,Ladrillo o Bloque de cemento,Red publica dentro de la vivienda,Mujer,Ocupado,4,4,1.0,30.0,15.0,4.0,0
001021,16,1,Urbano,Lima Metropolitana,Ladrillo o Bloque de cemento,Otro,Hombre,Ocupado,4,3,1.33,39.0,12.0,7.0,0
001022,4,1,Urbano,Lima Metropolitana,Ladrillo o Bloque de cemento,Red publica dentro de la vivienda,Hombre,Inactivo,3,3,1.0,78.0,12.0,3.0,0
001023,2,1,Urbano,Lima Metropolitana,Adobe,Red publica dentro de la vivienda,Mujer,Ocupado,9,5,1.8,35.0,13.0,4.0,0
001024,6,1,Urbano,Selva,Madera,Pozo,Hombre,Ocupado,6,4,1.5,60.0,11.0,5.0,0
001025,19,1,Urbano,Lima Metropolitana,Ladrillo o Bloque de cemento,Red publica dentro de la vivienda,Hombre,Ocupado,7,3,2.33,38.0,18.0,6.0,0
001026,8,1,Rural,Sierra Norte,Madera,Red publica fuera de la vivienda,Hombre,Ocupado,4,3,1.33,34.0,8.0,3.0,0
001027,17,1,Urbano,Lima Metropolitana,Ladrillo o Bloque de cemento,Red publica dentro de la vivienda,Mujer,Ocupado,2,1,2.0,40.0,10.0,3.0,0
001028,8,1,Urbano,Sierra Centro,Ladrillo o Bloque de cemento,Red publica dentro de la vivienda,Hombre,Inactivo,8,6,1.33,69.0,6.0,1.0,1
001029,11,1,Urbano,Lima Metropolitana,Ladrillo o Bloque de cemento,Red publica dentro de la vivienda,Hombre,Ocupado,4,3,1.33,27.0,18.0,5.0,0
001030,10,1,Rural,Sierra Centro,Madera,Red publica dentro de la vivienda,Hombre,Ocupado,9,6,1.5,57.0,5.0,4.0,0
001031,17,1,Rural,Selva,Otro material,Red publica dentro de la vivienda,Mujer,Inactivo,7,5,1.4,65.0,8.0,4.0,1
001032,4,1,Urbano,Lima Metropolitana,Ladrillo o Bloque de cemento,Red publica dentro de la vivienda,Hombre,Ocupado,4,2,2.0,40.0,12.0,2.0,0
001033,7,1,Rural,Selva,Madera,Pozo,Mujer,Ocupado,4,2,2.0,62.0,9.0,7.0,0
001034,11,1,Urbano,Lima Metropolitana,Ladrillo o Bloque de cemento,Red publica dentro de la vivienda,Hombre,Ocupado,5,3,1.67,60.0,11.0,5.0,0
001035,16,1,Rural,Sierra Sur,Madera,Pozo,Mujer,Ocupado,6,4,1.5,37.0,7.0,3.0,1
001036,7,1,Urbano,Lima Metropolitana,Ladrillo o Bloque de cemento,Red publica dentro de la vivienda,Hombre,Ocupado,3,2,1.5,35.0,11.0,3.0,0
001037,15,1,Urbano,Sierra Centro,Adobe,Red publica dentro de la vivienda,Hombre,Ocupado,6,4,1.5,46.0,18.0,3.0,0
001038,9,1,Urbano,Sierra Centro,Madera,Red publica dentro de la vivienda,Hombre,Ocupado,3,3,1.0,50.0,9.0,1.0,0
001039,10,1,Rural,Sierra Sur,Ladrillo o Bloque de cemento,Red publica fuera de la vivienda,Hombre,Ocupado,4,3,1.33,43.0,8.0,6.0,0
001040,12,1,Rural,Costa Centro,Adobe,,Hombre,Ocupado,3,3,1.0,56.0,16.0,6.0,0
001041,14,1,Rural,Costa Norte,Madera,Red publica dentro de la vivienda,Hombre,Ocupado,1,1,1.0,37.0,10.0,2.0,0
001042,17,1,Urbano,Lima Metropolitana,,Red publica dentro de la vivienda,Hombre,Ocupado,4,2,2.0,35.0,12.0,4.0,0
001043,17,1,Urbano,Lima Metropolitana,Ladrillo o Bloque de cemento,Red publica dentro de la vivienda,Hombre,Ocupado,4,3,1.33,,13.0,4.0,0
001044,2,1,Urbano,Lima Metropolitana,Ladrillo o Bloque de cemento,Red publica dentro de la vivienda,Hombre,Ocupado,6,2,3.0,51.0,10.0,2.0,0
001045,14,1,Urbano,Costa Norte,Ladrillo o Bloque de cemento,Red publica dentro de la vivienda,Hombre,Inactivo,2,1,2.0,66.0,16.0,5.0,0
001046,9,1,Rural,Sierra Norte,Madera,Otro,Hombre,Ocupado,5,4,1.25,54.0,6.0,5.0,0
001047,2,1,Urbano,Costa Sur,Adobe,Red publica dentro de la vivienda,Hombre,Ocupado,4,2,2.0,58.0,11.0,4.0,0
001048,15,1,Urbano,Lima Metropolitana,Ladrillo o Bloque de cemento,Red publica dentro de la vivienda,Mujer,Ocupado,7,4,1.75,43.0,10.0,3.0,0
001049,1,1,Urbano,Lima Metropolitana,Ladrillo o Bloque de cemento,Red publica dentro de la vivienda,Hombre,Ocupado,3,2,1.5,43.0,12.0,6.0,0
001050,4,1,Rural,Sierra Norte,Adobe,"Rio, acequia o manantial",Hombre,Ocupado,3,2,1.5,39.0,7.0,4.0,0
001051,18,1,Urbano,Lima Metropolitana,Otro material,Red publica fuera de la vivienda,Mujer,Ocupado,5,2,2.5,51.0,16.0,3.0,0
001052,7,1,Urbano,Costa Centro,Ladrillo o Bloque de cemento,Red publica dentro de la vivienda,Hombre,Ocupado,7,5,1.4,50.0,12.0,3.0,0
001053,19,1,Urbano,Sierra Norte,Ladrillo o Bloque de cemento,Red publica dentro de la vivienda,Hombre,Ocupado,4,3,1.33,49.0,15.0,5.0,0
001054,7,1,Urbano,Costa Centro,Ladrillo o Bloque de cemento,Red publica dentro de la vivienda,Mujer,Ocupado,7,4,1.75,45.0,4.0,2.0,1
001055,16,1,Urbano,Sierra Norte,Ladrillo o Bloque de cemento,Red publica dentro de la vivienda,Hombre,Desocupado,7,3,2.33,47.0,15.0,4.0,1
001056,2,1,Urbano,Lima Metropolitana,Adobe,Otro,Hombre,Inactivo,4,3,1.33,71.0,8.0,6.0,1
001057,7,1,Urbano,Lima Metropolitana,Madera,Red publica fuera de la vivienda,Mujer,Ocupado,9,5,1.8,52.0,15.0,5.0,1
001058,2,1,Urbano,Costa Sur,Ladrillo o Bloque de cemento,Red publica dentro de la vivienda,Mujer,Ocupado,5,3,1.67,56.0,1.0,5.0,0
001059,6,1,Rural,Selva,Otro material,"Rio, acequia o manantial",Hombre,Ocupado,3,3,1.0,55.0,7.0,4.0,0
001060,1,1,Urbano,Lima Metropolitana,Ladrillo o Bloque de cemento,Red publica dentro de la vivienda,Hombre,Ocupado,5,3,1.67,46.0,16.0,7.0,0
001061,12,1,Urbano,Lima Metropolitana,Ladrillo o Bloque de cemento,Red publica dentro de la vivienda,Hombre,Ocupado,4,2,2.0,56.0,10.0,4.0,0
001062,15,1,Urbano,Selva,Ladrillo o Bloque de cemento,Red publica dentro de la vivienda,Hombre,Ocupado,4,2,2.0,48.0,11.0,6.0,0
001063,16,1,Rural,Sierra Norte,Madera,Red publica fuera de la vivienda,Hombre,Ocupado,7,5,1.4,30.0,9.0,,1
001064,19,1,Urbano,Lima Metropolitana,Madera,Red publica dentro de la vivienda,Mujer,Ocupado,9,5,1.8,40.0,15.0,5.0,0
001065,8,1,Rural,Sierra Norte,Ladrillo o Bloque de cemento,Pozo,Hombre,Inactivo,4,4,1.0,76.0,2.0,5.0,1
001066,14,1,Urbano,Lima Metropolitana,Ladrillo o Bloque de cemento,Red publica dentro de la vivienda,Hombre,Ocupado,4,3,1.33,64.0,16.0,3.0,0
001067,18,1,Rural,Sierra Centro,Otro material,Red publica dentro de la vivienda,Hombre,Ocupado,7,5,1.4,44.0,12.0,3.0,0
001068,18,1,Urbano,Lima Metropolitana,Ladrillo o Bloque de cemento,Red publica dentro de la vivienda,Hombre,Ocupado,6,4,1.5,57.0,16.0,5.0,1
001069,12,1,Urbano,Costa Norte,Madera,Red publica dentro de la vivienda,Hombre,Ocupado,9,6,1.5,51.0,,3.0,1
001070,14,1,Rural,Sierra Centro,Madera,Otro,Mujer,Inactivo,5,2,2.5,72.0,3.0,2.0,1
001071,3,1,Urbano,Lima Metropolitana,Madera,Red publica dentro de la vivienda,Hombre,Ocupado,5,2,2.5,46.0,13.0,5.0,0
001072,3,1,Rural,Selva,Adobe,Pozo,Mujer,Ocupado,7,3,2.33,51.0,8.0,5.0,1
001073,14,1,Urbano,Sierra Sur,Ladrillo o Bloque de cemento,Red publica dentro de la vivienda,Mujer,Ocupado,5,3,1.67,37.0,14.0,7.0,0
001074,8,1,Urbano,Lima Metropolitana,Ladrillo o Bloque de cemento,Red publica dentro de la vivienda,Hombre,Ocupado,4,3,1.33,46.0,10.0,5.0,0
001075,17,1,Urbano,Lima Metropolitana,Adobe,Red publica dentro de la vivienda,Mujer,Ocupado,6,4,1.5,18.0,12.0,2.0,1
001076,16,1,Rural,Sierra Norte,Adobe,Red publica dentro de la vivienda,Hombre,Ocupado,3,2,1.5,52.0,4.0,5.0,1
001077,19,1,Urbano,Selva,Ladrillo o Bloque de cemento,Red publica dentro de la vivienda,Hombre,Ocupado,4,2,2.0,62.0,8.0,5.0,1
001078,6,1,Urbano,Sierra Sur,Ladrillo o Bloque de cemento,Otro,Hombre,Inactivo,5,3,1.67,72.0,12.0,4.0,1
001079,7,1,Urbano,Lima Metropolitana,Ladrillo o Bloque de cemento,Red publica fuera de la vivienda,Hombre,Ocupado,7,4,1.75,55.0,12.0,6.0,0
001080,10,1,Rural,Sierra Centro,Adobe,Red publica dentro de la vivienda,Hombre,Ocupado,3,2,1.5,43.0,8.0,4.0,0
001081,13,1,Rural,Sierra Norte,Adobe,Red publica fuera de la vivienda,Hombre,Ocupado,5,3,1.67,36.0,5.0,2.0,0
001082,9,1,Urbano,Lima Metropolitana,Ladrillo o Bloque de cemento,Red publica dentro de la vivienda,Hombre,Ocupado,3,1,3.0,41.0,15.0,4.0,0
001083,3,1,Urbano,Lima Metropolitana,Ladrillo o Bloque de cemento,Red publica dentro de la vivienda,Mujer,Ocupado,7,5,1.4,26.0,9.0,4.0,0
001084,13,1,Urbano,Lima Metropolitana,Ladrillo o Bloque de cemento,Red publica dentro de la vivienda,Hombre,Ocupado,5,2,2.5,44.0,11.0,4.0,0
001085,11,1,Urbano,Lima Metropolitana,Ladrillo o Bloque de cemento,"Rio, acequia o manantial",Mujer,Ocupado,6,4,1.5,31.0,9.0,5.0,0
001086,17,1,Urbano,Lima Metropolitana,Madera,Red publica dentro de la vivienda,Hombre,Ocupado,5,2,2.5,40.0,13.0,4.0,0
001087,18,1,Urbano,Lima Metropolitana,Ladrillo o Bloque de cemento,Red publica dentro de la vivienda,Hombre,Ocupado,3,2,1.5,45.0,18.0,6.0,0
001088,18,1,Urbano,Lima Metropolitana,Ladrillo o Bloque de cemento,Red publica dentro de la vivienda,Hombre,Ocupado,2,2,1.0,53.0,14.0,6.0,0
001089,2,1,Rural,Sierra Sur,Madera,"Rio, acequia o manantial",Hombre,Ocupado,5,4,1.25,25.0,6.0,4.0,0
001090,15,1,Rural,Sierra Sur,Adobe,Red publica dentro de la vivienda,Mujer,Ocupado,5,2,2.5,43.0,6.0,2.0,1
001091,1,1,Urbano,Sierra Norte,Ladrillo o Bloque de cemento,Red publica dentro de la vivienda,Hombre,Ocupado,4,3,1.33,58.0,9.0,2.0,0
001092,17,1,Urbano,Lima Metropolitana,Ladrillo o Bloque de cemento,Red publica dentro de la vivienda,Hombre,Inactivo,1,1,1.0,68.0,,3.0,1
001093,19,1,Rural,Sierra Norte,Otro material,Red publica fuera de la vivienda,Hombre,Ocupado,7,4,1.75,47.0,8.0,1.0,1
001094,11,1,Rural,Sierra Norte,Ladrillo o Bloque de cemento,"Rio, acequia o manantial",Hombre,Inactivo,2,2,1.0,79.0,1.0,3.0,1
001095,8,1,Rural,Selva,Madera,Red publica fuera de la vivienda,Hombre,Ocupado,6,2,3.0,58.0,10.0,3.0,1
001096,2,1,Urbano,Sierra Centro,Ladrillo o Bloque de cemento,Red publica dentro de la vivienda,Mujer,Ocupado,3,2,1.5,49.0,8.0,,1
001097,13,1,Urbano,Costa Sur,Ladrillo o Bloque de cemento,Red publica dentro de la vivienda,Hombre,Inactivo,7,2,3.5,65.0,9.0,,1
001098,9,1,Urbano,Lima Metropolitana,Ladrillo o Bloque de cemento,Red publica dentro de la vivienda,Hombre,Ocupado,3,3,1.0,41.0,14.0,4.0,0
001099,9,1,Urbano,Lima Metropolitana,Ladrillo o Bloque de cemento,Red publica dentro de la vivienda,Hombre,Ocupado,1,1,1.0,33.0,11.0,3.0,0
001100,11,1,Urbano,Costa Centro,Madera,Red publica dentro de la vivienda,Hombre,Ocupado,6,3,2.0,61.0,18.0,4.0,1
001101,8,1,Urbano,Costa Norte,Ladrillo o Bloque de cemento,Red publica dentro de la vivienda,Hombre,Ocupado,5,2,2.5,55.0,10.0,4.0,0
001102,19,1,Urbano,Sierra Centro,Adobe,Red publica dentro de la vivienda,Hombre,Ocupado,3,2,1.5,63.0,13.0,6.0,0
001103,7,1,Urbano,Lima Metropolitana,Ladrillo o Bloque de cemento,,Hombre,Ocupado,3,2,1.5,62.0,8.0,5.0,0
001104,5,1,Urbano,Lima Metropolitana,Adobe,Red publica dentro de la vivienda,Hombre,Inactivo,6,5,1.2,76.0,11.0,2.0,0
001105,2,1,Urbano,Costa Centro,Ladrillo o Bloque de cemento,Pozo,Hombre,Ocupado,4,2,2.0,28.0,11.0,3.0,0
001106,17,1,Urbano,Lima Metropolitana,Madera,Red publica dentro de la vivienda,Hombre,Ocupado,2,2,1.0,43.0,16.0,5.0,0
001107,8,1,Urbano,Costa Centro,Ladrillo o Bloque de cemento,Red publica fuera de la vivienda,Mujer,Ocupado,3,3,1.0,44.0,8.0,3.0,0
001108,3,1,Rural,Sierra Centro,Madera,Red publica dentro de la vivienda,Hombre,Ocupado,4,3,1.33,64.0,10.0,4.0,1
001109,2,1,Urbano,Lima Metropolitana,Ladrillo o Bloque de cemento,Red publica dentro de la vivienda,Mujer,Ocupado,8,5,1.6,53.0,13.0,5.0,0
001110,15,1,Urbano,Costa Sur,Adobe,Red publica dentro de la vivienda,Hombre,Ocupado,3,2,1.5,64.0,12.0,7.0,0
001111,4,1,Urbano,Costa Centro,Ladrillo o Bloque de cemento,Red publica dentro de la vivienda,Mujer,Desocupado,5,3,1.67,52.0,9.0,4.0,1
001112,7,1,Rural,Sierra Sur,Adobe,Red publica fuera de la vivienda,Mujer,Desocupado,7,5,1.4,48.0,3.0,4.0,1
001113,13,1,Urbano,Selva,Ladrillo o Bloque de cemento,Red publica dentro de la vivienda,Mujer,Ocupado,3,2,1.5,58.0,4.0,4.0,0
001114,14,1,Urbano,Lima Metropolitana,Adobe,Red publica dentro de la vivienda,Hombre,Ocupado,2,1,2.0,52.0,13.0,4.0,0
001115,12,1,Urbano,Lima Metropolitana,Ladrillo o Bloque de cemento,Red publica dentro de la vivienda,Mujer,Ocupado,6,1,6.0,53.0,15.0,5.0,1
001116,8,1,Urbano,Costa Norte,Ladrillo o Bloque de cemento,Red publica dentro de la vivienda,Mujer,Ocupado,2,2,1.0,57.0,10.0,6.0,0
001117,18,1,Rural,Costa Centro,Adobe,Red publica fuera de la vivienda,Hombre,Ocupado,4,2,2.0,54.0,1.0,5.0,0
001118,15,1,Urbano,Lima Metropolitana,Ladrillo o Bloque de cemento,Red publica dentro de la vivienda,Hombre,Ocupado,3,1,3.0,62.0,11.0,6.0,0
001119,7,1,Urbano,Sierra Norte,Ladrillo o Bloque de cemento,Red publica dentro de la vivienda,Mujer,Ocupado,3,2,1.5,49.0,12.0,4.0,0
001120,15,1,Urbano,Lima Metropolitana,Madera,Red publica dentro de la vivienda,Hombre,Ocupado,5,5,1.0,50.0,13.0,5.0,0
001121,6,1,Urbano,Lima Metropolitana,Ladrillo o Bloque de cemento,Red publica dentro de la vivienda,Mujer,Ocupado,4,2,2.0,34.0,15.0,6.0,0
001122,2,1,Urbano,Costa Centro,Ladrillo o Bloque de cemento,Red publica dentro de la vivienda,Hombre,Ocupado,4,4,1.0,62.0,6.0,1.0,0
001123,1,1,Urbano,Lima Metropolitana,Ladrillo o Bloque de cemento,Red publica dentro de la vivienda,Hombre,Inactivo,6,3,2.0,72.0,,4.0,1
001124,3,1,Urbano,Costa Centro,Ladrillo o Bloque de cemento,Red publica dentro de la vivienda,Hombre,Ocupado,5,3,1.67,23.0,11.0,2.0,0
001125,17,1,Urbano,Sierra Sur,Ladrillo o Bloque de cemento,Red publica dentro de la vivienda,Mujer,Ocupado,3,1,3.0,57.0,13.0,3.0,0
001126,9,1,Urbano,Selva,Ladrillo o Bloque de cemento,Red publica dentro de la vivienda,Mujer,Ocupado,4,2,2.0,46.0,9.0,3.0,1
001127,1,1,Rural,Selva,Otro material,Red publica fuera de la vivienda,Hombre,Ocupado,5,4,1.25,45.0,,5.0,0
001128,7,1,Urbano,Lima Metropolitana,Adobe,Red publica dentro de la vivienda,Mujer,Ocupado,6,3,2.0,57.0,9.0,2.0,0
001129,16,1,Urbano,Lima Metropolitana,Otro material,Red publica dentro de la vivienda,Hombre,Ocupado,4,2,2.0,48.0,13.0,5.0,0
001130,14,1,Urbano,Lima Metropolitana,Adobe,Red publica dentro de la vivienda,Mujer,Ocupado,6,3,2.0,53.0,12.0,6.0,0
001131,17,1,Urbano,Lima Metropolitana,Ladrillo o Bloque de cemento,Red publica fuera de la vivienda,Hombre,Ocupado,5,2,2.5,43.0,11.0,3.0,0
001132,17,1,Urbano,Selva,Ladrillo o Bloque de cemento,Red publica dentro de la vivienda,Hombre,Inactivo,4,3,1.33,69.0,18.0,7.0,0
001133,6,1,Urbano,Costa Norte,Ladrillo o Bloque de cemento,Red publica dentro de la vivienda,Mujer,Ocupado,3,1,3.0,45.0,10.0,3.0,0
001134,4,1,Urbano,Lima Metropolitana,Ladrillo o Bloque de cemento,Red publica dentro de la vivienda,Mujer,Desocupado,4,3,1.33,37.0,11.0,1.0,1
001135,11,1,Urbano,Lima Metropolitana,Ladrillo o Bloque de cemento,Red publica fuera de la vivienda,Hombre,Ocupado,3,3,1.0,53.0,8.0,4.0,0
001136,7,1,Urbano,Sierra Norte,Ladrillo o Bloque de cemento,Red publica dentro de la vivienda,Hombre,Ocupado,7,4,1.75,36.0,14.0,3.0,1
001137,6,1,Rural,Sierra Sur,Madera,Pozo,Hombre,Ocupado,4,3,1.33,51.0,5.0,4.0,1
001138,7,1,Urbano,Sierra Sur,Ladrillo o Bloque de cemento,Red publica fuera de la vivienda,Hombre,Inactivo,8,5,1.6,71.0,11.0,4.0,1
001139,12,1,Urbano,Costa Norte,Ladrillo o Bloque de cemento,Red publica dentro de la vivienda,Hombre,Ocupado,5,4,1.25,47.0,8.0,4.0,0
001140,7,1,Urbano,Lima Metropolitana,Madera,Red publica dentro de la vivienda,Mujer,Ocupado,5,3,1.67,29.0,14.0,5.0,0
001141,9,1,Rural,Sierra Centro,Madera,"Rio, acequia o manantial",Hombre,Ocupado,9,3,3.0,42.0,9.0,2.0,1
001142,7,1,Urbano,Lima Metropolitana,Ladrillo o Bloque de cemento,Red publica dentro de la vivienda,Hombre,Ocupado,8,3,2.67,59.0,17.0,5.0,0
001143,4,1,Urbano,Lima Metropolitana,Ladrillo o Bloque de cemento,Pozo,Mujer,Ocupado,4,3,1.33,49.0,12.0,3.0,0
001144,5,1,Urbano,Lima Metropolitana,Ladrillo o Bloque de cemento,Red publica dentro de la vivienda,Hombre,Ocupado,2,2,1.0,58.0,11.0,2.0,0
001145,12,1,Rural,Sierra Sur,Ladrillo o Bloque de cemento,Red publica dentro de la vivienda,Hombre,Ocupado,4,3,1.33,39.0,4.0,,0
001146,15,1,Urbano,Sierra Norte,Ladrillo o Bloque de cemento,Red publica fuera de la vivienda,Hombre,Ocupado,7,5,1.4,42.0,11.0,2.0,0
001147,10,1,Urbano,Lima Metropolitana,Ladrillo o Bloque de cemento,Red publica dentro de la vivienda,Mujer,Ocupado,7,4,1.75,57.0,13.0,4.0,0
001148,14,1,Urbano,Lima Metropolitana,Ladrillo o Bloque de cemento,Red publica dentro de la vivienda,Hombre,Inactivo,5,4,1.25,71.0,14.0,5.0,0
001149,3,1,Rural,Sierra Sur,Adobe,"Rio, acequia o manantial",Mujer,Ocupado,5,3,1.67,43.0,4.0,3.0,1
001150,7,1,Urbano,Lima Metropolitana,Ladrillo o Bloque de cemento,Red publica dentro de la vivienda,Hombre,Ocupado,6,5,1.2,49.0,13.0,,0
001151,11,1,Urbano,Costa Centro,Madera,Red publica fuera de la vivienda,Hombre,Ocupado,4,2,2.0,63.0,8.0,5.0,1
001152,11,1,Urbano,Lima Metropolitana,Adobe,Red publica dentro de la vivienda,Mujer,Ocupado,3,2,1.5,50.0,12.0,8.0,0
001153,18,1,Urbano,Costa Norte,Ladrillo o Bloque de cemento,Red publica dentro de la vivienda,Hombre,Ocupado,3,3,1.0,57.0,15.0,6.0,0
001154,13,1,Urbano,Costa Centro,Ladrillo o Bloque de cemento,Red publica dentro de la vivienda,Hombre,Ocupado,5,1,5.0,38.0,10.0,,1
001155,8,1,Urbano,Selva,Ladrillo o Bloque de cemento,Red publica dentro de la vivienda,Mujer,Ocupado,2,2,1.0,48.0,8.0,1.0,0
001156,1,1,Urbano,Costa Norte,Ladrillo o Bloque de cemento,Red publica dentro de la vivienda,Hombre,Ocupado,9,5,1.8,39.0,12.0,3.0,0
001157,16,1,Urbano,Costa Norte,Madera,Red publica dentro de la vivienda,Hombre,Ocupado,8,6,1.33,24.0,14.0,3.0,0
001158,15,1,Rural,Costa Norte,Otro material,Red publica dentro de la vivienda,Mujer,Ocupado,5,3,1.67,36.0,4.0,3.0,1
001159,15,1,Rural,Sierra Sur,Ladrillo o Bloque de cemento,Red publica dentro de la vivienda,Hombre,Ocupado,4,2,2.0,54.0,2.0,3.0,1
001160,7,1,Urbano,Lima Metropolitana,Adobe,Red publica dentro de la vivienda,Hombre,Ocupado,4,4,1.0,56.0,10.0,2.0,0
001161,6,1,Urbano,Costa Norte,Ladrillo o Bloque de cemento,Red publica dentro de la vivienda,Mujer,Ocupado,3,2,1.5,,10.0,6.0,0
001162,2,1,Urbano,Lima Metropolitana,Ladrillo o Bloque de cemento,Red publica dentro de la vivienda,Hombre,Ocupado,2,2,1.0,55.0,17.0,7.0,0
001163,5,1,Urbano,Lima Metropolitana,Ladrillo o Bloque de cemento,"Rio, acequia o manantial",Mujer,Desocupado,7,5,1.4,45.0,8.0,1.0,1
001164,6,1,Urbano,Costa Centro,Ladrillo o Bloque de cemento,Red publica fuera de la vivienda,Hombre,Ocupado,2,1,2.0,22.0,6.0,5.0,0
001165,10,1,Urbano,Costa Centro,Ladrillo o Bloque de cemento,Red publica dentro de la vivienda,Mujer,Ocupado,8,2,4.0,32.0,12.0,4.0,1
001166,4,1,Urbano,Lima Metropolitana,Ladrillo o Bloque de cemento,Red publica dentro de la vivienda,Hombre,Ocupado,3,1,3.0,63.0,10.0,6.0,0
001167,1,1,Urbano,Lima Metropolitana,Adobe,Red publica dentro de la vivienda,Hombre,Ocupado,3,2,1.5,36.0,9.0,3.0,0
001168,16,1,Rural,Selva,Adobe,Otro,Hombre,Desocupado,5,3,1.67,47.0,9.0,5.0,1
001169,11,1,Urbano,Lima Metropolitana,Ladrillo o Bloque de cemento,Otro,Hombre,Ocupado,5,3,1.67,49.0,13.0,3.0,0
001170,6,1,Urbano,Costa Norte,Ladrillo o Bloque de cemento,Red publica fuera de la vivienda,Mujer,Ocupado,4,1,4.0,29.0,14.0,8.0,0
001171,16,1,Rural,Sierra Centro,Adobe,Red publica dentro de la vivienda,Hombre,Ocupado,5,4,1.25,53.0,9.0,,0
001172,6,1,Urbano,Lima Metropolitana,Ladrillo o Bloque de cemento,Red publica dentro de la vivienda,Hombre,Inactivo,6,2,3.0,69.0,9.0,3.0,1
001173,12,1,Rural,Sierra Norte,Madera,Red publica dentro de la vivienda,Hombre,Ocupado,5,3,1.67,48.0,,5.0,0
001174,3,1,Urbano,Lima Metropolitana,Ladrillo o Bloque de cemento,Red publica dentro de la vivienda,Hombre,Ocupado,5,2,2.5,44.0,16.0,6.0,0
001175,15,1,Urbano,Selva,Adobe,Red publica dentro de la vivienda,Mujer,Ocupado,5,4,1.25,32.0,11.0,2.0,0
001176,14,1,Urbano,Lima Metropolitana,,Red publica fuera de la vivienda,Mujer,Ocupado,8,4,2.0,44.0,,4.0,0
001177,2,1,Rural,Sierra Sur,Ladrillo o Bloque de cemento,"Rio, acequia o manantial",Mujer,Ocupado,9,6,1.5,56.0,10.0,2.0,0
001178,17,1,Rural,Sierra Centro,Madera,Pozo,Hombre,Ocupado,9,5,1.8,48.0,11.0,2.0,0
001179,9,1,Urbano,Costa Sur,Ladrillo o Bloque de cemento,Red publica dentro de la vivienda,Mujer,Ocupado,5,4,1.25,42.0,8.0,3.0,0
001180,16,1,Rural,Costa Sur,Adobe,"Rio, acequia o manantial",Mujer,Ocupado,2,1,2.0,62.0,6.0,5.0,0
001181,2,1,Urbano,Lima Metropolitana,Ladrillo o Bloque de cemento,Red publica fuera de la vivienda,Hombre,Ocupado,3,1,3.0,44.0,15.0,6.0,0
001182,8,1,Rural,Costa Centro,Madera,Red publica dentro de la vivienda,Hombre,Ocupado,1,1,1.0,42.0,6.0,8.0,0
001183,3,1,Urbano,Costa Norte,Adobe,Red publica fuera de la vivienda,Hombre,Ocupado,2,1,2.0,50.0,11.0,4.0,0
001184,17,1,Urbano,Costa Centro,Ladrillo o Bloque de cemento,Red publica dentro de la vivienda,Hombre,Inactivo,3,3,1.0,66.0,12.0,5.0,1
001185,3,1,Urbano,Costa Centro,Ladrillo o Bloque de cemento,Red publica dentro de la vivienda,Hombre,Ocupado,3,3,1.0,46.0,9.0,5.0,0
001186,6,1,Urbano,Lima Metropolitana,Ladrillo o Bloque de cemento,Red publica dentro de la vivienda,Hombre,Ocupado,4,2,2.0,36.0,10.0,1.0,0
001187,6,1,Urbano,Sierra Centro,Ladrillo o Bloque de cemento,Red publica dentro de la vivienda,Mujer,Ocupado,3,2,1.5,56.0,10.0,4.0,0
001188,17,1,Urbano,Lima Metropolitana,Ladrillo o Bloque de cemento,Red publica fuera de la vivienda,Hombre,Ocupado,5,3,1.67,43.0,11.0,1.0,0
001189,10,1,Urbano,Costa Centro,Ladrillo o Bloque de cemento,Red publica dentro de la vivienda,Hombre,Ocupado,8,3,2.67,56.0,8.0,3.0,1
001190,2,1,Urbano,Lima Metropolitana,,Red publica dentro de la vivienda,Mujer,Ocupado,5,3,1.67,19.0,12.0,7.0,0
001191,14,1,Rural,Sierra Sur,Adobe,Pozo,Mujer,Ocupado,4,3,1.33,49.0,2.0,5.0,0
001192,7,1,Rural,Sierra Centro,Adobe,Red publica dentro de la vivienda,Mujer,Ocupado,5,3,1.67,45.0,9.0,3.0,0
001193,4,1,Urbano,Lima Metropolitana,Ladrillo o Bloque de cemento,Red publica dentro de la vivienda,Hombre,Ocupado,3,2,1.5,35.0,14.0,4.0,0
001194,17,1,Urbano,Lima Metropolitana,Ladrillo o Bloque de cemento,Red publica dentro de la vivienda,Mujer,Ocupado,5,4,1.25,31.0,15.0,6.0,0
001195,2,1,Urbano,Lima Metropolitana,Ladrillo o Bloque de cemento,,Hombre,Ocupado,5,2,2.5,44.0,10.0,3.0,0
001196,8,1,Rural,Costa Sur,Adobe,Red publica fuera de la vivienda,Hombre,Ocupado,6,6,1.0,33.0,3.0,2.0,0
001197,2,1,Urbano,Costa Sur,Ladrillo o Bloque de cemento,Red publica dentro de la vivienda,Hombre,Ocupado,7,4,1.75,18.0,15.0,6.0,0
001198,16,1,Urbano,Lima Metropolitana,Adobe,Red publica dentro de la vivienda,Mujer,Ocupado,3,3,1.0,32.0,12.0,5.0,0
001199,1,1,Rural,Sierra Norte,Adobe,"Rio, acequia o manantial",Hombre,Ocupado,3,3,1.0,31.0,8.0,5.0,0
001200,9,1,Urbano,Lima Metropolitana,Madera,Red publica dentro de la vivienda,Hombre,Ocupado,5,3,1.67,48.0,9.0,4.0,0
001201,12,1,Rural,Selva,Ladrillo o Bloque de cemento,Red publica fuera de la vivienda,Mujer,Ocupado,5,3,1.67,31.0,6.0,8.0,0
001202,5,1,Urbano,Selva,Ladrillo o Bloque de cemento,Red publica fuera de la vivienda,Hombre,Ocupado,4,2,2.0,48.0,15.0,6.0,0
001203,1,1,Urbano,Lima Metropolitana,Ladrillo o Bloque de cemento,Red publica dentro de la vivienda,Mujer,Ocupado,4,4,1.0,35.0,13.0,8.0,0
001204,3,1,Urbano,Lima Metropolitana,Ladrillo o Bloque de cemento,Pozo,Hombre,Ocupado,2,2,1.0,59.0,12.0,4.0,0
001205,11,1,Rural,Costa Norte,Madera,Red publica fuera de la vivienda,Hombre,Ocupado,7,6,1.17,53.0,8.0,3.0,0
001206,10,1,Urbano,Costa Norte,Ladrillo o Bloque de cemento,Red publica dentro de la vivienda,Mujer,Ocupado,4,1,4.0,44.0,12.0,5.0,0
001207,6,1,Urbano,Selva,Ladrillo o Bloque de cemento,Pozo,Mujer,Ocupado,6,3,2.0,50.0,18.0,4.0,0
001208,12,1,Rural,Sierra Sur,Adobe,Red publica dentro de la vivienda,Mujer,Ocupado,3,1,3.0,56.0,7.0,4.0,1
001209,5,1,Rural,Sierra Norte,Ladrillo o Bloque de cemento,Red publica fuera de la vivienda,Mujer,Ocupado,8,5,1.6,49.0,9.0,4.0,0
001210,12,1,Urbano,Sierra Sur,Ladrillo o Bloque de cemento,Red publica dentro de la vivienda,Hombre,Ocupado,4,3,1.33,50.0,11.0,4.0,0
001211,11,1,Urbano,Lima Metropolitana,Madera,Red publica dentro de la vivienda,Hombre,Ocupado,4,4,1.0,18.0,9.0,2.0,0
001212,13,1,Urbano,Lima Metropolitana,Ladrillo o Bloque de cemento,Red publica dentro de la vivienda,Mujer,Ocupado,5,2,2.5,41.0,14.0,6.0,0
001213,16,1,Rural,Selva,Ladrillo o Bloque de cemento,"Rio, acequia o manantial",Hombre,Ocupado,3,2,1.5,37.0,2.0,5.0,1
001214,13,1,Rural,Sierra Centro,Ladrillo o Bloque de cemento,Red publica dentro de la vivienda,Hombre,Ocupado,7,5,1.4,63.0,10.0,4.0,0
001215,2,1,Rural,Sierra Norte,Madera,Red publica dentro de la vivienda,Hombre,Ocupado,5,1,5.0,43.0,2.0,1.0,1
001216,18,1,Urbano,Selva,Ladrillo o Bloque de cemento,Red publica dentro de la vivienda,Hombre,Ocupado,5,3,1.67,39.0,8.0,3.0,1
001217,4,1,Urbano,Sierra Norte,Ladrillo o Bloque de cemento,Red publica dentro de la vivienda,Hombre,Ocupado,5,4,1.25,56.0,,6.0,1
001218,10,1,Urbano,Selva,Ladrillo o Bloque de cemento,Red publica dentro de la vivienda,Mujer,Ocupado,3,3,1.0,27.0,13.0,4.0,0
001219,2,1,Urbano,Lima Metropolitana,Ladrillo o Bloque de cemento,Red publica dentro de la vivienda,Mujer,Ocupado,8,6,1.33,47.0,9.0,4.0,0
001220,3,1,Rural,Costa Norte,Adobe,Red publica fuera de la vivienda,Hombre,Ocupado,5,3,1.67,20.0,8.0,2.0,0
001221,15,1,Urbano,Costa Norte,Ladrillo o Bloque de cemento,Red publica dentro de la vivienda,Mujer,Ocupado,6,4,1.5,38.0,9.0,3.0,1
001222,2,1,Urbano,Costa Sur,Ladrillo o Bloque de cemento,Red publica dentro de la vivienda,Mujer,Ocupado,1,1,1.0,42.0,11.0,5.0,0
001223,3,1,Urbano,Lima Metropolitana,Ladrillo o Bloque de cemento,Red publica dentro de la vivienda,Hombre,Inactivo,8,5,1.6,68.0,11.0,2.0,1
001224,8,1,Urbano,Lima Metropolitana,Ladrillo o Bloque de cemento,Red publica dentro de la vivienda,Hombre,Ocupado,3,1,3.0,46.0,18.0,3.0,0
001225,19,1,Rural,Costa Centro,Ladrillo o Bloque de cemento,"Rio, acequia o manantial",Hombre,Ocupado,2,2,1.0,36.0,1.0,2.0,0
001226,16,1,Urbano,Lima Metropolitana,Ladrillo o Bloque de cemento,Red publica dentro de la vivienda,Hombre,Ocupado,4,3,1.33,46.0,14.0,6.0,0
001227,18,1,Urbano,Sierra Sur,Otro material,Red publica dentro de la vivienda,Mujer,Inactivo,9,7,1.29,68.0,11.0,2.0,1
001228,13,1,Urbano,Sierra Sur,Ladrillo o Bloque de cemento,Red publica dentro de la vivienda,Mujer,Ocupado,3,2,1.5,19.0,9.0,3.0,0
001229,7,1,Urbano,Lima Metropolitana,Ladrillo o Bloque de cemento,Red publica fuera de la vivienda,Hombre,Ocupado,8,8,1.0,59.0,14.0,5.0,0
001230,7,1,Urbano,Costa Norte,Ladrillo o Bloque de cemento,Red publica dentro de la vivienda,Mujer,Ocupado,3,2,1.5,53.0,8.0,4.0,0
001231,4,1,Rural,Costa Sur,Adobe,Red publica dentro de la vivienda,Hombre,Ocupado,6,4,1.5,46.0,3.0,3.0,1
001232,17,1,Urbano,Selva,Ladrillo o Bloque de cemento,Red publica dentro de la vivienda,Mujer,Ocupado,4,4,1.0,44.0,7.0,1.0,0
001233,19,1,Urbano,Costa Sur,Ladrillo o Bloque de cemento,Red publica dentro de la vivienda,Mujer,Inactivo,1,1,1.0,68.0,11.0,5.0,0
001234,6,1,Urbano,Lima Metropolitana,Ladrillo o Bloque de cemento,Red publica dentro de la vivienda,Mujer,Ocupado,6,4,1.5,58.0,,5.0,0
001235,7,1,Rural,Costa Sur,Ladrillo o Bloque de cemento,Red publica fuera de la vivienda,Mujer,Ocupado,8,2,4.0,33.0,4.0,2.0,1
001236,5,1,Urbano,Costa Norte,Ladrillo o Bloque de cemento,Red publica dentro de la vivienda,Hombre,Ocupado,5,2,2.5,48.0,12.0,4.0,1
001237,13,1,Urbano,Costa Sur,Madera,Red publica dentro de la vivienda,Mujer,Inactivo,5,3,1.67,65.0,14.0,3.0,1
001238,5,1,Urbano,Sierra Sur,Ladrillo o Bloque de cemento,Red publica dentro de la vivienda,Hombre,Ocupado,4,3,1.33,56.0,6.0,4.0,0
001239,1,1,Urbano,Costa Centro,Ladrillo o Bloque de cemento,Red publica dentro de la vivienda,Hombre,Ocupado,4,2,2.0,52.0,12.0,4.0,0
001240,12,1,Urbano,Costa Centro,Ladrillo o Bloque de cemento,Red publica dentro de la vivienda,Hombre,Ocupado,3,3,1.0,30.0,13.0,4.0,0
001241,13,1,Urbano,Lima Metropolitana,Madera,Red publica dentro de la vivienda,Mujer,Inactivo,7,4,1.75,80.0,17.0,4.0,1
001242,13,1,Rural,Sierra Norte,Adobe,Red publica dentro de la vivienda,Mujer,Ocupado,3,2,1.5,58.0,6.0,5.0,0
001243,17,1,Rural,Sierra Centro,Madera,Red publica dentro de la vivienda,Mujer,Inactivo,3,2,1.5,73.0,11.0,4.0,0
001244,17,1,Urbano,Costa Norte,Ladrillo o Bloque de cemento,Red publica dentro de la vivienda,Mujer,Ocupado,2,2,1.0,52.0,13.0,7.0,0
001245,17,1,Rural,Sierra Centro,Madera,Pozo,Hombre,Ocupado,1,1,1.0,48.0,0.0,4.0,0
001246,4,1,Urbano,Sierra Norte,Ladrillo o Bloque de cemento,Red publica dentro de la vivienda,Hombre,Ocupado,3,3,1.0,39.0,12.0,6.0,0
001247,19,1,Urbano,Selva,Ladrillo o Bloque de cemento,Red publica dentro de la vivienda,Mujer,Ocupado,6,3,2.0,62.0,11.0,3.0,0
001248,13,1,Urbano,Costa Sur,Ladrillo o Bloque de cemento,Red publica dentro de la vivienda,Mujer,Inactivo,9,6,1.5,69.0,14.0,5.0,0
001249,1,1,Urbano,Lima Metropolitana,Ladrillo o Bloque de cemento,Red publica dentro de la vivienda,Hombre,Ocupado,3,1,3.0,63.0,16.0,3.0,0
001250,1,1,Urbano,Lima Metropolitana,Otro material,Red publica fuera de la vivienda,Mujer,Inactivo,5,4,1.25,80.0,9.0,4.0,1
001251,10,1,Urbano,Costa Norte,Ladrillo o Bloque de cemento,Red publica fuera de la vivienda,Hombre,Ocupado,8,5,1.6,50.0,14.0,6.0,0
001252,6,1,Urbano,Costa Centro,Ladrillo o Bloque de cemento,Red publica dentro de la vivienda,Hombre,Ocupado,3,2,1.5,39.0,11.0,2.0,0
001253,8,1,Urbano,Costa Centro,Ladrillo o Bloque de cemento,Red publica dentro de la vivienda,Hombre,Ocupado,7,5,1.4,52.0,9.0,4.0,0
001254,11,1,Urbano,Selva,Ladrillo o Bloque de cemento,Red publica dentro de la vivienda,Hombre,Ocupado,5,3,1.67,59.0,16.0,,0
001255,12,1,Urbano,Costa Centro,Ladrillo o Bloque de cemento,Red publica dentro de la vivienda,Hombre,Ocupado,8,4,2.0,44.0,9.0,,0
001256,11,1,Urbano,Lima Metropolitana,Ladrillo o Bloque de cemento,Red publica dentro de la vivienda,Hombre,Desocupado,6,2,3.0,47.0,13.0,7.0,1
001257,7,1,Urbano,Lima Metropolitana,Ladrillo o Bloque de cemento,Red publica dentro de la vivienda,Hombre,Ocupado,2,2,1.0,51.0,12.0,5.0,0
001258,3,1,Urbano,Lima Metropolitana,Ladrillo o Bloque de cemento,Red publica dentro de la vivienda,Hombre,Ocupado,7,4,1.75,55.0,14.0,3.0,1
001259,19,1,Rural,Selva,Adobe,,Hombre,Ocupado,5,3,1.67,50.0,11.0,4.0,0
001260,2,1,Urbano,Lima Metropolitana,Ladrillo o Bloque de cemento,Red publica dentro de la vivienda,Hombre,Ocupado,4,2,2.0,51.0,18.0,4.0,0
001261,7,1,Urbano,Costa Norte,Adobe,Red publica dentro de la vivienda,Mujer,Ocupado,5,3,1.67,57.0,14.0,5.0,0
001262,12,1,Rural,Sierra Centro,Madera,Red publica fuera de la vivienda,Hombre,Ocupado,2,2,1.0,59.0,1.0,5.0,1
001263,8,1,Urbano,Sierra Norte,Madera,Red publica dentro de la vivienda,Hombre,Ocupado,5,4,1.25,41.0,16.0,5.0,0
001264,16,1,Urbano,Lima Metropolitana,Ladrillo o Bloque de cemento,Red publica dentro de la vivienda,Hombre,Ocupado,4,4,1.0,22.0,14.0,5.0,0
001265,10,1,Rural,Selva,Adobe,Red publica dentro de la vivienda,Mujer,Ocupado,5,3,1.67,33.0,10.0,1.0,0
001266,11,1,Urbano,Lima Metropolitana,Ladrillo o Bloque de cemento,Pozo,Hombre,Ocupado,4,3,1.33,54.0,12.0,2.0,0
001267,12,1,Urbano,Costa Centro,Otro material,Red publica dentro de la vivienda,Mujer,Ocupado,3,2,1.5,38.0,11.0,5.0,0
001268,2,1,Urbano,Lima Metropolitana,Ladrillo o Bloque de cemento,,Hombre,Ocupado,1,1,1.0,52.0,16.0,5.0,0
001269,1,1,Urbano,Sierra Sur,Adobe,Red publica dentro de la vivienda,Hombre,Ocupado,6,3,2.0,47.0,17.0,5.0,0
001270,3,1,Urbano,Sierra Sur,Madera,Red publica dentro de la vivienda,Mujer,Ocupado,6,6,1.0,49.0,12.0,4.0,0
001271,19,1,Urbano,Lima Metropolitana,Ladrillo o Bloque de cemento,Red publica dentro de la vivienda,Hombre,Ocupado,4,4,1.0,55.0,9.0,1.0,0
001272,1,1,Urbano,Sierra Centro,Adobe,Red publica dentro de la vivienda,Hombre,Inactivo,5,5,1.0,65.0,13.0,6.0,1
001273,11,1,Urbano,Sierra Centro,Madera,Red publica dentro de la vivienda,Hombre,Ocupado,4,1,4.0,48.0,10.0,2.0,0
001274,16,1,Urbano,Selva,Ladrillo o Bloque de cemento,Red publica dentro de la vivienda,Mujer,Ocupado,4,3,1.33,33.0,8.0,4.0,1
001275,17,1,Urbano,Costa Centro,Ladrillo o Bloque de cemento,Red publica dentro de la vivienda,Hombre,Ocupado,4,3,1.33,52.0,11.0,2.0,0
001276,11,1,Rural,Sierra Norte,Madera,Red publica fuera de la vivienda,Hombre,Ocupado,5,2,2.5,58.0,8.0,2.0,1
001277,7,1,Urbano,Costa Sur,Ladrillo o Bloque de cemento,Red publica dentro de la vivienda,Mujer,Ocupado,2,2,1.0,18.0,14.0,5.0,0
001278,18,1,Rural,Costa Centro,Ladrillo o Bloque de cemento,Red publica fuera de la vivienda,Hombre,Ocupado,6,2,3.0,38.0,5.0,4.0,1
001279,11,1,Urbano,Lima Metropolitana,Ladrillo o Bloque de cemento,Red publica dentro de la vivienda,Hombre,Ocupado,2,1,2.0,48.0,11.0,3.0,0
001280,5,1,Urbano,Selva,Ladrillo o Bloque de cemento,Red publica dentro de la vivienda,Hombre,Ocupado,3,3,1.0,41.0,11.0,4.0,0
001281,4,1,Urbano,Sierra Centro,Ladrillo o Bloque de cemento,Red publica dentro de la vivienda,Hombre,Ocupado,2,1,2.0,50.0,17.0,5.0,0
001282,12,1,Urbano,Sierra Centro,Ladrillo o Bloque de cemento,Red publica dentro de la vivienda,Hombre,Ocupado,2,1,2.0,39.0,15.0,7.0,0
001283,2,1,Rural,Sierra Sur,Adobe,Red publica dentro de la vivienda,Mujer,Ocupado,6,2,3.0,61.0,8.0,5.0,1
001284,4,1,Urbano,Lima Metropolitana,Ladrillo o Bloque de cemento,Red publica dentro de la vivienda,Hombre,Ocupado,4,2,2.0,49.0,14.0,3.0,0
001285,4,1,Urbano,Lima Metropolitana,Ladrillo o Bloque de cemento,Red publica dentro de la vivienda,Hombre,Ocupado,8,6,1.33,23.0,11.0,2.0,0
001286,9,1,Urbano,Lima Metropolitana,Ladrillo o Bloque de cemento,Red publica dentro de la vivienda,Hombre,Ocupado,4,3,1.33,58.0,15.0,5.0,0
001287,7,1,Urbano,Sierra Centro,Madera,Pozo,Mujer,Ocupado,2,1,2.0,59.0,8.0,4.0,0
001288,9,1,Urbano,Sierra Norte,Ladrillo o Bloque de cemento,Red publica dentro de la vivienda,Mujer,Ocupado,3,3,1.0,47.0,13.0,7.0,0
001289,3,1,Rural,Sierra Sur,Otro material,"Rio, acequia o manantial",Hombre,Ocupado,5,3,1.67,22.0,0.0,4.0,0
001290,8,1,Rural,Selva,Madera,Otro,Mujer,Ocupado,6,2,3.0,61.0,1.0,2.0,0
001291,11,1,Rural,Sierra Sur,Madera,Red publica dentro de la vivienda,Mujer,Ocupado,7,4,1.75,34.0,0.0,3.0,1
001292,15,1,Urbano,Lima Metropolitana,Ladrillo o Bloque de cemento,Red publica dentro de la vivienda,Hombre,Ocupado,5,3,1.67,43.0,18.0,5.0,0
001293,1,1,Urbano,Selva,Ladrillo o Bloque de cemento,Red publica dentro de la vivienda,Hombre,Desocupado,3,2,1.5,40.0,10.0,,1
001294,4,1,Rural,Sierra Norte,Adobe,Pozo,Mujer,Ocupado,6,4,1.5,28.0,2.0,3.0,0
001295,19,1,Rural,Sierra Centro,Adobe,"Rio, acequia o manantial",Mujer,Ocupado,3,2,1.5,48.0,14.0,4.0,0
001296,4,1,Rural,Sierra Centro,Adobe,Pozo,Hombre,Ocupado,7,5,1.4,51.0,4.0,5.0,1
001297,17,1,Rural,Costa Norte,Adobe,Pozo,Hombre,Ocupado,6,4,1.5,50.0,,5.0,0
001298,8,1,Urbano,Costa Centro,Madera,Pozo,Mujer,Ocupado,3,2,1.5,45.0,8.0,3.0,0
001299,7,1,Urbano,Lima Metropolitana,Ladrillo o Bloque de cemento,Red publica dentro de la vivienda,Hombre,Ocupado,9,4,2.25,38.0,15.0,2.0,0
001300,18,1,Rural,Sierra Centro,Ladrillo o Bloque de cemento,Red publica dentro de la vivienda,Mujer,Inactivo,5,3,1.67,69.0,6.0,4.0,1
001301,19,1,Urbano,Costa Sur,Ladrillo o Bloque de cemento,Red publica dentro de la vivienda,Mujer,Ocupado,2,2,1.0,51.0,9.0,4.0,0
001302,12,1,Rural,Selva,Adobe,Red publica dentro de la vivienda,Hombre,Ocupado,8,5,1.6,35.0,2.0,2.0,0
001303,13,1,Urbano,Lima Metropolitana,Ladrillo o Bloque de cemento,Red publica dentro de la vivienda,Hombre,Ocupado,5,3,1.67,54.0,10.0,3.0,0
001304,9,1,Urbano,Sierra Norte,Otro material,Red publica dentro de la vivienda,Hombre,Ocupado,6,5,1.2,53.0,8.0,2.0,0
001305,4,1,Urbano,Lima Metropolitana,Ladrillo o Bloque de cemento,Red publica dentro de la vivienda,Mujer,Ocupado,5,4,1.25,57.0,7.0,2.0,0
001306,9,1,Urbano,Lima Metropolitana,Ladrillo o Bloque de cemento,Red publica dentro de la vivienda,Hombre,Ocupado,4,4,1.0,48.0,15.0,6.0,0
001307,15,1,Urbano,Selva,Madera,Red publica dentro de la vivienda,Mujer,Ocupado,7,5,1.4,39.0,15.0,4.0,0
001308,17,1,Urbano,Lima Metropolitana,Madera,Pozo,Mujer,Ocupado,3,3,1.0,29.0,10.0,1.0,0
001309,2,1,Urbano,Costa Norte,Ladrillo o Bloque de cemento,Red publica dentro de la vivienda,Hombre,Ocupado,6,3,2.0,41.0,4.0,3.0,1
001310,18,1,Urbano,Lima Metropolitana,Ladrillo o Bloque de cemento,Red publica dentro de la vivienda,Hombre,Ocupado,3,1,3.0,25.0,14.0,5.0,0
001311,14,1,Rural,Sierra Centro,Adobe,"Rio, acequia o manantial",Hombre,Ocupado,5,3,1.67,52.0,7.0,4.0,0
001312,17,1,Urbano,Lima Metropolitana,Ladrillo o Bloque de cemento,Red publica dentro de la vivienda,Hombre,Ocupado,7,4,1.75,26.0,9.0,1.0,1
001313,5,1,Rural,Selva,Adobe,Red publica dentro de la vivienda,Hombre,Ocupado,7,3,2.33,,6.0,6.0,1
001314,7,1,Urbano,Costa Norte,Ladrillo o Bloque de cemento,Red publica dentro de la vivienda,Hombre,Ocupado,2,2,1.0,58.0,2.0,2.0,0
001315,15,1,Rural,Costa Norte,Madera,Pozo,Mujer,Ocupado,3,2,1.5,45.0,7.0,3.0,1
001316,16,1,Urbano,Lima Metropolitana,Ladrillo o Bloque de cemento,Red publica dentro de la vivienda,Hombre,Ocupado,3,3,1.0,47.0,12.0,6.0,0
001317,18,1,Urbano,Selva,Ladrillo o Bloque de cemento,Red publica dentro de la vivienda,Mujer,Ocupado,7,6,1.17,54.0,15.0,3.0,1
001318,2,1,Urbano,Costa Norte,Ladrillo o Bloque de cemento,Red publica dentro de la vivienda,Hombre,Ocupado,4,2,2.0,55.0,,5.0,0
001319,14,1,Urbano,Lima Metropolitana,Ladrillo o Bloque de cemento,Red publica dentro de la vivienda,Mujer,Ocupado,2,1,2.0,63.0,13.0,6.0,0
001320,15,1,Urbano,Lima Metropolitana,Madera,Red publica dentro de la vivienda,Hombre,Ocupado,3,2,1.5,56.0,18.0,2.0,0
001321,10,1,Urbano,Sierra Sur,Ladrillo o Bloque de cemento,Red publica dentro de la vivienda,Hombre,Ocupado,7,4,1.75,53.0,,6.0,1
001322,8,1,Rural,Sierra Sur,Adobe,Red publica dentro de la vivienda,Mujer,Ocupado,4,2,2.0,21.0,2.0,1.0,1
001323,12,1,Rural,Costa Norte,Adobe,"Rio, acequia o manantial",Hombre,Ocupado,3,2,1.5,51.0,9.0,1.0,0
001324,17,1,Urbano,Lima Metropolitana,Ladrillo o Bloque de cemento,Red publica dentro de la vivienda,Hombre,Inactivo,2,2,1.0,71.0,16.0,2.0,0
001325,9,1,Rural,Sierra Centro,Madera,Red publica dentro de la vivienda,Hombre,Ocupado,4,4,1.0,57.0,10.0,5.0,0
001326,18,1,Urbano,Lima Metropolitana,Ladrillo o Bloque de cemento,Otro,Mujer,Ocupado,6,3,2.0,62.0,12.0,5.0,1
001327,3,1,Urbano,Sierra Centro,Ladrillo o Bloque de cemento,Red publica dentro de la vivienda,Hombre,Ocupado,4,2,2.0,39.0,9.0,2.0,0
001328,12,1,Rural,Selva,Adobe,Pozo,Mujer,Ocupado,5,2,2.5,47.0,3.0,1.0,1
001329,14,1,Rural,Sierra Norte,Adobe,Red publica dentro de la vivienda,Mujer,Ocupado,4,4,1.0,56.0,4.0,2.0,0
001330,13,1,Urbano,Costa Centro,Ladrillo o Bloque de cemento,Red publica dentro de la vivienda,Mujer,Ocupado,3,3,1.0,54.0,6.0,2.0,0
001331,7,1,Urbano,Lima Metropolitana,Ladrillo o Bloque de cemento,Red publica fuera de la vivienda,Hombre,Ocupado,3,3,1.0,59.0,11.0,5.0,0
001332,7,1,Rural,Sierra Sur,Otro material,"Rio, acequia o manantial",Mujer,Ocupado,3,2,1.5,32.0,12.0,4.0,0
001333,18,1,Rural,Selva,Madera,Red publica dentro de la vivienda,Hombre,Ocupado,2,2,1.0,37.0,5.0,3.0,0
001334,19,1,Urbano,Lima Metropolitana,Ladrillo o Bloque de cemento,Red publica dentro de la vivienda,Hombre,Ocupado,7,5,1.4,30.0,13.0,3.0,0
001335,19,1,Urbano,Lima Metropolitana,Ladrillo o Bloque de cemento,Red publica dentro de la vivienda,Hombre,Ocupado,4,3,1.33,52.0,14.0,4.0,0
001336,16,1,Urbano,Lima Metropolitana,Ladrillo o Bloque de cemento,Red publica dentro de la vivienda,Hombre,Ocupado,4,4,1.0,45.0,11.0,4.0,0
001337,8,1,Urbano,Costa Sur,Ladrillo o Bloque de cemento,Red publica dentro de la vivienda,Hombre,Ocupado,3,1,3.0,45.0,10.0,4.0,0
001338,11,1,Urbano,Selva,Ladrillo o Bloque de cemento,Red publica dentro de la vivienda,Mujer,Desocupado,9,5,1.8,38.0,15.0,4.0,1
001339,4,1,Urbano,Lima Metropolitana,Ladrillo o Bloque de cemento,Red publica dentro de la vivienda,Hombre,Ocupado,2,2,1.0,36.0,13.0,8.0,0
001340,13,1,Rural,Sierra Centro,Ladrillo o Bloque de cemento,Red publica dentro de la vivienda,Hombre,Ocupado,6,3,2.0,48.0,10.0,5.0,0
001341,4,1,Rural,Costa Centro,Madera,"Rio, acequia o manantial",Mujer,Ocupado,6,5,1.2,64.0,14.0,7.0,0
001342,12,1,Rural,Lima Metropolitana,Adobe,Red publica fuera de la vivienda,Hombre,Inactivo,3,2,1.5,70.0,5.0,2.0,0
001343,5,1,Urbano,Sierra Sur,Adobe,Red publica dentro de la vivienda,Hombre,Inactivo,5,4,1.25,70.0,11.0,2.0,1
001344,12,1,Rural,Selva,Adobe,Red publica dentro de la vivienda,Hombre,Desocupado,8,3,2.67,41.0,6.0,2.0,1
001345,1,1,Urbano,Lima Metropolitana,Ladrillo o Bloque de cemento,Red publica dentro de la vivienda,Hombre,Ocupado,2,2,1.0,31.0,11.0,4.0,0
001346,18,1,Urbano,Selva,Ladrillo o Bloque de cemento,Red publica dentro de la vivienda,Hombre,Ocupado,4,3,1.33,60.0,10.0,3.0,0
001347,13,1,Rural,Sierra Sur,Madera,"Rio, acequia o manantial",Mujer,Inactivo,6,5,1.2,66.0,11.0,7.0,0
001348,8,1,Urbano,Sierra Centro,Ladrillo o Bloque de cemento,Red publica dentro de la vivienda,Hombre,Ocupado,3,2,1.5,54.0,11.0,4.0,0
001349,11,1,Urbano,Sierra Sur,Ladrillo o Bloque de cemento,Red publica dentro de la vivienda,Hombre,Desocupado,4,3,1.33,48.0,18.0,6.0,1
001350,5,1,Rural,Costa Centro,Madera,Red publica fuera de la vivienda,Hombre,Ocupado,6,3,2.0,39.0,5.0,3.0,1
001351,16,1,Urbano,Lima Metropolitana,Ladrillo o Bloque de cemento,Red publica dentro de la vivienda,Hombre,Ocupado,7,7,1.0,56.0,17.0,6.0,0
001352,14,1,Urbano,Lima Metropolitana,Ladrillo o Bloque de cemento,Red publica dentro de la vivienda,Hombre,Ocupado,5,5,1.0,56.0,18.0,,0
001353,8,1,Rural,Sierra Norte,Madera,Red publica fuera de la vivienda,Mujer,Ocupado,9,7,1.29,52.0,6.0,3.0,1
001354,5,1,Urbano,Sierra Norte,Ladrillo o Bloque de cemento,Red publica dentro de la vivienda,Hombre,Ocupado,5,2,2.5,33.0,12.0,3.0,0
001355,12,1,Urbano,Lima Metropolitana,Ladrillo o Bloque de cemento,Red publica dentro de la vivienda,Hombre,Ocupado,3,1,3.0,34.0,15.0,4.0,1
001356,9,1,Urbano,Costa Norte,,Red publica dentro de la vivienda,Hombre,Ocupado,4,2,2.0,47.0,9.0,3.0,0
001357,11,1,Urbano,Selva,Ladrillo o Bloque de cemento,Red publica dentro de la vivienda,Mujer,Ocupado,8,6,1.33,63.0,16.0,4.0,0
001358,10,1,Urbano,Sierra Sur,,Red publica dentro de la vivienda,Hombre,Ocupado,7,6,1.17,61.0,8.0,3.0,0
001359,11,1,Urbano,Lima Metropolitana,Ladrillo o Bloque de cemento,Red publica dentro de la vivienda,Mujer,Ocupado,6,3,2.0,42.0,11.0,6.0,0
001360,4,1,Rural,Costa Centro,Madera,Red publica dentro de la vivienda,Hombre,Ocupado,3,2,1.5,22.0,5.0,4.0,1
001361,2,1,Urbano,Lima Metropolitana,Madera,Red publica dentro de la vivienda,Hombre,Inactivo,3,3,1.0,67.0,13.0,2.0,0
001362,18,1,Rural,Sierra Centro,Madera,"Rio, acequia o manantial",Mujer,Inactivo,4,3,1.33,65.0,8.0,3.0,0
001363,2,1,Urbano,Selva,Ladrillo o Bloque de cemento,Red publica dentro de la vivienda,Mujer,Desocupado,6,2,3.0,50.0,9.0,4.0,1
001364,6,1,Urbano,Costa Norte,Adobe,Red publica dentro de la vivienda,Hombre,Ocupado,4,4,1.0,42.0,11.0,3.0,0
001365,14,1,Urbano,Sierra Sur,Adobe,Red publica dentro de la vivienda,Mujer,Ocupado,4,3,1.33,44.0,7.0,7.0,0
001366,7,1,Rural,Selva,Otro material,"Rio, acequia o manantial",Hombre,Ocupado,4,2,2.0,61.0,10.0,6.0,0
001367,1,1,Urbano,Costa Sur,Madera,Red publica dentro de la vivienda,Hombre,Ocupado,6,6,1.0,56.0,13.0,4.0,0
001368,11,1,Urbano,Costa Centro,Ladrillo o Bloque de cemento,Red publica dentro de la vivienda,Hombre,Ocupado,7,5,1.4,42.0,10.0,5.0,0
001369,4,1,Urbano,Costa Sur,Ladrillo o Bloque de cemento,Red publica dentro de la vivienda,Hombre,Inactivo,6,3,2.0,79.0,10.0,4.0,1
001370,9,1,Urbano,Sierra Centro,Otro material,Red publica dentro de la vivienda,Hombre,Ocupado,5,1,5.0,27.0,9.0,3.0,0
001371,12,1,Urbano,Costa Norte,Madera,Red publica dentro de la vivienda,Hombre,Ocupado,2,2,1.0,40.0,8.0,4.0,0
001372,7,1,Urbano,Lima Metropolitana,Adobe,Red publica dentro de la vivienda,Hombre,Ocupado,4,3,1.33,40.0,9.0,1.0,0
001373,15,1,Urbano,Sierra Centro,Madera,Red publica dentro de la vivienda,Mujer,Ocupado,9,6,1.5,49.0,8.0,3.0,0
001374,2,1,Urbano,Lima Metropolitana,Ladrillo o Bloque de cemento,Red publica dentro de la vivienda,Hombre,Ocupado,3,2,1.5,64.0,16.0,3.0,0
001375,16,1,Urbano,Lima Metropolitana,Otro material,Red publica dentro de la vivienda,Hombre,Ocupado,2,1,2.0,60.0,16.0,3.0,0
001376,11,1,Rural,Costa Norte,Adobe,Pozo,Hombre,Ocupado,3,1,3.0,50.0,2.0,3.0,0
001377,13,1,Urbano,Lima Metropolitana,Ladrillo o Bloque de cemento,Red publica dentro de la vivienda,Hombre,Ocupado,4,2,2.0,29.0,15.0,3.0,0
001378,17,1,Urbano,Lima Metropolitana,Ladrillo o Bloque de cemento,Red publica dentro de la vivienda,Hombre,Ocupado,4,2,2.0,61.0,9.0,4.0,0
001379,8,1,Urbano,Lima Metropolitana,Ladrillo o Bloque de cemento,Red publica dentro de la vivienda,Hombre,Ocupado,2,2,1.0,32.0,15.0,4.0,0
001380,18,1,Rural,Sierra Sur,Adobe,Red publica dentro de la vivienda,Hombre,Ocupado,4,3,1.33,42.0,7.0,3.0,0
001381,17,1,Rural,Sierra Sur,Ladrillo o Bloque de cemento,Pozo,Mujer,Ocupado,2,2,1.0,47.0,5.0,2.0,0
001382,10,1,Urbano,Costa Norte,,Red publica dentro de la vivienda,Hombre,Ocupado,6,2,3.0,37.0,12.0,5.0,0
001383,11,1,Urbano,Selva,Ladrillo o Bloque de cemento,Red publica dentro de la vivienda,Hombre,Ocupado,3,3,1.0,36.0,15.0,5.0,0
001384,16,1,Urbano,Lima Metropolitana,Madera,Red publica dentro de la vivienda,Mujer,Ocupado,3,2,1.5,60.0,7.0,3.0,0
001385,11,1,Urbano,Lima Metropolitana,Ladrillo o Bloque de cemento,Red publica dentro de la vivienda,Mujer,Inactivo,3,1,3.0,68.0,16.0,7.0,0
001386,4,1,Urbano,Costa Norte,Adobe,Red publica dentro de la vivienda,Hombre,Ocupado,6,3,2.0,47.0,8.0,6.0,0
001387,17,1,Urbano,Lima Metropolitana,Ladrillo o Bloque de cemento,Red publica dentro de la vivienda,Hombre,Ocupado,6,3,2.0,23.0,17.0,5.0,1
001388,16,1,Urbano,Sierra Norte,Ladrillo o Bloque de cemento,Red publica dentro de la vivienda,Hombre,Ocupado,6,4,1.5,52.0,14.0,6.0,0
001389,5,1,Urbano,Lima Metropolitana,Adobe,Red publica dentro de la vivienda,Hombre,Desocupado,8,4,2.0,38.0,9.0,4.0,1
001390,10,1,Rural,Costa Norte,Adobe,Red publica fuera de la vivienda,Hombre,Ocupado,3,3,1.0,53.0,5.0,4.0,0
001391,19,1,Urbano,Lima Metropolitana,Otro material,Red publica dentro de la vivienda,Hombre,Ocupado,8,3,2.67,52.0,,3.0,0
001392,16,1,Urbano,Lima Metropolitana,Ladrillo o Bloque de cemento,Red publica dentro de la vivienda,Mujer,Ocupado,6,3,2.0,22.0,16.0,5.0,0
001393,16,1,Urbano,Costa Centro,Ladrillo o Bloque de cemento,Red publica dentro de la vivienda,Hombre,Ocupado,4,1,4.0,43.0,13.0,3.0,0
001394,18,1,Rural,Costa Norte,Adobe,Red publica dentro de la vivienda,Hombre,Ocupado,7,6,1.17,57.0,8.0,2.0,1
001395,14,1,Urbano,Lima Metropolitana,Ladrillo o Bloque de cemento,Red publica dentro de la vivienda,Hombre,Ocupado,2,1,2.0,47.0,10.0,4.0,0
001396,7,1,Urbano,Costa Centro,Ladrillo o Bloque de cemento,Red publica fuera de la vivienda,Mujer,Desocupado,4,4,1.0,33.0,11.0,4.0,1
001397,16,1,Urbano,Selva,Ladrillo o Bloque de cemento,Red publica dentro de la vivienda,Hombre,Ocupado,7,3,2.33,57.0,11.0,2.0,0
001398,6,1,Urbano,Lima Metropolitana,Ladrillo o Bloque de cemento,Red publica dentro de la vivienda,Hombre,Ocupado,6,4,1.5,25.0,8.0,4.0,0
001399,16,1,Urbano,Selva,Madera,Red publica dentro de la vivienda,Mujer,Ocupado,3,3,1.0,51.0,12.0,8.0,0
001400,13,1,Urbano,Sierra Centro,Ladrillo o Bloque de cemento,Red publica dentro de la vivienda,Hombre,Ocupado,5,5,1.0,40.0,10.0,2.0,0
001401,6,1,Urbano,Sierra Sur,Ladrillo o Bloque de cemento,Red publica dentro de la vivienda,Mujer,Desocupado,7,3,2.33,54.0,15.0,3.0,1
001402,6,1,Urbano,Costa Norte,Ladrillo o Bloque de cemento,"Rio, acequia o manantial",Hombre,Ocupado,4,4,1.0,45.0,15.0,4.0,0
001403,2,1,Urbano,Lima Metropolitana,Adobe,Red publica dentro de la vivienda,Hombre,Ocupado,5,4,1.25,55.0,13.0,4.0,0
001404,3,1,Rural,Sierra Norte,Madera,"Rio, acequia o manantial",Mujer,Inactivo,3,2,1.5,67.0,10.0,4.0,0
001405,16,1,Urbano,Costa Sur,Ladrillo o Bloque de cemento,Red publica dentro de la vivienda,Mujer,Ocupado,5,5,1.0,58.0,13.0,2.0,0
001406,1,1,Urbano,Sierra Norte,Ladrillo o Bloque de cemento,Red publica dentro de la vivienda,Mujer,Ocupado,6,4,1.5,57.0,11.0,4.0,0
001407,11,1,Urbano,Lima Metropolitana,Ladrillo o Bloque de cemento,Red publica dentro de la vivienda,Mujer,Ocupado,6,3,2.0,56.0,8.0,1.0,1
001408,1,1,Rural,Costa Norte,Otro material,Pozo,Hombre,Ocupado,2,2,1.0,24.0,6.0,3.0,0
001409,3,1,Urbano,Lima Metropolitana,Madera,Red publica dentro de la vivienda,Mujer,Ocupado,4,3,1.33,49.0,11.0,2.0,0
001410,1,1,Urbano,Lima Metropolitana,Ladrillo o Bloque de cemento,Red publica dentro de la vivienda,Mujer,Ocupado,8,3,2.67,52.0,12.0,4.0,0
001411,14,1,Urbano,Lima Metropolitana,Otro material,Red publica dentro de la vivienda,Hombre,Ocupado,5,3,1.67,56.0,12.0,5.0,0
001412,12,1,Urbano,Lima Metropolitana,Madera,Red publica dentro de la vivienda,Hombre,Ocupado,3,2,1.5,47.0,16.0,5.0,0
001413,9,1,Urbano,Lima Metropolitana,Ladrillo o Bloque de cemento,Red publica dentro de la vivienda,Hombre,Ocupado,6,6,1.0,58.0,16.0,5.0,0
001414,7,1,Urbano,Lima Metropolitana,Ladrillo o Bloque de cemento,Red publica dentro de la vivienda,Hombre,Ocupado,3,2,1.5,35.0,11.0,3.0,0
001415,16,1,Urbano,Costa Centro,Ladrillo o Bloque de cemento,Red publica dentro de la vivienda,Hombre,Inactivo,2,1,2.0,76.0,7.0,3.0,1
001416,12,1,Urbano,Lima Metropolitana,Ladrillo o Bloque de cemento,Red publica fuera de la vivienda,Mujer,Ocupado,2,2,1.0,56.0,9.0,2.0,0
001417,8,1,Rural,Selva,Madera,Pozo,Hombre,Ocupado,4,1,4.0,35.0,10.0,4.0,0
001418,14,1,Urbano,Selva,Ladrillo o Bloque de cemento,Red publica dentro de la vivienda,Hombre,Inactivo,5,3,1.67,67.0,14.0,7.0,1
001419,13,1,Urbano,Lima Metropolitana,Ladrillo o Bloque de cemento,Red publica dentro de la vivienda,Hombre,Ocupado,4,3,1.33,32.0,9.0,6.0,0
001420,17,1,Urbano,Lima Metropolitana,Adobe,Red publica dentro de la vivienda,Mujer,Ocupado,9,3,3.0,48.0,8.0,5.0,0
001421,8,1,Urbano,Lima Metropolitana,Ladrillo o Bloque de cemento,Red publica dentro de la vivienda,Hombre,Ocupado,4,3,1.33,50.0,11.0,4.0,1
001422,6,1,Rural,Sierra Sur,Madera,Pozo,Hombre,Ocupado,5,4,1.25,42.0,12.0,5.0,0
001423,1,1,Rural,Sierra Sur,,Pozo,Mujer,Ocupado,7,5,1.4,46.0,8.0,2.0,0
001424,16,1,Rural,Sierra Centro,Adobe,Red publica dentro de la vivienda,Hombre,Ocupado,3,2,1.5,49.0,6.0,3.0,0
001425,6,1,Urbano,Sierra Centro,Ladrillo o Bloque de cemento,Red publica dentro de la vivienda,Mujer,Ocupado,5,2,2.5,33.0,11.0,4.0,0
001426,15,1,Urbano,Sierra Centro,Adobe,Red publica dentro de la vivienda,Mujer,Ocupado,4,2,2.0,52.0,5.0,2.0,1
001427,16,1,Rural,Costa Norte,Ladrillo o Bloque de cemento,"Rio, acequia o manantial",Hombre,Ocupado,6,2,3.0,48.0,6.0,3.0,1
001428,16,1,Urbano,Costa Norte,Ladrillo o Bloque de cemento,Red publica dentro de la vivienda,Hombre,Inactivo,5,4,1.25,75.0,15.0,7.0,1
001429,4,1,Urbano,Lima Metropolitana,Ladrillo o Bloque de cemento,Red publica dentro de la vivienda,Hombre,Inactivo,7,4,1.75,69.0,11.0,4.0,1
001430,1,1,Urbano,Sierra Sur,Ladrillo o Bloque de cemento,Red publica dentro de la vivienda,Hombre,Ocupado,4,1,4.0,38.0,10.0,4.0,1
001431,2,1,Urbano,Lima Metropolitana,Madera,Red publica dentro de la vivienda,Hombre,Ocupado,4,3,1.33,,14.0,5.0,0
001432,8,1,Rural,Selva,Madera,"Rio, acequia o manantial",Mujer,Ocupado,6,2,3.0,38.0,3.0,3.0,1
001433,1,1,Urbano,Costa Norte,Ladrillo o Bloque de cemento,Red publica dentro de la vivienda,Mujer,Ocupado,2,2,1.0,44.0,12.0,4.0,0
001434,10,1,Urbano,Costa Centro,Ladrillo o Bloque de cemento,Red publica dentro de la vivienda,Hombre,Ocupado,4,3,1.33,60.0,8.0,8.0,0
001435,6,1,Urbano,Costa Sur,Ladrillo o Bloque de cemento,Red publica dentro de la vivienda,Mujer,Ocupado,6,2,3.0,47.0,9.0,3.0,0
001436,6,1,Urbano,Lima Metropolitana,Otro material,Red publica fuera de la vivienda,Hombre,Ocupado,4,4,1.0,41.0,11.0,3.0,0
001437,4,1,Urbano,Costa Sur,Ladrillo o Bloque de cemento,Pozo,Hombre,Desocupado,6,4,1.5,56.0,10.0,8.0,1
001438,11,1,Urbano,Selva,Madera,Red publica dentro de la vivienda,Hombre,Ocupado,3,1,3.0,21.0,11.0,3.0,0
001439,10,1,Urbano,Lima Metropolitana,Adobe,Red publica fuera de la vivienda,Hombre,Ocupado,5,3,1.67,43.0,12.0,3.0,0
001440,19,1,Urbano,Lima Metropolitana,Ladrillo o Bloque de cemento,Red publica dentro de la vivienda,Mujer,Inactivo,1,1,1.0,67.0,12.0,4.0,0
001441,11,1,Urbano,Costa Sur,Ladrillo o Bloque de cemento,Red publica dentro de la vivienda,Mujer,Inactivo,7,5,1.4,68.0,11.0,2.0,1
001442,2,1,Urbano,Costa Norte,Madera,Red publica dentro de la vivienda,Hombre,Inactivo,4,2,2.0,66.0,8.0,4.0,1
001443,7,1,Urbano,Costa Centro,Ladrillo o Bloque de cemento,Red publica dentro de la vivienda,Hombre,Ocupado,5,3,1.67,31.0,4.0,6.0,0
001444,10,1,Urbano,Costa Norte,Ladrillo o Bloque de cemento,Red publica dentro de la vivienda,Hombre,Ocupado,7,6,1.17,31.0,11.0,3.0,0
001445,10,1,Urbano,Costa Sur,Ladrillo o Bloque de cemento,Red publica dentro de la vivienda,Hombre,Ocupado,8,6,1.33,41.0,9.0,4.0,0
001446,11,1,Rural,Selva,Adobe,"Rio, acequia o manantial",Hombre,Ocupado,2,1,2.0,48.0,8.0,6.0,0
001447,4,1,Urbano,Lima Metropolitana,Ladrillo o Bloque de cemento,Red publica dentro de la vivienda,Hombre,Ocupado,2,1,2.0,38.0,11.0,5.0,0
001448,6,1,Urbano,Selva,Ladrillo o Bloque de cemento,Red publica dentro de la vivienda,Hombre,Ocupado,5,5,1.0,24.0,5.0,6.0,0
001449,4,1,Urbano,Lima Metropolitana,Ladrillo o Bloque de cemento,,Mujer,Ocupado,3,3,1.0,61.0,12.0,3.0,0
001450,5,1,Urbano,Costa Sur,Madera,Red publica dentro de la vivienda,Hombre,Ocupado,2,2,1.0,59.0,14.0,4.0,0
001451,13,1,Urbano,Lima Metropolitana,Ladrillo o Bloque de cemento,Red publica dentro de la vivienda,Hombre,Ocupado,5,4,1.25,40.0,14.0,7.0,0
001452,11,1,Rural,Selva,Otro material,"Rio, acequia o manantial",Mujer,Ocupado,5,3,1.67,58.0,2.0,3.0,1
001453,1,1,Urbano,Lima Metropolitana,Ladrillo o Bloque de cemento,Red publica dentro de la vivienda,Hombre,Ocupado,2,2,1.0,61.0,10.0,3.0,0
001454,4,1,Urbano,Lima Metropolitana,Adobe,,Hombre,Desocupado,5,1,5.0,18.0,11.0,3.0,1
001455,18,1,Urbano,Sierra Centro,Ladrillo o Bloque de cemento,Red publica dentro de la vivienda,Hombre,Ocupado,5,4,1.25,57.0,10.0,5.0,0
001456,17,1,Rural,Costa Norte,Adobe,Pozo,Mujer,Ocupado,9,4,2.25,47.0,5.0,4.0,1
001457,19,1,Urbano,Costa Sur,Adobe,Red publica dentro de la vivienda,Hombre,Ocupado,5,3,1.67,18.0,5.0,8.0,1
001458,18,1,Rural,Sierra Sur,Ladrillo o Bloque de cemento,Red publica dentro de la vivienda,Hombre,Ocupado,6,4,1.5,62.0,6.0,,1
001459,15,1,Urbano,Lima Metropolitana,Ladrillo o Bloque de cemento,Red publica dentro de la vivienda,Mujer,Ocupado,3,2,1.5,49.0,17.0,7.0,0
001460,6,1,Urbano,Sierra Centro,Ladrillo o Bloque de cemento,Pozo,Mujer,Ocupado,2,2,1.0,26.0,9.0,8.0,0
001461,16,1,Urbano,Lima Metropolitana,Ladrillo o Bloque de cemento,Red publica dentro de la vivienda,Mujer,Ocupado,3,2,1.5,54.0,9.0,1.0,0
001462,3,1,Rural,Selva,Adobe,"Rio, acequia o manantial",Mujer,Ocupado,5,3,1.67,51.0,11.0,1.0,1
001463,6,1,Urbano,Costa Sur,Ladrillo o Bloque de cemento,Red publica dentro de la vivienda,Hombre,Ocupado,7,3,2.33,56.0,17.0,6.0,1
001464,10,1,Rural,Sierra Norte,Adobe,Red publica dentro de la vivienda,Hombre,Ocupado,7,4,1.75,21.0,5.0,2.0,0
001465,9,1,Urbano,Lima Metropolitana,Ladrillo o Bloque de cemento,Red publica dentro de la vivienda,Hombre,Ocupado,4,3,1.33,44.0,13.0,3.0,0
001466,3,1,Urbano,Lima Metropolitana,Ladrillo o Bloque de cemento,Red publica dentro de la vivienda,Mujer,Ocupado,7,3,2.33,34.0,,8.0,0
001467,19,1,Rural,Sierra Sur,Adobe,"Rio, acequia o manantial",Hombre,Ocupado,8,5,1.6,46.0,9.0,1.0,1
001468,4,1,Urbano,Costa Sur,Ladrillo o Bloque de cemento,Red publica dentro de la vivienda,Mujer,Ocupado,5,4,1.25,24.0,7.0,5.0,0
001469,6,1,Urbano,Lima Metropolitana,Ladrillo o Bloque de cemento,Red publica dentro de la vivienda,Mujer,Ocupado,6,4,1.5,32.0,12.0,5.0,0
001470,3,1,Urbano,Costa Centro,Ladrillo o Bloque de cemento,Red publica dentro de la vivienda,Hombre,Inactivo,2,1,2.0,70.0,,4.0,0
001471,15,1,Urbano,Lima Metropolitana,Ladrillo o Bloque de cemento,Red publica dentro de la vivienda,Hombre,Ocupado,3,2,1.5,64.0,14.0,6.0,0
001472,16,1,Rural,Costa Sur,Otro material,Red publica dentro de la vivienda,Hombre,Ocupado,4,3,1.33,62.0,11.0,2.0,0
001473,3,1,Rural,Costa Centro,Madera,Pozo,Hombre,Inactivo,5,4,1.25,69.0,8.0,5.0,1
001474,3,1,Rural,Sierra Sur,Madera,Red publica dentro de la vivienda,Hombre,Ocupado,2,2,1.0,22.0,4.0,3.0,0
001475,13,1,Rural,Selva,Ladrillo o Bloque de cemento,Pozo,Hombre,Ocupado,3,1,3.0,47.0,10.0,,0
001476,18,1,Urbano,Selva,Ladrillo o Bloque de cemento,Red publica dentro de la vivienda,Hombre,Ocupado,5,2,2.5,51.0,9.0,1.0,0
001477,16,1,Rural,Sierra Sur,Ladrillo o Bloque de cemento,Red publica dentro de la vivienda,Mujer,Ocupado,4,3,1.33,43.0,8.0,8.0,0
001478,3,1,Urbano,Lima Metropolitana,Ladrillo o Bloque de cemento,Red publica dentro de la vivienda,Mujer,Ocupado,5,2,2.5,22.0,10.0,6.0,0
001479,9,1,Rural,Sierra Sur,Adobe,Otro,Hombre,Ocupado,3,1,3.0,60.0,2.0,4.0,1
001480,10,1,Urbano,Sierra Sur,Ladrillo o Bloque de cemento,Red publica fuera de la vivienda,Hombre,Ocupado,5,5,1.0,57.0,9.0,3.0,0
001481,10,1,Urbano,Sierra Sur,Ladrillo o Bloque de cemento,Red publica dentro de la vivienda,Hombre,Ocupado,3,2,1.5,39.0,2.0,5.0,0
001482,15,1,Urbano,Costa Norte,Ladrillo o Bloque de cemento,Red publica dentro de la vivienda,Mujer,Ocupado,4,2,2.0,60.0,8.0,5.0,1
001483,6,1,Urbano,Selva,Adobe,Red publica dentro de la vivienda,Hombre,Desocupado,6,3,2.0,50.0,18.0,3.0,1
001484,15,1,Urbano,Costa Sur,Ladrillo o Bloque de cemento,Red publica dentro de la vivienda,Hombre,Ocupado,3,3,1.0,57.0,2.0,4.0,0
001485,15,1,Urbano,Lima Metropolitana,Ladrillo o Bloque de cemento,Red publica dentro de la vivienda,Mujer,Ocupado,1,1,1.0,35.0,7.0,2.0,0
001486,5,1,Urbano,Costa Norte,Ladrillo o Bloque de cemento,Red publica dentro de la vivienda,Hombre,Ocupado,2,1,2.0,51.0,17.0,4.0,0
001487,15,1,Urbano,Lima Metropolitana,Ladrillo o Bloque de cemento,Red publica dentro de la vivienda,Hombre,Ocupado,6,4,1.5,,9.0,2.0,1
001488,18,1,Rural,Sierra Sur,Madera,Red publica dentro de la vivienda,Mujer,Ocupado,9,5,1.8,45.0,5.0,2.0,1
001489,19,1,Urbano,Lima Metropolitana,Ladrillo o Bloque de cemento,Red publica dentro de la vivienda,Hombre,Ocupado,4,4,1.0,18.0,12.0,6.0,0
001490,16,1,Urbano,Sierra Sur,Ladrillo o Bloque de cemento,Red publica dentro de la vivienda,Mujer,Ocupado,3,2,1.5,50.0,6.0,3.0,0
001491,2,1,Urbano,Costa Norte,Ladrillo o Bloque de cemento,Red publica dentro de la vivienda,Mujer,Ocupado,4,2,2.0,51.0,14.0,5.0,0
001492,2,1,Urbano,Lima Metropolitana,Ladrillo o Bloque de cemento,"Rio, acequia o manantial",Mujer,Desocupado,2,2,1.0,35.0,12.0,7.0,1
001493,12,1,Urbano,Lima Metropolitana,Ladrillo o Bloque de cemento,Red publica dentro de la vivienda,Mujer,Ocupado,5,3,1.67,56.0,10.0,2.0,0
001494,1,1,Urbano,Lima Metropolitana,Ladrillo o Bloque de cemento,Red publica dentro de la vivienda,Mujer,Ocupado,3,2,1.5,51.0,,5.0,0
001495,14,1,Rural,Sierra Sur,Ladrillo o Bloque de cemento,"Rio, acequia o manantial",Hombre,Ocupado,1,1,1.0,54.0,2.0,5.0,0
001496,3,1,Urbano,Lima Metropolitana,Ladrillo o Bloque de cemento,Red publica dentro de la vivienda,Mujer,Ocupado,7,3,2.33,43.0,13.0,6.0,0
001497,14,1,Urbano,Lima Metropolitana,Ladrillo o Bloque de cemento,Red publica dentro de la vivienda,Mujer,Ocupado,3,3,1.0,24.0,9.0,3.0,0
001498,10,1,Urbano,Lima Metropolitana,Otro material,"Rio, acequia o manantial",Hombre,Ocupado,4,3,1.33,24.0,8.0,3.0,0
001499,2,1,Urbano,Sierra Centro,Ladrillo o Bloque de cemento,Red publica dentro de la vivienda,Hombre,Ocupado,3,2,1.5,58.0,17.0,4.0,0
001500,18,1,Urbano,Lima Metropolitana,Ladrillo o Bloque de cemento,Red publica fuera de la vivienda,Hombre,Ocupado,5,5,1.0,33.0,13.0,3.0,0
001501,1,1,Urbano,Lima Metropolitana,Ladrillo o Bloque de cemento,Red publica dentro de la vivienda,Hombre,Ocupado,3,3,1.0,37.0,16.0,5.0,0
001502,5,1,Urbano,Lima Metropolitana,Ladrillo o Bloque de cemento,Red publica dentro de la vivienda,Hombre,Ocupado,7,5,1.4,60.0,11.0,5.0,0
001503,19,1,Urbano,Sierra Centro,Ladrillo o Bloque de cemento,Red publica dentro de la vivienda,Hombre,Ocupado,5,3,1.67,18.0,8.0,2.0,0
001504,3,1,Rural,Sierra Sur,Madera,Red publica fuera de la vivienda,Hombre,Ocupado,7,4,1.75,26.0,0.0,2.0,1
001505,11,1,Urbano,Lima Metropolitana,Ladrillo o Bloque de cemento,Red publica dentro de la vivienda,Mujer,Ocupado,3,1,3.0,59.0,11.0,3.0,0
001506,6,1,Urbano,Selva,Ladrillo o Bloque de cemento,Red publica dentro de la vivienda,Hombre,Desocupado,6,5,1.2,49.0,6.0,3.0,1
001507,18,1,Urbano,Lima Metropolitana,Ladrillo o Bloque de cemento,Red publica dentro de la vivienda,Hombre,Ocupado,3,2,1.5,20.0,13.0,5.0,0
001508,9,1,Rural,Sierra Sur,Ladrillo o Bloque de cemento,Otro,Hombre,Ocupado,4,3,1.33,42.0,2.0,5.0,0
001509,16,1,Urbano,Costa Sur,Ladrillo o Bloque de cemento,Red publica dentro de la vivienda,Mujer,Ocupado,3,3,1.0,50.0,12.0,4.0,0
001510,18,1,Urbano,Lima Metropolitana,Ladrillo o Bloque de cemento,Red publica dentro de la vivienda,Hombre,Desocupado,7,5,1.4,33.0,18.0,2.0,0
001511,15,1,Urbano,Costa Centro,Ladrillo o Bloque de cemento,Red publica dentro de la vivienda,Hombre,Ocupado,7,5,1.4,28.0,18.0,5.0,0
001512,18,1,Urbano,Costa Sur,Ladrillo o Bloque de cemento,Red publica dentro de la vivienda,Hombre,Ocupado,4,3,1.33,24.0,12.0,3.0,0
001513,17,1,Urbano,Lima Metropolitana,Ladrillo o Bloque de cemento,Red publica dentro de la vivienda,Hombre,Ocupado,6,5,1.2,60.0,12.0,6.0,0
001514,6,1,Urbano,Lima Metropolitana,Ladrillo o Bloque de cemento,Red publica dentro de la vivienda,Hombre,Ocupado,2,1,2.0,63.0,10.0,4.0,0
001515,6,1,Urbano,Lima Metropolitana,Ladrillo o Bloque de cemento,Red publica dentro de la vivienda,Hombre,Ocupado,6,3,2.0,59.0,10.0,4.0,0
001516,16,1,Urbano,Sierra Norte,Ladrillo o Bloque de cemento,Red publica dentro de la vivienda,Hombre,Inactivo,7,5,1.4,65.0,8.0,3.0,1
001517,9,1,Urbano,Costa Centro,Ladrillo o Bloque de cemento,Red publica dentro de la vivienda,Hombre,Inactivo,3,3,1.0,66.0,16.0,5.0,1
001518,10,1,Urbano,Lima Metropolitana,Ladrillo o Bloque de cemento,Pozo,Hombre,Ocupado,7,3,2.33,27.0,11.0,4.0,0
001519,6,1,Urbano,Costa Centro,Ladrillo o Bloque de cemento,Red publica dentro de la vivienda,Hombre,Ocupado,2,2,1.0,62.0,18.0,4.0,0
001520,14,1,Rural,Costa Sur,Adobe,Red publica dentro de la vivienda,Mujer,Desocupado,4,1,4.0,50.0,4.0,3.0,1
001521,14,1,Urbano,Sierra Norte,Ladrillo o Bloque de cemento,Red publica dentro de la vivienda,Hombre,Inactivo,4,2,2.0,75.0,11.0,2.0,1
001522,9,1,Urbano,Selva,Adobe,Red publica dentro de la vivienda,Mujer,Inactivo,5,2,2.5,90.0,7.0,5.0,1
001523,2,1,Urbano,Lima Metropolitana,Ladrillo o Bloque de cemento,Red publica dentro de la vivienda,Mujer,Ocupado,2,1,2.0,45.0,14.0,2.0,0
001524,9,1,Urbano,Lima Metropolitana,Ladrillo o Bloque de cemento,Red publica fuera de la vivienda,Hombre,Ocupado,2,1,2.0,44.0,12.0,4.0,0
001525,8,1,Urbano,Lima Metropolitana,Ladrillo o Bloque de cemento,Red publica dentro de la vivienda,Hombre,Ocupado,4,4,1.0,43.0,12.0,5.0,0
001526,17,1,Urbano,Costa Centro,Adobe,Red publica dentro de la vivienda,Mujer,Desocupado,5,3,1.67,49.0,10.0,4.0,1
001527,15,1,Urbano,Sierra Centro,Adobe,Red publica fuera de la vivienda,Hombre,Ocupado,4,1,4.0,51.0,13.0,6.0,0
001528,3,1,Rural,Sierra Sur,Madera,"Rio, acequia o manantial",Mujer,Inactivo,4,1,4.0,85.0,9.0,2.0,1
001529,5,1,Urbano,Costa Centro,Ladrillo o Bloque de cemento,Red publica dentro de la vivienda,Hombre,Ocupado,6,1,6.0,50.0,14.0,4.0,0
001530,6,1,Rural,Sierra Norte,Adobe,Red publica dentro de la vivienda,Hombre,Ocupado,4,3,1.33,42.0,3.0,1.0,0
001531,14,1,Rural,Sierra Norte,Ladrillo o Bloque de cemento,Pozo,Mujer,Ocupado,2,2,1.0,48.0,8.0,3.0,0
001532,3,1,Urbano,Costa Centro,Ladrillo o Bloque de cemento,Red publica dentro de la vivienda,Hombre,Ocupado,6,2,3.0,36.0,9.0,5.0,1
001533,7,1,Urbano,Selva,Otro material,Red publica dentro de la vivienda,Mujer,Ocupado,5,4,1.25,25.0,15.0,3.0,0
001534,13,1,Urbano,Lima Metropolitana,Ladrillo o Bloque de cemento,Red publica dentro de la vivienda,Mujer,Ocupado,6,6,1.0,46.0,13.0,5.0,0
001535,1,1,Urbano,Costa Norte,Ladrillo o Bloque de cemento,Red publica dentro de la vivienda,Hombre,Inactivo,4,2,2.0,81.0,12.0,5.0,1
001536,13,1,Rural,Sierra Sur,Adobe,Red publica fuera de la vivienda,Mujer,Ocupado,5,3,1.67,60.0,6.0,2.0,1
001537,1,1,Urbano,Lima Metropolitana,Ladrillo o Bloque de cemento,Red publica dentro de la vivienda,Hombre,Ocupado,3,1,3.0,41.0,10.0,3.0,0
001538,7,1,Urbano,Lima Metropolitana,Ladrillo o Bloque de cemento,Red publica dentro de la vivienda,Hombre,Ocupado,8,5,1.6,53.0,13.0,4.0,0
001539,14,1,Urbano,Lima Metropolitana,Ladrillo o Bloque de cemento,Red publica dentro de la vivienda,Hombre,Inactivo,6,3,2.0,83.0,16.0,4.0,1
001540,16,1,Rural,Sierra Sur,,Red publica fuera de la vivienda,Hombre,Ocupado,4,3,1.33,51.0,4.0,5.0,0
001541,11,1,Urbano,Lima Metropolitana,Ladrillo o Bloque de cemento,Red publica dentro de la vivienda,Mujer,Ocupado,6,5,1.2,36.0,17.0,3.0,0
001542,10,1,Urbano,Sierra Norte,Ladrillo o Bloque de cemento,Red publica dentro de la vivienda,Hombre,Ocupado,3,2,1.5,49.0,13.0,6.0,0
001543,14,1,Rural,Sierra Centro,Adobe,Red publica dentro de la vivienda,Mujer,Ocupado,4,2,2.0,57.0,0.0,6.0,1
001544,5,1,Urbano,Costa Centro,Ladrillo o Bloque de cemento,Red publica dentro de la vivienda,Hombre,Ocupado,4,2,2.0,54.0,8.0,5.0,0
001545,12,1,Urbano,Sierra Sur,Ladrillo o Bloque de cemento,Red publica dentro de la vivienda,Mujer,Inactivo,9,5,1.8,68.0,18.0,4.0,1
001546,18,1,Rural,Sierra Centro,Adobe,"Rio, acequia o manantial",Mujer,Ocupado,7,3,2.33,49.0,6.0,4.0,0
001547,4,1,Urbano,Sierra Norte,Ladrillo o Bloque de cemento,Red publica dentro de la vivienda,Hombre,Ocupado,3,2,1.5,18.0,8.0,8.0,0
001548,5,1,Urbano,Lima Metropolitana,Ladrillo o Bloque de cemento,Red publica dentro de la vivienda,Hombre,Ocupado,3,3,1.0,55.0,10.0,4.0,0
001549,14,1,Rural,Sierra Norte,Adobe,,Hombre,Ocupado,4,2,2.0,54.0,6.0,4.0,0
001550,12,1,Rural,Sierra Norte,Madera,Pozo,Hombre,Ocupado,6,5,1.2,53.0,9.0,5.0,1
001551,4,1,Urbano,Costa Centro,Madera,Red publica dentro de la vivienda,Hombre,Ocupado,9,9,1.0,36.0,10.0,2.0,0
001552,15,1,Rural,Sierra Sur,Ladrillo o Bloque de cemento,Red publica dentro de la vivienda,Hombre,Inactivo,8,7,1.14,76.0,4.0,3.0,1
001553,3,1,Urbano,Sierra Norte,Ladrillo o Bloque de cemento,Red publica dentro de la vivienda,Hombre,Ocupado,4,4,1.0,33.0,4.0,3.0,0
001554,1,1,Rural,Sierra Centro,Madera,Red publica dentro de la vivienda,Hombre,Ocupado,7,3,2.33,34.0,4.0,5.0,1
001555,15,1,Rural,Costa Sur,Otro material,Red publica dentro de la vivienda,Hombre,Ocupado,2,1,2.0,45.0,4.0,,0
001556,11,1,Urbano,Lima Metropolitana,Ladrillo o Bloque de cemento,Red publica dentro de la vivienda,Hombre,Inactivo,5,3,1.67,67.0,14.0,2.0,1
001557,2,1,Urbano,Lima Metropolitana,,Red publica dentro de la vivienda,Mujer,Inactivo,9,4,2.25,67.0,14.0,7.0,0
001558,14,1,Urbano,Sierra Sur,Ladrillo o Bloque de cemento,Pozo,Hombre,Ocupado,5,4,1.25,57.0,16.0,7.0,1
001559,19,1,Urbano,Lima Metropolitana,Ladrillo o Bloque de cemento,Red publica dentro de la vivienda,Hombre,Ocupado,2,1,2.0,61.0,9.0,4.0,0
001560,7,1,Urbano,Lima Metropolitana,,Red publica dentro de la vivienda,Hombre,Ocupado,3,2,1.5,30.0,13.0,5.0,0
001561,10,1,Urbano,Lima Metropolitana,Ladrillo o Bloque de cemento,Red publica dentro de la vivienda,Hombre,Ocupado,5,2,2.5,24.0,13.0,4.0,0
001562,10,1,Rural,Selva,Adobe,Red publica fuera de la vivienda,Hombre,Ocupado,6,3,2.0,43.0,3.0,4.0,0
001563,9,1,Urbano,Lima Metropolitana,Ladrillo o Bloque de cemento,Red publica dentro de la vivienda,Hombre,Ocupado,3,2,1.5,60.0,15.0,4.0,0
001564,3,1,Urbano,Lima Metropolitana,Ladrillo o Bloque de cemento,Red publica dentro de la vivienda,Hombre,Ocupado,6,4,1.5,61.0,18.0,4.0,0
001565,17,1,Urbano,Lima Metropolitana,Ladrillo o Bloque de cemento,Pozo,Mujer,Ocupado,3,2,1.5,36.0,13.0,6.0,0
001566,15,1,Rural,Sierra Sur,Ladrillo o Bloque de cemento,Red publica fuera de la vivienda,Hombre,Ocupado,6,2,3.0,34.0,5.0,2.0,0
001567,1,1,Urbano,Costa Norte,Ladrillo o Bloque de cemento,Red publica dentro de la vivienda,Mujer,Ocupado,4,2,2.0,64.0,16.0,5.0,0
001568,3,1,Urbano,Costa Norte,Ladrillo o Bloque de cemento,,Hombre,Ocupado,5,4,1.25,51.0,12.0,5.0,1
001569,4,1,Rural,Sierra Sur,Madera,Red publica dentro de la vivienda,Hombre,Ocupado,3,2,1.5,19.0,3.0,4.0,0
001570,18,1,Urbano,Sierra Sur,Madera,Red publica dentro de la vivienda,Hombre,Ocupado,6,4,1.5,32.0,10.0,1.0,0
001571,3,1,Rural,Sierra Centro,Ladrillo o Bloque de cemento,Red publica dentro de la vivienda,Hombre,Ocupado,4,3,1.33,55.0,5.0,5.0,0
001572,13,1,Urbano,Selva,Ladrillo o Bloque de cemento,Red publica dentro de la vivienda,Mujer,Ocupado,4,4,1.0,31.0,8.0,4.0,0
001573,18,1,Rural,Selva,Adobe,Red publica dentro de la vivienda,Hombre,Ocupado,4,3,1.33,34.0,4.0,3.0,0
001574,13,1,Urbano,Lima Metropolitana,Madera,Red publica dentro de la vivienda,Hombre,Ocupado,3,3,1.0,35.0,10.0,4.0,0
001575,1,1,Rural,Costa Centro,Adobe,Red publica dentro de la vivienda,Mujer,Ocupado,2,2,1.0,60.0,9.0,2.0,0
001576,12,1,Urbano,Costa Sur,Ladrillo o Bloque de cemento,Otro,Hombre,Ocupado,3,2,1.5,48.0,10.0,2.0,0
001577,9,1,Urbano,Lima Metropolitana,Ladrillo o Bloque de cemento,Red publica dentro de la vivienda,Hombre,Inactivo,6,3,2.0,71.0,13.0,4.0,0
001578,4,1,Urbano,Lima Metropolitana,Ladrillo o Bloque de cemento,Red publica dentro de la vivienda,Hombre,Ocupado,7,5,1.4,42.0,16.0,4.0,0
001579,18,1,Urbano,Lima Metropolitana,Otro material,Red publica dentro de la vivienda,Hombre,Ocupado,3,3,1.0,45.0,12.0,4.0,0
001580,18,1,Urbano,Lima Metropolitana,Ladrillo o Bloque de cemento,Red publica dentro de la vivienda,Hombre,Ocupado,6,5,1.2,53.0,9.0,3.0,0
001581,11,1,Urbano,Lima Metropolitana,Ladrillo o Bloque de cemento,Red publica dentro de la vivienda,Hombre,Ocupado,5,4,1.25,39.0,16.0,6.0,0
001582,3,1,Rural,Sierra Norte,Adobe,Pozo,Hombre,Ocupado,4,3,1.33,26.0,5.0,3.0,0
001583,17,1,Rural,Sierra Centro,Ladrillo o Bloque de cemento,Red publica dentro de la vivienda,Mujer,Ocupado,4,2,2.0,43.0,12.0,2.0,1
001584,2,1,Urbano,Sierra Norte,Ladrillo o Bloque de cemento,Red publica dentro de la vivienda,Hombre,Ocupado,2,2,1.0,38.0,14.0,7.0,0
001585,10,1,Urbano,Selva,Madera,Red publica dentro de la vivienda,Hombre,Ocupado,5,2,2.5,46.0,13.0,4.0,1
001586,14,1,Urbano,Lima Metropolitana,Ladrillo o Bloque de cemento,Red publica dentro de la vivienda,Hombre,Ocupado,4,3,1.33,40.0,13.0,7.0,0
001587,5,1,Rural,Sierra Centro,Madera,"Rio, acequia o manantial",Hombre,Ocupado,6,6,1.0,54.0,10.0,5.0,0
001588,4,1,Urbano,Selva,Ladrillo o Bloque de cemento,Red publica dentro de la vivienda,Hombre,Ocupado,7,5,1.4,43.0,12.0,7.0,0
001589,18,1,Urbano,Sierra Norte,Ladrillo o Bloque de cemento,Red publica dentro de la vivienda,Hombre,Ocupado,2,2,1.0,25.0,4.0,2.0,0
001590,14,1,Rural,Costa Centro,Ladrillo o Bloque de cemento,Otro,Hombre,Ocupado,3,3,1.0,39.0,6.0,2.0,0
001591,7,1,Urbano,Costa Sur,Ladrillo o Bloque de cemento,Red publica dentro de la vivienda,Hombre,Desocupado,1,1,1.0,31.0,13.0,4.0,1
001592,9,1,Rural,Costa Norte,Otro material,"Rio, acequia o manantial",Hombre,Inactivo,5,4,1.25,75.0,3.0,2.0,1
001593,16,1,Urbano,Lima Metropolitana,Ladrillo o Bloque de cemento,Red publica fuera de la vivienda,Hombre,Ocupado,1,1,1.0,49.0,18.0,4.0,0
001594,19,1,Urbano,Sierra Centro,Madera,Red publica dentro de la vivienda,Mujer,Ocupado,4,1,4.0,57.0,11.0,3.0,1
001595,17,1,Urbano,Lima Metropolitana,Otro material,Red publica dentro de la vivienda,Hombre,Ocupado,5,4,1.25,47.0,14.0,6.0,0
001596,5,1,Urbano,Lima Metropolitana,Madera,Red publica fuera de la vivienda,Mujer,Inactivo,5,4,1.25,74.0,16.0,3.0,0
001597,14,1,Rural,Costa Sur,Madera,Red publica fuera de la vivienda,Hombre,Ocupado,4,4,1.0,30.0,8.0,6.0,0
001598,7,1,Urbano,Costa Centro,Ladrillo o Bloque de cemento,Red publica dentro de la vivienda,Hombre,Ocupado,6,4,1.5,37.0,11.0,4.0,0
001599,10,1,Urbano,Lima Metropolitana,Ladrillo o Bloque de cemento,Red publica dentro de la vivienda,Hombre,Ocupado,3,3,1.0,64.0,14.0,5.0,0
001600,9,1,Rural,Sierra Norte,Adobe,"Rio, acequia o manantial",Mujer,Ocupado,4,3,1.33,41.0,6.0,4.0,0
001601,15,1,Urbano,Lima Metropolitana,Ladrillo o Bloque de cemento,Red publica dentro de la vivienda,Hombre,Ocupado,6,3,2.0,38.0,12.0,5.0,0
001602,4,1,Urbano,Costa Centro,Ladrillo o Bloque de cemento,Red publica dentro de la vivienda,Mujer,Desocupado,7,4,1.75,40.0,7.0,1.0,1
001603,7,1,Urbano,Lima Metropolitana,Ladrillo o Bloque de cemento,Red publica dentro de la vivienda,Hombre,Inactivo,4,3,1.33,75.0,12.0,8.0,1
001604,18,1,Urbano,Lima Metropolitana,Ladrillo o Bloque de cemento,Red publica dentro de la vivienda,Hombre,Inactivo,2,1,2.0,77.0,9.0,4.0,0
001605,7,1,Rural,Costa Sur,Ladrillo o Bloque de cemento,Red publica dentro de la vivienda,Hombre,Ocupado,3,3,1.0,54.0,6.0,4.0,0
001606,5,1,Urbano,Sierra Norte,Ladrillo o Bloque de cemento,Red publica dentro de la vivienda,Hombre,Ocupado,6,4,1.5,51.0,,2.0,1
001607,14,1,Urbano,Lima Metropolitana,,Red publica dentro de la vivienda,Hombre,Ocupado,5,3,1.67,59.0,14.0,6.0,0
001608,5,1,Rural,Sierra Norte,Adobe,Red publica dentro de la vivienda,Mujer,Ocupado,3,1,3.0,53.0,2.0,4.0,0
001609,13,1,Urbano,Sierra Sur,Ladrillo o Bloque de cemento,Red publica dentro de la vivienda,Hombre,Ocupado,2,1,2.0,50.0,8.0,3.0,1
001610,3,1,Rural,Sierra Sur,Ladrillo o Bloque de cemento,Red publica fuera de la vivienda,Hombre,Ocupado,5,3,1.67,42.0,4.0,5.0,1
001611,9,1,Urbano,Sierra Norte,Ladrillo o Bloque de cemento,Red publica dentro de la vivienda,Mujer,Ocupado,1,1,1.0,39.0,11.0,3.0,0
001612,4,1,Urbano,Lima Metropolitana,Ladrillo o Bloque de cemento,Red publica dentro de la vivienda,Hombre,Ocupado,7,3,2.33,55.0,12.0,4.0,0
001613,3,1,Urbano,Lima Metropolitana,Ladrillo o Bloque de cemento,Red publica dentro de la vivienda,Hombre,Ocupado,4,2,2.0,50.0,,2.0,0
001614,8,1,Rural,Sierra Centro,Adobe,Pozo,Mujer,Inactivo,2,1,2.0,69.0,7.0,5.0,0
001615,4,1,Urbano,Lima Metropolitana,Ladrillo o Bloque de cemento,Pozo,Mujer,Ocupado,2,1,2.0,44.0,13.0,6.0,0
001616,17,1,Urbano,Costa Sur,,Red publica dentro de la vivienda,Hombre,Ocupado,5,3,1.67,35.0,8.0,3.0,0
001617,5,1,Rural,Costa Norte,Ladrillo o Bloque de cemento,Otro,Hombre,Ocupado,7,4,1.75,28.0,6.0,3.0,1
001618,7,1,Rural,Selva,Otro material,"Rio, acequia o manantial",Hombre,Ocupado,7,5,1.4,37.0,2.0,6.0,1
001619,19,1,Urbano,Lima Metropolitana,Ladrillo o Bloque de cemento,Red publica dentro de la vivienda,Hombre,Ocupado,1,1,1.0,28.0,14.0,5.0,0
001620,17,1,Urbano,Costa Norte,Ladrillo o Bloque de cemento,Red publica dentro de la vivienda,Mujer,Ocupado,9,6,1.5,64.0,14.0,4.0,0
001621,3,1,Rural,Costa Sur,Adobe,,Mujer,Ocupado,5,3,1.67,42.0,2.0,3.0,0
001622,9,1,Urbano,Selva,Ladrillo o Bloque de cemento,Red publica dentro de la vivienda,Mujer,Ocupado,5,3,1.67,37.0,11.0,3.0,0
001623,1,1,Urbano,Lima Metropolitana,Ladrillo o Bloque de cemento,Red publica dentro de la vivienda,Hombre,Ocupado,2,1,2.0,55.0,12.0,,0
001624,2,1,Urbano,Costa Norte,Otro material,Red publica dentro de la vivienda,Hombre,Inactivo,5,3,1.67,75.0,15.0,4.0,1
001625,12,1,Urbano,Sierra Centro,Ladrillo o Bloque de cemento,Red publica dentro de la vivienda,Hombre,Ocupado,2,2,1.0,42.0,8.0,4.0,0
001626,6,1,Urbano,Lima Metropolitana,Ladrillo o Bloque de cemento,Red publica fuera de la vivienda,Mujer,Ocupado,1,1,1.0,32.0,10.0,3.0,0
001627,6,1,Rural,Sierra Centro,Madera,Red publica dentro de la vivienda,Mujer,Ocupado,3,3,1.0,42.0,7.0,5.0,0
001628,17,1,Urbano,Costa Sur,Ladrillo o Bloque de cemento,Red publica dentro de la vivienda,Hombre,Ocupado,5,2,2.5,22.0,9.0,5.0,1
001629,7,1,Urbano,Costa Sur,Ladrillo o Bloque de cemento,Red publica dentro de la vivienda,Hombre,Ocupado,4,2,2.0,55.0,10.0,7.0,0
001630,8,1,Urbano,Sierra Sur,Adobe,Red publica dentro de la vivienda,Hombre,Ocupado,2,1,2.0,56.0,10.0,3.0,0
001631,1,1,Urbano,Sierra Sur,Ladrillo o Bloque de cemento,Red publica dentro de la vivienda,Hombre,Ocupado,4,1,4.0,42.0,13.0,3.0,1
001632,5,1,Urbano,Lima Metropolitana,Ladrillo o Bloque de cemento,Red publica dentro de la vivienda,Hombre,Ocupado,4,3,1.33,32.0,16.0,8.0,0
001633,2,1,Urbano,Lima Metropolitana,Ladrillo o Bloque de cemento,,Hombre,Inactivo,4,3,1.33,82.0,12.0,5.0,1
001634,11,1,Urbano,Lima Metropolitana,Ladrillo o Bloque de cemento,Red publica dentro de la vivienda,Hombre,Ocupado,5,3,1.67,31.0,12.0,7.0,0
001635,8,1,Urbano,Lima Metropolitana,Ladrillo o Bloque de cemento,Red publica fuera de la vivienda,Hombre,Ocupado,7,4,1.75,37.0,15.0,6.0,0
001636,17,1,Rural,Sierra Sur,Otro material,Red publica dentro de la vivienda,Hombre,Ocupado,3,2,1.5,48.0,7.0,4.0,0
001637,18,1,Urbano,Sierra Centro,Ladrillo o Bloque de cemento,Red publica dentro de la vivienda,Hombre,Ocupado,9,4,2.25,60.0,12.0,3.0,0
001638,19,1,Urbano,Lima Metropolitana,Ladrillo o Bloque de cemento,Red publica dentro de la vivienda,Hombre,Desocupado,5,5,1.0,46.0,16.0,6.0,0
001639,3,1,Urbano,Sierra Norte,Adobe,Red publica dentro de la vivienda,Hombre,Ocupado,5,3,1.67,48.0,8.0,2.0,0
001640,15,1,Urbano,Lima Metropolitana,Ladrillo o Bloque de cemento,Red publica dentro de la vivienda,Hombre,Desocupado,2,1,2.0,57.0,12.0,5.0,0
001641,6,1,Urbano,Lima Metropolitana,Adobe,Red publica dentro de la vivienda,Mujer,Inactivo,5,3,1.67,90.0,9.0,3.0,0
001642,6,1,Rural,Costa Norte,Adobe,Red publica dentro de la vivienda,Mujer,Ocupado,5,1,5.0,40.0,5.0,3.0,1
001643,6,1,Urbano,Sierra Sur,Ladrillo o Bloque de cemento,Red publica dentro de la vivienda,Hombre,Ocupado,4,4,1.0,41.0,7.0,3.0,0
001644,13,1,Rural,Costa Sur,Ladrillo o Bloque de cemento,"Rio, acequia o manantial",Hombre,Ocupado,1,1,1.0,46.0,5.0,4.0,0
001645,6,1,Urbano,Costa Sur,Ladrillo o Bloque de cemento,Red publica dentro de la vivienda,Hombre,Ocupado,5,4,1.25,58.0,12.0,6.0,0
001646,11,1,Rural,Sierra Sur,Adobe,Red publica dentro de la vivienda,Hombre,Inactivo,2,2,1.0,83.0,0.0,4.0,1
001647,14,1,Rural,Sierra Norte,Adobe,Red publica dentro de la vivienda,Hombre,Ocupado,5,3,1.67,46.0,5.0,2.0,1
001648,16,1,Urbano,Lima Metropolitana,Ladrillo o Bloque de cemento,Red publica dentro de la vivienda,Mujer,Ocupado,8,6,1.33,56.0,12.0,5.0,0
001649,17,1,Urbano,Lima Metropolitana,Ladrillo o Bloque de cemento,Red publica dentro de la vivienda,Hombre,Ocupado,2,2,1.0,18.0,12.0,2.0,0
001650,6,1,Urbano,Lima Metropolitana,,Red publica dentro de la vivienda,Hombre,Ocupado,5,2,2.5,49.0,7.0,3.0,1
001651,17,1,Urbano,Sierra Norte,Ladrillo o Bloque de cemento,Red publica dentro de la vivienda,Hombre,Ocupado,5,2,2.5,48.0,14.0,5.0,1
001652,17,1,Urbano,Sierra Norte,Ladrillo o Bloque de cemento,Red publica dentro de la vivienda,Mujer,Ocupado,3,3,1.0,62.0,14.0,5.0,0
001653,11,1,Rural,Sierra Norte,Madera,Pozo,Hombre,Ocupado,3,2,1.5,41.0,10.0,2.0,1
001654,2,1,Urbano,Costa Centro,Adobe,Red publica fuera de la vivienda,Mujer,Ocupado,6,4,1.5,31.0,9.0,3.0,0
001655,5,1,Urbano,Lima Metropolitana,Ladrillo o Bloque de cemento,Red publica dentro de la vivienda,Hombre,Ocupado,6,5,1.2,,13.0,4.0,0
001656,19,1,Urbano,Sierra Centro,Adobe,Red publica dentro de la vivienda,Mujer,Ocupado,7,6,1.17,26.0,9.0,4.0,0
001657,5,1,Urbano,Costa Sur,Ladrillo o Bloque de cemento,Red publica dentro de la vivienda,Hombre,Ocupado,4,3,1.33,37.0,8.0,6.0,0
001658,19,1,Urbano,Lima Metropolitana,Ladrillo o Bloque de cemento,Red publica fuera de la vivienda,Mujer,Ocupado,3,2,1.5,49.0,9.0,3.0,0
001659,16,1,Urbano,Sierra Centro,Ladrillo o Bloque de cemento,Red publica dentro de la vivienda,Hombre,Ocupado,7,2,3.5,18.0,12.0,6.0,0
001660,12,1,Urbano,Costa Norte,Adobe,Red publica dentro de la vivienda,Hombre,Ocupado,2,2,1.0,44.0,14.0,3.0,0
001661,4,1,Urbano,Costa Centro,Ladrillo o Bloque de cemento,Red publica dentro de la vivienda,Mujer,Inactivo,6,3,2.0,70.0,15.0,4.0,1
001662,19,1,Urbano,Lima Metropolitana,Ladrillo o Bloque de cemento,Red publica dentro de la vivienda,Hombre,Ocupado,5,3,1.67,25.0,12.0,6.0,0
001663,1,1,Urbano,Lima Metropolitana,Madera,Red publica dentro de la vivienda,Mujer,Desocupado,2,2,1.0,38.0,10.0,3.0,0
001664,12,1,Urbano,Costa Sur,Ladrillo o Bloque de cemento,Pozo,Hombre,Ocupado,4,3,1.33,56.0,11.0,3.0,0
001665,17,1,Urbano,Lima Metropolitana,Ladrillo o Bloque de cemento,Red publica dentro de la vivienda,Hombre,Ocupado,5,4,1.25,59.0,16.0,5.0,0
001666,9,1,Urbano,Lima Metropolitana,Ladrillo o Bloque de cemento,Red publica dentro de la vivienda,Mujer,Ocupado,5,2,2.5,49.0,18.0,4.0,0
001667,7,1,Urbano,Lima Metropolitana,Adobe,Pozo,Hombre,Desocupado,4,1,4.0,45.0,16.0,5.0,1
001668,13,1,Urbano,Costa Sur,Madera,Red publica dentro de la vivienda,Hombre,Inactivo,6,3,2.0,71.0,14.0,8.0,1
001669,5,1,Urbano,Costa Norte,Ladrillo o Bloque de cemento,Red publica dentro de la vivienda,Hombre,Ocupado,4,2,2.0,51.0,15.0,3.0,0
001670,18,1,Urbano,Lima Metropolitana,Otro material,Red publica dentro de la vivienda,Hombre,Ocupado,5,4,1.25,33.0,13.0,3.0,0
001671,15,1,Rural,Sierra Norte,Adobe,Red publica dentro de la vivienda,Hombre,Ocupado,4,3,1.33,50.0,7.0,3.0,1
001672,14,1,Urbano,Selva,Ladrillo o Bloque de cemento,Red publica dentro de la vivienda,Hombre,Ocupado,4,3,1.33,46.0,14.0,8.0,0
001673,13,1,Urbano,Lima Metropolitana,Ladrillo o Bloque de cemento,Red publica dentro de la vivienda,Mujer,Ocupado,3,3,1.0,42.0,14.0,4.0,0
001674,7,1,Urbano,Costa Centro,Ladrillo o Bloque de cemento,Red publica dentro de la vivienda,Hombre,Ocupado,2,2,1.0,24.0,14.0,3.0,0
001675,9,1,Urbano,Lima Metropolitana,Ladrillo o Bloque de cemento,Red publica dentro de la vivienda,Hombre,Ocupado,3,3,1.0,48.0,11.0,5.0,0
001676,3,1,Urbano,Lima Metropolitana,Ladrillo o Bloque de cemento,Red publica dentro de la vivienda,Hombre,Ocupado,3,1,3.0,56.0,17.0,3.0,0
001677,11,1,Urbano,Lima Metropolitana,Ladrillo o Bloque de cemento,Red publica dentro de la vivienda,Hombre,Desocupado,7,4,1.75,59.0,11.0,5.0,1
001678,7,1,Urbano,Sierra Sur,Ladrillo o Bloque de cemento,Red publica dentro de la vivienda,Mujer,Ocupado,3,3,1.0,48.0,15.0,5.0,0
001679,15,1,Urbano,Lima Metropolitana,Ladrillo o Bloque de cemento,Red publica dentro de la vivienda,Hombre,Ocupado,2,2,1.0,48.0,12.0,4.0,0
001680,9,1,Rural,Selva,Adobe,Red publica fuera de la vivienda,Hombre,Ocupado,5,4,1.25,40.0,5.0,5.0,0
001681,16,1,Urbano,Lima Metropolitana,Ladrillo o Bloque de cemento,Red publica dentro de la vivienda,Hombre,Ocupado,3,1,3.0,62.0,6.0,2.0,0
001682,18,1,Urbano,Lima Metropolitana,Ladrillo o Bloque de cemento,Red publica dentro de la vivienda,Hombre,Ocupado,6,3,2.0,31.0,12.0,6.0,0
001683,18,1,Urbano,Lima Metropolitana,Ladrillo o Bloque de cemento,Red publica dentro de la vivienda,Hombre,Ocupado,3,3,1.0,41.0,9.0,5.0,0
001684,7,1,Rural,Sierra Norte,Otro material,Red publica dentro de la vivienda,Hombre,Ocupado,2,1,2.0,37.0,4.0,2.0,0
001685,10,1,Rural,Costa Centro,Madera,Red publica dentro de la vivienda,Hombre,Ocupado,3,2,1.5,46.0,8.0,3.0,1
001686,2,1,Rural,Costa Sur,Madera,Pozo,Hombre,Inactivo,6,4,1.5,66.0,2.0,3.0,1
001687,15,1,Urbano,Selva,Ladrillo o Bloque de cemento,Red publica dentro de la vivienda,Hombre,Ocupado,2,2,1.0,31.0,15.0,4.0,0
001688,3,1,Urbano,Selva,Ladrillo o Bloque de cemento,Red publica dentro de la vivienda,Hombre,Ocupado,6,5,1.2,52.0,18.0,3.0,0
001689,8,1,Rural,Selva,Adobe,Red publica fuera de la vivienda,Hombre,Ocupado,3,3,1.0,52.0,5.0,5.0,1
001690,10,1,Rural,Sierra Centro,Adobe,Pozo,Mujer,Ocupado,2,2,1.0,35.0,10.0,3.0,0
001691,12,1,Urbano,Lima Metropolitana,Ladrillo o Bloque de cemento,Red publica dentro de la vivienda,Mujer,Ocupado,5,4,1.25,45.0,8.0,1.0,0
001692,19,1,Urbano,Lima Metropolitana,Ladrillo o Bloque de cemento,Red publica dentro de la vivienda,Mujer,Ocupado,5,2,2.5,35.0,14.0,3.0,0
001693,13,1,Urbano,Sierra Norte,Ladrillo o Bloque de cemento,Red publica dentro de la vivienda,Hombre,Ocupado,3,2,1.5,49.0,12.0,6.0,0
001694,5,1,Urbano,Lima Metropolitana,Ladrillo o Bloque de cemento,Red publica dentro de la vivienda,Hombre,Ocupado,3,2,1.5,46.0,,,0
001695,17,1,Urbano,Lima Metropolitana,Ladrillo o Bloque de cemento,"Rio, acequia o manantial",Hombre,Inactivo,4,3,1.33,69.0,11.0,4.0,0
001696,18,1,Rural,Selva,,Pozo,Mujer,Ocupado,6,4,1.5,37.0,8.0,5.0,0
001697,13,1,Urbano,Costa Sur,Ladrillo o Bloque de cemento,Red publica dentro de la vivienda,Hombre,Ocupado,7,6,1.17,46.0,10.0,5.0,0
001698,13,1,Urbano,Lima Metropolitana,Madera,Red publica dentro de la vivienda,Hombre,Ocupado,6,3,2.0,43.0,11.0,5.0,0
001699,17,1,Urbano,Lima Metropolitana,Ladrillo o Bloque de cemento,Red publica dentro de la vivienda,Mujer,Inactivo,8,3,2.67,67.0,12.0,4.0,1
001700,3,1,Urbano,Lima Metropolitana,Ladrillo o Bloque de cemento,Red publica fuera de la vivienda,Hombre,Ocupado,4,4,1.0,41.0,12.0,6.0,0
001701,5,1,Urbano,Lima Metropolitana,Ladrillo o Bloque de cemento,Red publica dentro de la vivienda,Hombre,Ocupado,4,3,1.33,36.0,10.0,4.0,0
001702,1,1,Urbano,Lima Metropolitana,Ladrillo o Bloque de cemento,Red publica dentro de la vivienda,Hombre,Ocupado,4,4,1.0,37.0,13.0,4.0,0
001703,12,1,Urbano,Sierra Centro,Ladrillo o Bloque de cemento,Red publica dentro de la vivienda,Hombre,Desocupado,6,5,1.2,37.0,8.0,6.0,1
001704,2,1,Urbano,Lima Metropolitana,Ladrillo o Bloque de cemento,Red publica dentro de la vivienda,Hombre,Ocupado,2,2,1.0,40.0,11.0,5.0,0
001705,15,1,Rural,Sierra Sur,Adobe,Red publica dentro de la vivienda,Hombre,Ocupado,6,3,2.0,36.0,13.0,3.0,0
001706,15,1,Urbano,Lima Metropolitana,Adobe,Red publica dentro de la vivienda,Hombre,Ocupado,7,4,1.75,48.0,12.0,4.0,0
001707,15,1,Urbano,Costa Norte,Ladrillo o Bloque de cemento,Red publica dentro de la vivienda,Mujer,Ocupado,5,3,1.67,30.0,14.0,4.0,0
001708,16,1,Urbano,Sierra Sur,Ladrillo o Bloque de cemento,Red publica dentro de la vivienda,Hombre,Desocupado,4,4,1.0,56.0,11.0,2.0,1
001709,10,1,Urbano,Lima Metropolitana,Ladrillo o Bloque de cemento,Red publica dentro de la vivienda,Hombre,Ocupado,8,5,1.6,49.0,15.0,4.0,0
001710,11,1,Urbano,Sierra Norte,Ladrillo o Bloque de cemento,Red publica dentro de la vivienda,Hombre,Inactivo,6,4,1.5,71.0,10.0,6.0,1
001711,18,1,Urbano,Lima Metropolitana,Ladrillo o Bloque de cemento,Red publica dentro de la vivienda,Mujer,Ocupado,5,4,1.25,55.0,4.0,1.0,0
001712,2,1,Rural,Sierra Centro,Otro material,Pozo,Mujer,Ocupado,3,2,1.5,53.0,6.0,2.0,1
001713,4,1,Urbano,Lima Metropolitana,Ladrillo o Bloque de cemento,Red publica dentro de la vivienda,Hombre,Inactivo,3,2,1.5,76.0,9.0,4.0,1
001714,17,1,Urbano,Lima Metropolitana,,Red publica dentro de la vivienda,Hombre,Ocupado,2,1,2.0,54.0,12.0,5.0,0
001715,6,1,Rural,Sierra Norte,Adobe,Red publica dentro de la vivienda,Hombre,Ocupado,4,2,2.0,45.0,9.0,2.0,0
001716,10,1,Urbano,Lima Metropolitana,Ladrillo o Bloque de cemento,Red publica dentro de la vivienda,Hombre,Ocupado,5,4,1.25,36.0,18.0,5.0,0
001717,8,1,Rural,Sierra Centro,Ladrillo o Bloque de cemento,Pozo,Mujer,Inactivo,6,3,2.0,68.0,2.0,8.0,1
001718,11,1,Rural,Selva,Adobe,Red publica dentro de la vivienda,Mujer,Ocupado,6,3,2.0,34.0,6.0,4.0,1
001719,14,1,Urbano,Lima Metropolitana,Ladrillo o Bloque de cemento,Red publica dentro de la vivienda,Hombre,Ocupado,6,3,2.0,32.0,13.0,4.0,1
001720,9,1,Rural,Lima Metropolitana,Adobe,Pozo,Mujer,Ocupado,4,2,2.0,32.0,8.0,1.0,0
001721,17,1,Urbano,Costa Norte,Ladrillo o Bloque de cemento,Red publica fuera de la vivienda,Mujer,Ocupado,6,4,1.5,37.0,11.0,4.0,0
001722,11,1,Urbano,Costa Sur,Ladrillo o Bloque de cemento,Red publica dentro de la vivienda,Hombre,Ocupado,8,2,4.0,49.0,13.0,4.0,1
001723,4,1,Urbano,Lima Metropolitana,Ladrillo o Bloque de cemento,Red publica dentro de la vivienda,Hombre,Ocupado,6,4,1.5,44.0,11.0,4.0,0
001724,11,1,Rural,Selva,Madera,"Rio, acequia o manantial",Hombre,Ocupado,3,2,1.5,55.0,6.0,2.0,0
001725,9,1,Urbano,Sierra Sur,Ladrillo o Bloque de cemento,Pozo,Mujer,Ocupado,4,3,1.33,33.0,12.0,6.0,1
001726,13,1,Urbano,Costa Norte,Ladrillo o Bloque de cemento,Red publica dentro de la vivienda,Hombre,Ocupado,8,5,1.6,36.0,9.0,5.0,1
001727,1,1,Rural,Sierra Centro,Adobe,Red publica dentro de la vivienda,Hombre,Ocupado,3,3,1.0,50.0,5.0,1.0,0
001728,6,1,Urbano,Lima Metropolitana,Ladrillo o Bloque de cemento,Red publica dentro de la vivienda,Hombre,Ocupado,5,4,1.25,35.0,12.0,5.0,0
001729,15,1,Urbano,Costa Norte,Madera,Red publica dentro de la vivienda,Mujer,Ocupado,5,3,1.67,29.0,9.0,3.0,0
001730,18,1,Urbano,Sierra Centro,Ladrillo o Bloque de cemento,Pozo,Hombre,Ocupado,6,4,1.5,27.0,8.0,4.0,0
001731,17,1,Urbano,Lima Metropolitana,Ladrillo o Bloque de cemento,Red publica dentro de la vivienda,Hombre,Ocupado,2,2,1.0,47.0,9.0,3.0,0
001732,2,1,Urbano,Costa Norte,Ladrillo o Bloque de cemento,Red publica dentro de la vivienda,Mujer,Ocupado,4,3,1.33,47.0,,2.0,0
001733,19,1,Urbano,Lima Metropolitana,Ladrillo o Bloque de cemento,Red publica dentro de la vivienda,Hombre,Ocupado,4,3,1.33,46.0,17.0,4.0,0
001734,16,1,Rural,Sierra Norte,Adobe,Red publica dentro de la vivienda,Hombre,Inactivo,3,3,1.0,65.0,8.0,4.0,0
001735,5,1,Urbano,Lima Metropolitana,Madera,Red publica dentro de la vivienda,Hombre,Ocupado,5,3,1.67,52.0,9.0,2.0,0
001736,9,1,Urbano,Lima Metropolitana,Madera,Red publica dentro de la vivienda,Mujer,Ocupado,3,1,3.0,48.0,17.0,5.0,0
001737,2,1,Urbano,Lima Metropolitana,Adobe,Red publica fuera de la vivienda,Mujer,Inactivo,1,1,1.0,67.0,11.0,3.0,0
001738,3,1,Rural,Costa Sur,Otro material,Red publica fuera de la vivienda,Hombre,Ocupado,3,2,1.5,,12.0,5.0,0
001739,9,1,Urbano,Selva,Ladrillo o Bloque de cemento,Red publica dentro de la vivienda,Hombre,Ocupado,5,2,2.5,38.0,11.0,6.0,1
001740,4,1,Urbano,Lima Metropolitana,Ladrillo o Bloque de cemento,Red publica dentro de la vivienda,Mujer,Ocupado,3,2,1.5,60.0,13.0,4.0,0
001741,12,1,Rural,Sierra Norte,Adobe,"Rio, acequia o manantial",Mujer,Inactivo,6,1,6.0,73.0,5.0,6.0,1
001742,9,1,Urbano,Costa Sur,Adobe,Red publica dentro de la vivienda,Hombre,Inactivo,5,3,1.67,73.0,10.0,4.0,1
001743,3,1,Urbano,Costa Norte,Ladrillo o Bloque de cemento,Red publica dentro de la vivienda,Hombre,Ocupado,4,4,1.0,62.0,15.0,2.0,0
001744,14,1,Urbano,Lima Metropolitana,Ladrillo o Bloque de cemento,Red publica dentro de la vivienda,Hombre,Ocupado,5,4,1.25,53.0,12.0,5.0,0
001745,7,1,Urbano,Lima Metropolitana,Ladrillo o Bloque de cemento,Red publica dentro de la vivienda,Mujer,Ocupado,4,2,2.0,52.0,16.0,7.0,0
001746,17,1,Urbano,Lima Metropolitana,,Red publica dentro de la vivienda,Hombre,Inactivo,8,6,1.33,68.0,13.0,4.0,1
001747,5,1,Urbano,Lima Metropolitana,Ladrillo o Bloque de cemento,Red publica dentro de la vivienda,Hombre,Ocupado,6,4,1.5,29.0,,8.0,0
001748,11,1,Urbano,Selva,Madera,Red publica dentro de la vivienda,Hombre,Inactivo,3,3,1.0,66.0,13.0,6.0,1
001749,6,1,Urbano,Sierra Sur,Ladrillo o Bloque de cemento,Red publica dentro de la vivienda,Hombre,Ocupado,2,2,1.0,50.0,11.0,3.0,0
001750,19,1,Rural,Sierra Sur,Madera,"Rio, acequia o manantial",Hombre,Ocupado,3,3,1.0,35.0,4.0,4.0,1
001751,15,1,Urbano,Lima Metropolitana,Ladrillo o Bloque de cemento,Red publica dentro de la vivienda,Mujer,Ocupado,4,3,1.33,31.0,10.0,3.0,0
001752,13,1,Urbano,Costa Sur,Ladrillo o Bloque de cemento,Red publica dentro de la vivienda,Hombre,Ocupado,3,2,1.5,24.0,13.0,4.0,0
001753,7,1,Urbano,Lima Metropolitana,Madera,Red publica dentro de la vivienda,Hombre,Ocupado,5,3,1.67,56.0,5.0,3.0,0
001754,13,1,Urbano,Lima Metropolitana,Ladrillo o Bloque de cemento,Red publica fuera de la vivienda,Hombre,Inactivo,3,1,3.0,75.0,14.0,3.0,0
001755,15,1,Urbano,Sierra Centro,Adobe,Red publica dentro de la vivienda,Hombre,Ocupado,2,1,2.0,41.0,6.0,3.0,0
001756,15,1,Rural,Selva,Madera,Pozo,Hombre,Ocupado,4,3,1.33,36.0,7.0,2.0,0
001757,17,1,Urbano,Costa Centro,Madera,Red publica dentro de la vivienda,Mujer,Inactivo,3,2,1.5,65.0,15.0,8.0,1
001758,11,1,Urbano,Lima Metropolitana,Ladrillo o Bloque de cemento,Red publica dentro de la vivienda,Hombre,Desocupado,8,3,2.67,50.0,10.0,1.0,1
001759,4,1,Urbano,Lima Metropolitana,Madera,Pozo,Mujer,Inactivo,5,3,1.67,66.0,14.0,4.0,0
001760,4,1,Urbano,Lima Metropolitana,Madera,Red publica dentro de la vivienda,Hombre,Ocupado,5,2,2.5,34.0,16.0,3.0,0
001761,13,1,Urbano,Sierra Centro,Adobe,Red publica dentro de la vivienda,Hombre,Ocupado,5,4,1.25,57.0,9.0,5.0,0
001762,18,1,Rural,Costa Centro,Otro material,Red publica fuera de la vivienda,Hombre,Inactivo,2,2,1.0,73.0,4.0,3.0,1
001763,5,1,Urbano,Costa Sur,Otro material,Red publica dentro de la vivienda,Hombre,Ocupado,5,4,1.25,33.0,12.0,2.0,0
001764,11,1,Urbano,Costa Norte,Ladrillo o Bloque de cemento,Red publica dentro de la vivienda,Hombre,Ocupado,5,2,2.5,44.0,15.0,5.0,0
001765,9,1,Urbano,Costa Centro,Ladrillo o Bloque de cemento,Pozo,Hombre,Ocupado,3,2,1.5,43.0,18.0,6.0,0
001766,9,1,Urbano,Costa Norte,Ladrillo o Bloque de cemento,Red publica dentro de la vivienda,Hombre,Ocupado,8,5,1.6,58.0,9.0,2.0,0
001767,6,1,Urbano,Lima Metropolitana,Ladrillo o Bloque de cemento,Red publica fuera de la vivienda,Mujer,Inactivo,5,4,1.25,66.0,15.0,3.0,1
001768,15,1,Urbano,Costa Norte,Ladrillo o Bloque de cemento,Red publica dentro de la vivienda,Hombre,Ocupado,5,2,2.5,38.0,9.0,3.0,0
001769,16,1,Urbano,Costa Centro,Ladrillo o Bloque de cemento,Red publica dentro de la vivienda,Mujer,Inactivo,4,3,1.33,83.0,7.0,3.0,0
001770,18,1,Urbano,Lima Metropolitana,Ladrillo o Bloque de cemento,Red publica dentro de la vivienda,Hombre,Ocupado,5,3,1.67,49.0,12.0,4.0,0
001771,6,1,Rural,Selva,Madera,"Rio, acequia o manantial",Hombre,Ocupado,1,1,1.0,40.0,6.0,1.0,0
001772,19,1,Urbano,Lima Metropolitana,Ladrillo o Bloque de cemento,,Hombre,Inactivo,5,3,1.67,68.0,13.0,5.0,0
001773,12,1,Urbano,Lima Metropolitana,Otro material,Red publica dentro de la vivienda,Hombre,Ocupado,5,2,2.5,50.0,14.0,6.0,0
001774,13,1,Urbano,Lima Metropolitana,Ladrillo o Bloque de cemento,Red publica dentro de la vivienda,Hombre,Desocupado,2,2,1.0,43.0,13.0,4.0,0
001775,6,1,Urbano,Lima Metropolitana,Ladrillo o Bloque de cemento,Red publica dentro de la vivienda,Hombre,Ocupado,2,2,1.0,40.0,16.0,5.0,0
001776,18,1,Rural,Selva,Madera,"Rio, acequia o manantial",Hombre,Inactivo,3,2,1.5,77.0,,2.0,1
001777,18,1,Urbano,Lima Metropolitana,Ladrillo o Bloque de cemento,Red publica fuera de la vivienda,Hombre,Ocupado,7,2,3.5,34.0,13.0,5.0,1
001778,10,1,Urbano,Sierra Sur,Ladrillo o Bloque de cemento,Red publica dentro de la vivienda,Hombre,Ocupado,2,2,1.0,64.0,9.0,4.0,0
001779,15,1,Urbano,Sierra Centro,Ladrillo o Bloque de cemento,Red publica dentro de la vivienda,Hombre,Ocupado,5,3,1.67,37.0,10.0,3.0,0
001780,16,1,Urbano,Sierra Sur,Ladrillo o Bloque de cemento,Pozo,Hombre,Ocupado,6,3,2.0,39.0,10.0,2.0,0
001781,17,1,Urbano,Costa Centro,Ladrillo o Bloque de cemento,Red publica fuera de la vivienda,Mujer,Ocupado,3,2,1.5,47.0,9.0,1.0,1
001782,12,1,Urbano,Lima Metropolitana,Ladrillo o Bloque de cemento,Red publica fuera de la vivienda,Hombre,Ocupado,6,3,2.0,55.0,8.0,4.0,0
001783,3,1,Urbano,Sierra Norte,Ladrillo o Bloque de cemento,Red publica dentro de la vivienda,Hombre,Ocupado,6,3,2.0,25.0,7.0,6.0,1
001784,6,1,Urbano,Costa Centro,Ladrillo o Bloque de cemento,Red publica dentro de la vivienda,Mujer,Ocupado,3,2,1.5,40.0,13.0,5.0,0
001785,11,1,Rural,Sierra Norte,Madera,Pozo,Mujer,Ocupado,8,3,2.67,62.0,9.0,2.0,1
001786,15,1,Urbano,Lima Metropolitana,Ladrillo o Bloque de cemento,"Rio, acequia o manantial",Hombre,Desocupado,5,4,1.25,62.0,14.0,3.0,1
001787,16,1,Rural,Sierra Centro,Adobe,Pozo,Hombre,Ocupado,7,4,1.75,44.0,6.0,5.0,1
001788,15,1,Urbano,Lima Metropolitana,Ladrillo o Bloque de cemento,Red publica dentro de la vivienda,Mujer,Ocupado,4,2,2.0,32.0,11.0,4.0,0
001789,3,1,Urbano,Lima Metropolitana,Ladrillo o Bloque de cemento,Red publica dentro de la vivienda,Hombre,Ocupado,3,2,1.5,51.0,8.0,5.0,0
001790,4,1,Urbano,Costa Norte,Ladrillo o Bloque de cemento,Red publica dentro de la vivienda,Hombre,Ocupado,5,2,2.5,60.0,9.0,3.0,0
001791,10,1,Urbano,Lima Metropolitana,Ladrillo o Bloque de cemento,Red publica dentro de la vivienda,Mujer,Desocupado,4,3,1.33,51.0,10.0,1.0,1
001792,7,1,Rural,Sierra Norte,Adobe,Red publica dentro de la vivienda,Mujer,Inactivo,6,4,1.5,68.0,2.0,4.0,1
001793,17,1,Rural,Costa Sur,Otro material,Red publica dentro de la vivienda,Mujer,Ocupado,2,1,2.0,44.0,7.0,6.0,0
001794,16,1,Urbano,Lima Metropolitana,Ladrillo o Bloque de cemento,Red publica dentro de la vivienda,Hombre,Ocupado,2,1,2.0,30.0,10.0,2.0,0
001795,18,1,Urbano,Lima Metropolitana,Ladrillo o Bloque de cemento,Red publica dentro de la vivienda,Hombre,Ocupado,8,3,2.67,40.0,13.0,4.0,1
001796,8,1,Urbano,Sierra Norte,Madera,Red publica dentro de la vivienda,Hombre,Ocupado,5,3,1.67,48.0,6.0,2.0,0
001797,1,1,Rural,Selva,Adobe,Red publica dentro de la vivienda,Mujer,Ocupado,4,3,1.33,38.0,8.0,3.0,0
001798,7,1,Rural,Sierra Norte,Madera,Red publica dentro de la vivienda,Mujer,Desocupado,4,2,2.0,41.0,8.0,4.0,1
001799,1,1,Rural,Selva,Ladrillo o Bloque de cemento,"Rio, acequia o manantial",Hombre,Desocupado,4,3,1.33,61.0,5.0,4.0,1
001800,16,1,Urbano,Lima Metropolitana,Ladrillo o Bloque de cemento,Red publica dentro de la vivienda,Hombre,Ocupado,6,5,1.2,37.0,17.0,2.0,0
001801,15,1,Rural,Selva,Ladrillo o Bloque de cemento,Red publica fuera de la vivienda,Hombre,Ocupado,5,3,1.67,29.0,6.0,4.0,0
001802,10,1,Urbano,Lima Metropolitana,Ladrillo o Bloque de cemento,Red publica dentro de la vivienda,Mujer,Ocupado,7,4,1.75,59.0,13.0,7.0,0
001803,19,1,Urbano,Costa Centro,Ladrillo o Bloque de cemento,Red publica dentro de la vivienda,Mujer,Ocupado,7,6,1.17,57.0,6.0,3.0,0
001804,11,1,Urbano,Lima Metropolitana,Ladrillo o Bloque de cemento,Red publica dentro de la vivienda,Hombre,Ocupado,7,5,1.4,33.0,10.0,,0
001805,3,1,Urbano,Lima Metropolitana,Ladrillo o Bloque de cemento,Red publica dentro de la vivienda,Hombre,Ocupado,1,1,1.0,58.0,10.0,4.0,0
001806,7,1,Urbano,Lima Metropolitana,Ladrillo o Bloque de cemento,Red publica dentro de la vivienda,Hombre,Ocupado,3,1,3.0,32.0,15.0,7.0,0
001807,12,1,Urbano,Costa Norte,Ladrillo o Bloque de cemento,Red publica dentro de la vivienda,Hombre,Ocupado,5,4,1.25,38.0,14.0,8.0,0
001808,13,1,Rural,Sierra Sur,Ladrillo o Bloque de cemento,Otro,Hombre,Ocupado,4,1,4.0,33.0,5.0,5.0,1
001809,9,1,Rural,Sierra Centro,Adobe,Red publica fuera de la vivienda,Hombre,Ocupado,3,1,3.0,42.0,7.0,7.0,1
001810,10,1,Urbano,Costa Norte,Ladrillo o Bloque de cemento,Red publica dentro de la vivienda,Hombre,Ocupado,3,1,3.0,56.0,14.0,5.0,0
001811,9,1,Urbano,Costa Sur,Madera,,Hombre,Ocupado,5,2,2.5,52.0,10.0,4.0,1
001812,17,1,Rural,Sierra Sur,Ladrillo o Bloque de cemento,"Rio, acequia o manantial",Mujer,Ocupado,2,2,1.0,37.0,2.0,4.0,1
001813,1,1,Urbano,Lima Metropolitana,Ladrillo o Bloque de cemento,Red publica dentro de la vivienda,Mujer,Ocupado,3,1,3.0,51.0,15.0,7.0,0
001814,16,1,Rural,Costa Sur,Ladrillo o Bloque de cemento,"Rio, acequia o manantial",Hombre,Ocupado,3,3,1.0,53.0,8.0,3.0,0
001815,10,1,Urbano,Lima Metropolitana,Ladrillo o Bloque de cemento,Red publica dentro de la vivienda,Mujer,Ocupado,3,1,3.0,61.0,13.0,3.0,1
001816,1,1,Rural,Selva,Madera,Red publica dentro de la vivienda,Mujer,Ocupado,4,3,1.33,53.0,10.0,4.0,0
001817,11,1,Urbano,Lima Metropolitana,Ladrillo o Bloque de cemento,Red publica fuera de la vivienda,Hombre,Ocupado,4,3,1.33,58.0,16.0,3.0,0
001818,12,1,Rural,Sierra Sur,Adobe,"Rio, acequia o manantial",Hombre,Ocupado,2,1,2.0,49.0,8.0,5.0,1
001819,16,1,Rural,Sierra Sur,Adobe,"Rio, acequia o manantial",Mujer,Ocupado,9,6,1.5,37.0,3.0,3.0,0
001820,17,1,Urbano,Selva,Ladrillo o Bloque de cemento,Pozo,Hombre,Ocupado,8,4,2.0,50.0,6.0,4.0,0
001821,13,1,Urbano,Lima Metropolitana,Ladrillo o Bloque de cemento,,Mujer,Inactivo,6,5,1.2,65.0,14.0,5.0,0
001822,5,1,Urbano,Sierra Sur,Ladrillo o Bloque de cemento,Pozo,Hombre,Inactivo,3,2,1.5,66.0,11.0,3.0,0
001823,4,1,Urbano,Selva,Ladrillo o Bloque de cemento,Red publica dentro de la vivienda,Hombre,Ocupado,5,1,5.0,18.0,11.0,3.0,1
001824,10,1,Rural,Selva,Madera,"Rio, acequia o manantial",Mujer,Ocupado,3,2,1.5,57.0,12.0,6.0,0
001825,13,1,Urbano,Lima Metropolitana,Adobe,Red publica dentro de la vivienda,Mujer,Ocupado,9,6,1.5,41.0,15.0,4.0,1
001826,19,1,Rural,Costa Norte,Ladrillo o Bloque de cemento,Red publica dentro de la vivienda,Mujer,Ocupado,8,5,1.6,54.0,6.0,2.0,1
001827,9,1,Urbano,Selva,Ladrillo o Bloque de cemento,Red publica dentro de la vivienda,Hombre,Ocupado,2,2,1.0,29.0,9.0,,0
001828,16,1,Rural,Sierra Sur,Ladrillo o Bloque de cemento,"Rio, acequia o manantial",Hombre,Ocupado,2,1,2.0,42.0,9.0,1.0,0
001829,2,1,Urbano,Lima Metropolitana,Madera,Red publica dentro de la vivienda,Hombre,Ocupado,2,2,1.0,26.0,14.0,3.0,0
001830,3,1,Rural,Sierra Sur,Adobe,Red publica dentro de la vivienda,Hombre,Ocupado,6,5,1.2,42.0,6.0,3.0,0
001831,16,1,Urbano,Sierra Sur,Ladrillo o Bloque de cemento,Red publica dentro de la vivienda,Hombre,Ocupado,7,2,3.5,57.0,,1.0,1
001832,2,1,Urbano,Lima Metropolitana,Ladrillo o Bloque de cemento,Red publica dentro de la vivienda,Hombre,Ocupado,5,4,1.25,54.0,9.0,5.0,0
001833,4,1,Urbano,Sierra Sur,Ladrillo o Bloque de cemento,Red publica dentro de la vivienda,Hombre,Inactivo,5,5,1.0,78.0,14.0,5.0,0
001834,14,1,Urbano,Costa Sur,Ladrillo o Bloque de cemento,Red publica dentro de la vivienda,Hombre,Ocupado,3,3,1.0,41.0,7.0,2.0,0
001835,3,1,Urbano,Costa Sur,Ladrillo o Bloque de cemento,Red publica dentro de la vivienda,Hombre,Ocupado,5,2,2.5,36.0,13.0,4.0,1
001836,12,1,Rural,Costa Norte,Ladrillo o Bloque de cemento,Red publica dentro de la vivienda,Hombre,Inactivo,7,7,1.0,67.0,8.0,3.0,0
001837,18,1,Rural,Costa Norte,Otro material,"Rio, acequia o manantial",Hombre,Ocupado,7,2,3.5,24.0,3.0,3.0,1
001838,12,1,Rural,Sierra Sur,Adobe,"Rio, acequia o manantial",Hombre,Ocupado,9,5,1.8,51.0,9.0,3.0,0
001839,13,1,Urbano,Lima Metropolitana,Ladrillo o Bloque de cemento,Red publica dentro de la vivienda,Hombre,Ocupado,6,1,6.0,55.0,12.0,5.0,1
001840,6,1,Urbano,Lima Metropolitana,Ladrillo o Bloque de cemento,Red publica dentro de la vivienda,Mujer,Ocupado,6,2,3.0,18.0,12.0,3.0,0
001841,12,1,Urbano,Costa Norte,Ladrillo o Bloque de cemento,Red publica dentro de la vivienda,Mujer,Ocupado,6,3,2.0,33.0,7.0,2.0,0
001842,6,1,Rural,Selva,Ladrillo o Bloque de cemento,"Rio, acequia o manantial",Hombre,Ocupado,5,4,1.25,29.0,11.0,2.0,1
001843,14,1,Urbano,Costa Centro,Ladrillo o Bloque de cemento,Red publica dentro de la vivienda,Hombre,Ocupado,4,3,1.33,60.0,7.0,2.0,0
001844,2,1,Urbano,Lima Metropolitana,Ladrillo o Bloque de cemento,Red publica dentro de la vivienda,Mujer,Ocupado,4,2,2.0,39.0,9.0,4.0,0
001845,11,1,Urbano,Costa Centro,Ladrillo o Bloque de cemento,Red publica fuera de la vivienda,Mujer,Ocupado,5,4,1.25,44.0,11.0,5.0,0
001846,4,1,Urbano,Lima Metropolitana,Madera,Red publica dentro de la vivienda,Mujer,Ocupado,3,2,1.5,25.0,,3.0,0
001847,18,1,Urbano,Sierra Norte,Adobe,Red publica dentro de la vivienda,Hombre,Ocupado,6,3,2.0,37.0,18.0,6.0,0
001848,10,1,Urbano,Lima Metropolitana,Ladrillo o Bloque de cemento,Red publica dentro de la vivienda,Hombre,Ocupado,6,5,1.2,37.0,,4.0,0
001849,18,1,Rural,Sierra Sur,Adobe,Pozo,Mujer,Ocupado,4,2,2.0,45.0,9.0,2.0,1
001850,12,1,Urbano,Lima Metropolitana,Ladrillo o Bloque de cemento,Red publica dentro de la vivienda,Hombre,Ocupado,4,2,2.0,44.0,18.0,4.0,0
001851,1,1,Urbano,Costa Sur,Ladrillo o Bloque de cemento,Red publica dentro de la vivienda,Hombre,Inactivo,5,3,1.67,,13.0,5.0,1
001852,3,1,Urbano,Lima Metropolitana,Ladrillo o Bloque de cemento,Red publica dentro de la vivienda,Hombre,Ocupado,3,1,3.0,58.0,10.0,5.0,0
001853,7,1,Rural,Selva,Ladrillo o Bloque de cemento,Red publica dentro de la vivienda,Hombre,Ocupado,2,1,2.0,23.0,8.0,3.0,0
001854,8,1,Urbano,Lima Metropolitana,Ladrillo o Bloque de cemento,Red publica dentro de la vivienda,Hombre,Ocupado,3,1,3.0,62.0,17.0,3.0,0
001855,3,1,Urbano,Lima Metropolitana,Ladrillo o Bloque de cemento,Red publica dentro de la vivienda,Mujer,Ocupado,8,3,2.67,60.0,8.0,7.0,1
001856,14,1,Urbano,Lima Metropolitana,Ladrillo o Bloque de cemento,Red publica dentro de la vivienda,Hombre,Ocupado,3,2,1.5,49.0,16.0,3.0,0
001857,12,1,Urbano,Costa Sur,Ladrillo o Bloque de cemento,Red publica fuera de la vivienda,Mujer,Ocupado,3,1,3.0,62.0,13.0,6.0,0
001858,11,1,Urbano,Sierra Norte,Adobe,Red publica dentro de la vivienda,Hombre,Inactivo,3,2,1.5,65.0,17.0,3.0,0
001859,6,1,Rural,Sierra Norte,Madera,Red publica dentro de la vivienda,Hombre,Desocupado,3,3,1.0,41.0,8.0,4.0,1
001860,1,1,Rural,Sierra Norte,Adobe,Pozo,Hombre,Ocupado,6,4,1.5,31.0,7.0,3.0,0
001861,15,1,Rural,Selva,Otro material,"Rio, acequia o manantial",Hombre,Ocupado,4,4,1.0,56.0,9.0,2.0,0
001862,10,1,Urbano,Lima Metropolitana,Madera,Red publica dentro de la vivienda,Hombre,Ocupado,3,2,1.5,37.0,9.0,4.0,0
001863,13,1,Urbano,Lima Metropolitana,Ladrillo o Bloque de cemento,Red publica dentro de la vivienda,Hombre,Ocupado,4,1,4.0,52.0,10.0,3.0,0
001864,6,1,Urbano,Selva,Ladrillo o Bloque de cemento,Red publica dentro de la vivienda,Mujer,Desocupado,6,3,2.0,33.0,11.0,2.0,1
001865,3,1,Urbano,Lima Metropolitana,,Red publica dentro de la vivienda,Mujer,Ocupado,5,4,1.25,62.0,11.0,3.0,0
001866,12,1,Urbano,Lima Metropolitana,Ladrillo o Bloque de cemento,Red publica dentro de la vivienda,Hombre,Ocupado,6,5,1.2,37.0,11.0,4.0,0
001867,5,1,Rural,Lima Metropolitana,Madera,,Hombre,Ocupado,7,3,2.33,45.0,15.0,5.0,0
001868,3,1,Urbano,Costa Sur,Ladrillo o Bloque de cemento,Red publica dentro de la vivienda,Hombre,Ocupado,6,3,2.0,44.0,17.0,6.0,1
001869,4,1,Rural,Selva,Otro material,"Rio, acequia o manantial",Mujer,Ocupado,4,1,4.0,28.0,0.0,3.0,0
001870,7,1,Urbano,Lima Metropolitana,Madera,Red publica dentro de la vivienda,Hombre,Ocupado,3,2,1.5,63.0,13.0,8.0,0
001871,13,1,Rural,Sierra Norte,Madera,Red publica dentro de la vivienda,Mujer,Inactivo,4,4,1.0,66.0,,3.0,1
001872,19,1,Urbano,Sierra Sur,Ladrillo o Bloque de cemento,Red publica dentro de la vivienda,Hombre,Ocupado,5,1,5.0,46.0,15.0,5.0,0
001873,3,1,Urbano,Lima Metropolitana,Ladrillo o Bloque de cemento,Red publica dentro de la vivienda,Mujer,Ocupado,3,1,3.0,37.0,13.0,5.0,0
001874,10,1,Urbano,Lima Metropolitana,Ladrillo o Bloque de cemento,Red publica dentro de la vivienda,Hombre,Ocupado,8,6,1.33,45.0,17.0,6.0,0
001875,6,1,Urbano,Lima Metropolitana,Adobe,Red publica fuera de la vivienda,Hombre,Ocupado,5,5,1.0,41.0,10.0,2.0,0
001876,2,1,Urbano,Lima Metropolitana,Ladrillo o Bloque de cemento,Red publica dentro de la vivienda,Hombre,Ocupado,2,1,2.0,48.0,9.0,7.0,0
001877,18,1,Urbano,Sierra Norte,Ladrillo o Bloque de cemento,Red publica dentro de la vivienda,Mujer,Ocupado,5,3,1.67,44.0,10.0,5.0,1
001878,2,1,Urbano,Sierra Norte,Madera,Red publica dentro de la vivienda,Hombre,Ocupado,4,3,1.33,35.0,9.0,3.0,1
001879,15,1,Rural,Selva,Madera,"Rio, acequia o manantial",Mujer,Ocupado,4,2,2.0,64.0,6.0,6.0,0
001880,8,1,Rural,Selva,Adobe,Otro,Mujer,Ocupado,3,3,1.0,45.0,10.0,7.0,0
001881,6,1,Rural,Selva,Adobe,Red publica fuera de la vivienda,Hombre,Inactivo,9,6,1.5,75.0,8.0,5.0,1
001882,5,1,Urbano,Lima Metropolitana,Ladrillo o Bloque de cemento,"Rio, acequia o manantial",Hombre,Ocupado,4,1,4.0,49.0,12.0,3.0,0
001883,12,1,Urbano,Sierra Centro,Ladrillo o Bloque de cemento,Red publica dentro de la vivienda,Hombre,Ocupado,4,3,1.33,42.0,11.0,2.0,0
001884,2,1,Urbano,Lima Metropolitana,Ladrillo o Bloque de cemento,Red publica dentro de la vivienda,Hombre,Ocupado,6,5,1.2,44.0,7.0,3.0,0
001885,14,1,Rural,Sierra Centro,Otro material,"Rio, acequia o manantial",Hombre,Ocupado,5,4,1.25,43.0,0.0,6.0,0
001886,11,1,Urbano,Sierra Centro,Ladrillo o Bloque de cemento,Red publica dentro de la vivienda,Hombre,Ocupado,4,1,4.0,47.0,15.0,5.0,0
001887,19,1,Urbano,Costa Centro,Adobe,Red publica dentro de la vivienda,Hombre,Ocupado,5,2,2.5,51.0,9.0,3.0,0
001888,3,1,Urbano,Costa Sur,Ladrillo o Bloque de cemento,Red publica dentro de la vivienda,Hombre,Ocupado,3,3,1.0,32.0,16.0,3.0,0
001889,12,1,Urbano,Lima Metropolitana,Ladrillo o Bloque de cemento,Red publica fuera de la vivienda,Hombre,Ocupado,2,2,1.0,34.0,12.0,4.0,0
001890,18,1,Urbano,Sierra Sur,Ladrillo o Bloque de cemento,,Hombre,Ocupado,4,4,1.0,59.0,11.0,6.0,0
001891,19,1,Urbano,Costa Sur,Ladrillo o Bloque de cemento,Pozo,Hombre,Ocupado,5,1,5.0,55.0,14.0,3.0,1
001892,2,1,Urbano,Lima Metropolitana,Ladrillo o Bloque de cemento,Red publica dentro de la vivienda,Hombre,Ocupado,2,2,1.0,26.0,16.0,6.0,0
001893,16,1,Rural,Selva,Adobe,Red publica fuera de la vivienda,Mujer,Ocupado,4,4,1.0,55.0,5.0,3.0,0
001894,17,1,Urbano,Costa Norte,Ladrillo o Bloque de cemento,Red publica dentro de la vivienda,Hombre,Ocupado,5,3,1.67,60.0,11.0,2.0,0
001895,1,1,Rural,Sierra Norte,Adobe,Red publica fuera de la vivienda,Hombre,Ocupado,2,1,2.0,52.0,6.0,4.0,0
001896,15,1,Urbano,Costa Centro,Ladrillo o Bloque de cemento,"Rio, acequia o manantial",Hombre,Ocupado,3,3,1.0,25.0,12.0,6.0,0
001897,9,1,Urbano,Lima Metropolitana,Ladrillo o Bloque de cemento,Red publica dentro de la vivienda,Hombre,Ocupado,5,3,1.67,29.0,13.0,3.0,0
001898,12,1,Urbano,Sierra Norte,Ladrillo o Bloque de cemento,Red publica dentro de la vivienda,Hombre,Ocupado,5,3,1.67,47.0,9.0,2.0,0
001899,17,1,Urbano,Costa Norte,Ladrillo o Bloque de cemento,Red publica dentro de la vivienda,Hombre,Inactivo,5,2,2.5,74.0,11.0,4.0,1
001900,9,1,Urbano,Costa Norte,Ladrillo o Bloque de cemento,Red publica dentro de la vivienda,Hombre,Ocupado,7,4,1.75,40.0,6.0,6.0,0
001901,16,1,Rural,Selva,Otro material,Red publica dentro de la vivienda,Mujer,Ocupado,2,1,2.0,56.0,7.0,5.0,0
001902,18,1,Rural,Costa Norte,Otro material,Red publica dentro de la vivienda,Mujer,Ocupado,4,3,1.33,39.0,7.0,4.0,1
001903,6,1,Urbano,Lima Metropolitana,Adobe,Pozo,Mujer,Inactivo,5,4,1.25,72.0,9.0,3.0,0
001904,10,1,Urbano,Costa Centro,Adobe,Red publica dentro de la vivienda,Hombre,Ocupado,6,3,2.0,49.0,10.0,5.0,1
001905,11,1,Urbano,Selva,Ladrillo o Bloque de cemento,Red publica dentro de la vivienda,Hombre,Ocupado,6,4,1.5,31.0,9.0,1.0,0
001906,8,1,Urbano,Sierra Sur,Ladrillo o Bloque de cemento,Otro,Mujer,Ocupado,5,2,2.5,37.0,9.0,2.0,0
001907,4,1,Rural,Sierra Sur,Adobe,"Rio, acequia o manantial",Mujer,Ocupado,4,1,4.0,35.0,9.0,3.0,0
001908,11,1,Urbano,Costa Norte,Ladrillo o Bloque de cemento,Red publica dentro de la vivienda,Hombre,Ocupado,3,2,1.5,50.0,12.0,2.0,0
001909,11,1,Urbano,Lima Metropolitana,Madera,Red publica dentro de la vivienda,Mujer,Ocupado,3,3,1.0,38.0,16.0,7.0,0
001910,9,1,Urbano,Lima Metropolitana,Ladrillo o Bloque de cemento,Red publica dentro de la vivienda,Hombre,Desocupado,5,2,2.5,41.0,18.0,5.0,1
001911,16,1,Rural,Costa Norte,Madera,Red publica dentro de la vivienda,Hombre,Inactivo,6,5,1.2,75.0,10.0,7.0,1
001912,11,1,Urbano,Costa Centro,Ladrillo o Bloque de cemento,Red publica dentro de la vivienda,Hombre,Ocupado,5,4,1.25,40.0,6.0,4.0,0
001913,10,1,Urbano,Lima Metropolitana,Ladrillo o Bloque de cemento,Red publica dentro de la vivienda,Mujer,Ocupado,7,5,1.4,50.0,10.0,2.0,0
001914,9,1,Rural,Selva,,"Rio, acequia o manantial",Hombre,Ocupado,6,5,1.2,44.0,11.0,5.0,1
001915,3,1,Urbano,Costa Centro,Ladrillo o Bloque de cemento,Red publica dentro de la vivienda,Mujer,Ocupado,3,2,1.5,47.0,10.0,5.0,0
001916,3,1,Urbano,Costa Sur,Ladrillo o Bloque de cemento,Red publica dentro de la vivienda,Hombre,Ocupado,5,4,1.25,57.0,10.0,3.0,0
001917,5,1,Urbano,Lima Metropolitana,Ladrillo o Bloque de cemento,Red publica dentro de la vivienda,Hombre,Ocupado,6,4,1.5,18.0,14.0,4.0,1
001918,2,1,Urbano,Lima Metropolitana,Ladrillo o Bloque de cemento,Red publica fuera de la vivienda,Hombre,Ocupado,7,5,1.4,50.0,12.0,3.0,0
001919,9,1,Rural,Selva,Adobe,Red publica dentro de la vivienda,Hombre,Ocupado,3,2,1.5,43.0,12.0,8.0,0
001920,17,1,Urbano,Lima Metropolitana,Ladrillo o Bloque de cemento,Red publica dentro de la vivienda,Hombre,Ocupado,5,4,1.25,50.0,12.0,5.0,0
001921,15,1,Rural,Sierra Sur,Madera,Red publica dentro de la vivienda,Hombre,Ocupado,2,1,2.0,45.0,14.0,6.0,0
001922,3,1,Rural,Sierra Norte,Adobe,Red publica dentro de la vivienda,Mujer,Ocupado,5,3,1.67,45.0,5.0,3.0,0
001923,7,1,Urbano,Sierra Sur,Madera,Red publica fuera de la vivienda,Hombre,Ocupado,3,1,3.0,52.0,9.0,4.0,0
001924,7,1,Rural,Sierra Centro,Madera,Red publica fuera de la vivienda,Hombre,Ocupado,5,4,1.25,40.0,4.0,,0
001925,19,1,Rural,Costa Sur,Ladrillo o Bloque de cemento,"Rio, acequia o manantial",Mujer,Inactivo,5,4,1.25,76.0,4.0,5.0,1
001926,2,1,Urbano,Costa Norte,Ladrillo o Bloque de cemento,Red publica dentro de la vivienda,Hombre,Ocupado,4,4,1.0,35.0,13.0,6.0,0
001927,16,1,Urbano,Sierra Centro,Ladrillo o Bloque de cemento,Red publica dentro de la vivienda,Mujer,Inactivo,2,1,2.0,68.0,7.0,4.0,0
001928,6,1,Urbano,Lima Metropolitana,Otro material,Red publica dentro de la vivienda,Hombre,Ocupado,3,3,1.0,31.0,9.0,5.0,0
001929,1,1,Urbano,Costa Norte,Madera,Red publica dentro de la vivienda,Hombre,Ocupado,3,1,3.0,44.0,13.0,4.0,0
001930,17,1,Rural,Sierra Sur,Adobe,Red publica dentro de la vivienda,Hombre,Ocupado,2,1,2.0,52.0,0.0,6.0,0
001931,13,1,Urbano,Lima Metropolitana,Ladrillo o Bloque de cemento,Red publica dentro de la vivienda,Hombre,Ocupado,4,4,1.0,35.0,8.0,5.0,0
001932,9,1,Urbano,Selva,Ladrillo o Bloque de cemento,Red publica dentro de la vivienda,Mujer,Ocupado,9,7,1.29,34.0,11.0,7.0,0
001933,17,1,Urbano,Lima Metropolitana,Ladrillo o Bloque de cemento,Red publica dentro de la vivienda,Hombre,Ocupado,1,1,1.0,44.0,14.0,8.0,0
001934,18,1,Urbano,Lima Metropolitana,Ladrillo o Bloque de cemento,Red publica dentro de la vivienda,Mujer,Ocupado,3,2,1.5,61.0,11.0,2.0,0
001935,11,1,Urbano,Lima Metropolitana,Ladrillo o Bloque de cemento,Red publica dentro de la vivienda,Mujer,Ocupado,4,3,1.33,49.0,14.0,5.0,0
001936,10,1,Urbano,Costa Centro,Adobe,Red publica fuera de la vivienda,Hombre,Inactivo,6,3,2.0,75.0,8.0,7.0,1
001937,15,1,Rural,Sierra Sur,Adobe,Otro,Mujer,Ocupado,3,1,3.0,56.0,11.0,3.0,0
001938,1,1,Rural,Selva,Adobe,Pozo,Hombre,Ocupado,4,2,2.0,42.0,9.0,5.0,0
001939,2,1,Urbano,Sierra Norte,Ladrillo o Bloque de cemento,Red publica dentro de la vivienda,Hombre,Ocupado,3,2,1.5,18.0,8.0,3.0,0
001940,2,1,Urbano,Costa Norte,Adobe,Red publica dentro de la vivienda,Hombre,Ocupado,6,3,2.0,26.0,10.0,2.0,0
001941,7,1,Urbano,Costa Sur,Ladrillo o Bloque de cemento,Red publica dentro de la vivienda,Hombre,Ocupado,5,5,1.0,44.0,5.0,2.0,0
001942,1,1,Rural,Sierra Sur,Otro material,Red publica fuera de la vivienda,Mujer,Ocupado,8,2,4.0,26.0,9.0,4.0,0
001943,16,1,Urbano,Sierra Sur,Ladrillo o Bloque de cemento,Red publica dentro de la vivienda,Hombre,Ocupado,4,3,1.33,45.0,7.0,1.0,0
001944,14,1,Urbano,Costa Centro,Ladrillo o Bloque de cemento,Red publica dentro de la vivienda,Mujer,Ocupado,4,2,2.0,51.0,9.0,2.0,0
001945,13,1,Urbano,Lima Metropolitana,Ladrillo o Bloque de cemento,Red publica dentro de la vivienda,Hombre,Ocupado,2,2,1.0,44.0,12.0,4.0,0
001946,4,1,Urbano,Lima Metropolitana,Ladrillo o Bloque de cemento,Red publica dentro de la vivienda,Hombre,Ocupado,4,3,1.33,44.0,8.0,3.0,0
001947,7,1,Urbano,Costa Sur,Ladrillo o Bloque de cemento,Red publica dentro de la vivienda,Mujer,Inactivo,7,5,1.4,75.0,8.0,2.0,1
001948,1,1,Urbano,Lima Metropolitana,Ladrillo o Bloque de cemento,Red publica dentro de la vivienda,Hombre,Ocupado,5,3,1.67,49.0,14.0,6.0,0
001949,19,1,Urbano,Costa Norte,Ladrillo o Bloque de cemento,Red publica dentro de la vivienda,Mujer,Desocupado,3,2,1.5,46.0,9.0,3.0,1
001950,13,1,Urbano,Lima Metropolitana,Adobe,Red publica dentro de la vivienda,Hombre,Ocupado,4,4,1.0,34.0,15.0,5.0,0
001951,17,1,Rural,Lima Metropolitana,Ladrillo o Bloque de cemento,"Rio, acequia o manantial",Hombre,Ocupado,9,4,2.25,48.0,10.0,2.0,0
001952,11,1,Urbano,Costa Norte,Ladrillo o Bloque de cemento,Red publica fuera de la vivienda,Mujer,Ocupado,4,3,1.33,41.0,8.0,4.0,0
001953,9,1,Urbano,Lima Metropolitana,Ladrillo o Bloque de cemento,Red publica dentro de la vivienda,Mujer,Inactivo,3,2,1.5,73.0,11.0,4.0,1
001954,19,1,Urbano,Lima Metropolitana,Otro material,Red publica dentro de la vivienda,Hombre,Ocupado,5,4,1.25,56.0,11.0,5.0,0
001955,18,1,Urbano,Lima Metropolitana,Madera,Red publica dentro de la vivienda,Hombre,Inactivo,3,2,1.5,68.0,11.0,5.0,0
001956,11,1,Urbano,Lima Metropolitana,Ladrillo o Bloque de cemento,Red publica dentro de la vivienda,Hombre,Ocupado,4,2,2.0,51.0,17.0,7.0,0
001957,13,1,Urbano,Selva,Adobe,Red publica dentro de la vivienda,Hombre,Inactivo,7,4,1.75,65.0,12.0,2.0,1
001958,7,1,Rural,Costa Norte,Ladrillo o Bloque de cemento,Otro,Hombre,Ocupado,1,1,1.0,34.0,1.0,4.0,0
001959,17,1,Urbano,Lima Metropolitana,Ladrillo o Bloque de cemento,Pozo,Hombre,Ocupado,4,3,1.33,51.0,10.0,6.0,0
001960,18,1,Rural,Selva,Adobe,Pozo,Mujer,Ocupado,4,3,1.33,36.0,5.0,2.0,1
001961,19,1,Urbano,Selva,Adobe,Red publica dentro de la vivienda,Mujer,Ocupado,4,4,1.0,42.0,12.0,3.0,0
001962,12,1,Rural,Sierra Sur,Madera,Red publica dentro de la vivienda,Mujer,Ocupado,4,3,1.33,49.0,12.0,4.0,1
001963,13,1,Rural,Selva,Adobe,Red publica dentro de la vivienda,Hombre,Ocupado,3,1,3.0,35.0,9.0,3.0,0
001964,13,1,Urbano,Costa Centro,Madera,Red publica dentro de la vivienda,Hombre,Ocupado,4,1,4.0,28.0,11.0,3.0,1
001965,13,1,Urbano,Lima Metropolitana,Ladrillo o Bloque de cemento,Red publica dentro de la vivienda,Mujer,Ocupado,4,2,2.0,62.0,10.0,3.0,0
001966,3,1,Rural,Costa Norte,Madera,"Rio, acequia o manantial",Hombre,Ocupado,7,4,1.75,24.0,11.0,1.0,0
001967,6,1,Urbano,Lima Metropolitana,Adobe,Red publica dentro de la vivienda,Hombre,Inactivo,3,2,1.5,72.0,12.0,5.0,0
001968,16,1,Urbano,Lima Metropolitana,Otro material,Red publica fuera de la vivienda,Mujer,Ocupado,6,2,3.0,37.0,,6.0,0
001969,4,1,Rural,Sierra Sur,,Red publica dentro de la vivienda,Hombre,Ocupado,5,4,1.25,56.0,8.0,3.0,1
001970,13,1,Urbano,Selva,Ladrillo o Bloque de cemento,Red publica dentro de la vivienda,Hombre,Ocupado,6,5,1.2,57.0,7.0,3.0,0
001971,12,1,Urbano,Sierra Norte,Ladrillo o Bloque de cemento,Red publica dentro de la vivienda,Hombre,Ocupado,6,4,1.5,33.0,13.0,4.0,0
001972,6,1,Urbano,Lima Metropolitana,Ladrillo o Bloque de cemento,Red publica dentro de la vivienda,Hombre,Ocupado,4,4,1.0,54.0,11.0,2.0,0
001973,5,1,Urbano,Lima Metropolitana,Ladrillo o Bloque de cemento,Red publica dentro de la vivienda,Hombre,Ocupado,3,1,3.0,50.0,12.0,5.0,1
001974,17,1,Rural,Sierra Centro,Ladrillo o Bloque de cemento,Red publica dentro de la vivienda,Hombre,Ocupado,5,1,5.0,57.0,0.0,1.0,0
001975,2,1,Urbano,Costa Centro,Ladrillo o Bloque de cemento,Pozo,Hombre,Inactivo,6,3,2.0,65.0,14.0,2.0,1
001976,2,1,Rural,Costa Sur,Ladrillo o Bloque de cemento,"Rio, acequia o manantial",Hombre,Ocupado,9,6,1.5,59.0,3.0,2.0,0
001977,3,1,Urbano,Sierra Sur,Ladrillo o Bloque de cemento,Red publica dentro de la vivienda,Hombre,Ocupado,5,1,5.0,36.0,9.0,3.0,0
001978,14,1,Urbano,Lima Metropolitana,Ladrillo o Bloque de cemento,Red publica fuera de la vivienda,Hombre,Ocupado,5,4,1.25,46.0,13.0,3.0,0
001979,16,1,Urbano,Lima Metropolitana,Ladrillo o Bloque de cemento,Red publica dentro de la vivienda,Mujer,Ocupado,4,3,1.33,36.0,12.0,5.0,0
001980,12,1,Rural,Costa Sur,Madera,Red publica dentro de la vivienda,Hombre,Ocupado,2,1,2.0,40.0,14.0,5.0,0
001981,10,1,Urbano,Lima Metropolitana,Ladrillo o Bloque de cemento,Red publica dentro de la vivienda,Mujer,Ocupado,4,3,1.33,,7.0,8.0,0
001982,11,1,Rural,Sierra Centro,Ladrillo o Bloque de cemento,"Rio, acequia o manantial",Hombre,Ocupado,5,4,1.25,56.0,5.0,4.0,1
001983,5,1,Urbano,Lima Metropolitana,Ladrillo o Bloque de cemento,Red publica dentro de la vivienda,Hombre,Ocupado,4,3,1.33,56.0,15.0,3.0,0
001984,5,1,Urbano,Sierra Norte,Ladrillo o Bloque de cemento,Red publica dentro de la vivienda,Hombre,Ocupado,4,4,1.0,52.0,10.0,6.0,0
001985,13,1,Urbano,Selva,Madera,Red publica dentro de la vivienda,Mujer,Ocupado,3,2,1.5,54.0,11.0,3.0,0
001986,6,1,Urbano,Lima Metropolitana,Adobe,Red publica dentro de la vivienda,Mujer,Ocupado,4,2,2.0,42.0,18.0,5.0,0
001987,9,1,Urbano,Sierra Norte,Ladrillo o Bloque de cemento,Pozo,Hombre,Inactivo,2,1,2.0,67.0,11.0,1.0,0
001988,6,1,Urbano,Lima Metropolitana,Otro material,Red publica dentro de la vivienda,Hombre,Ocupado,6,3,2.0,57.0,17.0,3.0,0
001989,18,1,Urbano,Lima Metropolitana,Adobe,Red publica dentro de la vivienda,Hombre,Ocupado,2,1,2.0,48.0,15.0,5.0,0
001990,11,1,Urbano,Costa Centro,Ladrillo o Bloque de cemento,Red publica dentro de la vivienda,Hombre,Ocupado,5,2,2.5,64.0,13.0,4.0,0
001991,13,1,Urbano,Costa Norte,Ladrillo o Bloque de cemento,Red publica dentro de la vivienda,Hombre,Ocupado,3,2,1.5,41.0,10.0,3.0,0
001992,13,1,Urbano,Lima Metropolitana,Ladrillo o Bloque de cemento,Red publica dentro de la vivienda,Hombre,Ocupado,5,2,2.5,50.0,7.0,3.0,1
001993,8,1,Rural,Sierra Centro,Adobe,Red publica dentro de la vivienda,Hombre,Ocupado,5,3,1.67,61.0,10.0,5.0,1
001994,4,1,Rural,Costa Norte,Madera,Red publica dentro de la vivienda,Hombre,Ocupado,4,2,2.0,31.0,8.0,7.0,1
001995,5,1,Rural,Sierra Sur,Madera,"Rio, acequia o manantial",Hombre,Inactivo,2,1,2.0,79.0,8.0,3.0,0
001996,1,1,Urbano,Lima Metropolitana,Ladrillo o Bloque de cemento,Red publica dentro de la vivienda,Hombre,Ocupado,4,3,1.33,40.0,12.0,7.0,0
001997,5,1,Rural,Sierra Norte,Madera,Red publica dentro de la vivienda,Hombre,Ocupado,4,3,1.33,42.0,4.0,7.0,0
001998,3,1,Rural,Sierra Centro,Madera,Red publica fuera de la vivienda,Mujer,Ocupado,6,6,1.0,48.0,11.0,2.0,1
001999,12,1,Urbano,Lima Metropolitana,Madera,,Hombre,Ocupado,6,3,2.0,58.0,14.0,4.0,1
002000,11,1,Urbano,Selva,Ladrillo o Bloque de cemento,Red publica dentro de la vivienda,Hombre,Ocupado,6,4,1.5,60.0,5.0,2.0,0
002001,7,1,Urbano,Lima Metropolitana,Ladrillo o Bloque de cemento,Red publica dentro de la vivienda,Hombre,Inactivo,3,3,1.0,69.0,12.0,6.0,1
002002,16,1,Urbano,Sierra Sur,Adobe,Pozo,Hombre,Ocupado,7,4,1.75,47.0,10.0,4.0,0
002003,15,1,Urbano,Lima Metropolitana,Ladrillo o Bloque de cemento,Red publica fuera de la vivienda,Hombre,Ocupado,4,2,2.0,53.0,4.0,3.0,1
002004,16,1,Urbano,Lima Metropolitana,Ladrillo o Bloque de cemento,Red publica dentro de la vivienda,Hombre,Ocupado,2,2,1.0,26.0,10.0,4.0,0
002005,5,1,Urbano,Costa Centro,Ladrillo o Bloque de cemento,Red publica fuera de la vivienda,Hombre,Ocupado,3,3,1.0,33.0,18.0,5.0,0
002006,4,1,Urbano,Lima Metropolitana,Otro material,Red publica dentro de la vivienda,Hombre,Ocupado,5,3,1.67,47.0,5.0,3.0,0
002007,1,1,Rural,Sierra Sur,Adobe,Pozo,Mujer,Ocupado,9,5,1.8,53.0,3.0,1.0,1
002008,7,1,Urbano,Costa Centro,Ladrillo o Bloque de cemento,Red publica dentro de la vivienda,Mujer,Ocupado,9,2,4.5,47.0,3.0,2.0,1
002009,2,1,Urbano,Costa Centro,Ladrillo o Bloque de cemento,Red publica dentro de la vivienda,Hombre,Ocupado,5,4,1.25,55.0,6.0,2.0,0
002010,2,1,Urbano,Lima Metropolitana,,Red publica dentro de la vivienda,Hombre,Ocupado,8,3,2.67,47.0,7.0,4.0,1
002011,8,1,Urbano,Costa Norte,Ladrillo o Bloque de cemento,Red publica dentro de la vivienda,Hombre,Ocupado,2,2,1.0,45.0,7.0,3.0,0
002012,5,1,Rural,Sierra Norte,Ladrillo o Bloque de cemento,Pozo,Hombre,Inactivo,5,3,1.67,82.0,12.0,6.0,1
002013,11,1,Rural,Costa Centro,Ladrillo o Bloque de cemento,Red publica fuera de la vivienda,Hombre,Ocupado,8,5,1.6,44.0,9.0,4.0,1
002014,4,1,Rural,Sierra Sur,Madera,"Rio, acequia o manantial",Hombre,Ocupado,2,2,1.0,62.0,6.0,5.0,0
002015,18,1,Urbano,Sierra Sur,Adobe,"Rio, acequia o manantial",Hombre,Ocupado,4,2,2.0,30.0,16.0,3.0,0
002016,1,1,Rural,Selva,Adobe,"Rio, acequia o manantial",Hombre,Ocupado,6,3,2.0,50.0,5.0,2.0,1
002017,14,1,Urbano,Sierra Norte,Adobe,Red publica dentro de la vivienda,Hombre,Ocupado,5,4,1.25,39.0,8.0,3.0,0
002018,8,1,Urbano,Costa Norte,Ladrillo o Bloque de cemento,Red publica dentro de la vivienda,Hombre,Inactivo,8,4,2.0,76.0,10.0,4.0,1
002019,9,1,Rural,Selva,Adobe,Pozo,Mujer,Ocupado,6,2,3.0,40.0,1.0,4.0,1
002020,14,1,Urbano,Sierra Centro,Ladrillo o Bloque de cemento,Red publica dentro de la vivienda,Hombre,Ocupado,3,3,1.0,48.0,5.0,4.0,0
002021,2,1,Urbano,Lima Metropolitana,Ladrillo o Bloque de cemento,Red publica dentro de la vivienda,Hombre,Ocupado,5,3,1.67,36.0,15.0,4.0,0
002022,18,1,Urbano,Costa Centro,Ladrillo o Bloque de cemento,Red publica dentro de la vivienda,Hombre,Ocupado,3,3,1.0,36.0,12.0,3.0,0
002023,6,1,Urbano,Costa Norte,Ladrillo o Bloque de cemento,Red publica dentro de la vivienda,Hombre,Ocupado,6,5,1.2,47.0,7.0,5.0,1
002024,2,1,Urbano,Sierra Norte,Ladrillo o Bloque de cemento,Red publica dentro de la vivienda,Mujer,Desocupado,4,3,1.33,53.0,12.0,3.0,1
002025,2,1,Rural,Sierra Sur,Adobe,Red publica dentro de la vivienda,Hombre,Ocupado,8,5,1.6,63.0,8.0,5.0,0
002026,14,1,Rural,Sierra Centro,Madera,Red publica dentro de la vivienda,Mujer,Ocupado,2,2,1.0,40.0,5.0,3.0,0
002027,13,1,Urbano,Lima Metropolitana,Ladrillo o Bloque de cemento,Red publica dentro de la vivienda,Hombre,Ocupado,3,2,1.5,40.0,9.0,3.0,0
002028,3,1,Rural,Sierra Centro,Ladrillo o Bloque de cemento,Red publica dentro de la vivienda,Mujer,Inactivo,6,3,2.0,66.0,9.0,6.0,1
002029,17,1,Urbano,Selva,Ladrillo o Bloque de cemento,Red publica dentro de la vivienda,Mujer,Inactivo,3,1,3.0,70.0,12.0,5.0,0
002030,17,1,Urbano,Selva,Ladrillo o Bloque de cemento,Red publica dentro de la vivienda,Mujer,Ocupado,7,4,1.75,47.0,17.0,4.0,0
002031,12,1,Urbano,Costa Norte,Ladrillo o Bloque de cemento,Red publica dentro de la vivienda,Hombre,Ocupado,6,4,1.5,55.0,12.0,5.0,0
002032,6,1,Urbano,Selva,Ladrillo o Bloque de cemento,Pozo,Mujer,Inactivo,7,5,1.4,71.0,5.0,3.0,0
002033,15,1,Urbano,Sierra Centro,Ladrillo o Bloque de cemento,Red publica dentro de la vivienda,Hombre,Inactivo,9,7,1.29,85.0,,4.0,0
002034,6,1,Rural,Sierra Sur,Adobe,Red publica fuera de la vivienda,Hombre,Ocupado,6,5,1.2,54.0,6.0,4.0,1
002035,6,1,Urbano,Costa Centro,Ladrillo o Bloque de cemento,Red publica dentro de la vivienda,Mujer,Ocupado,3,3,1.0,59.0,,4.0,0
002036,16,1,Urbano,Lima Metropolitana,Ladrillo o Bloque de cemento,Red publica dentro de la vivienda,Hombre,Ocupado,2,2,1.0,50.0,14.0,,0
002037,7,1,Urbano,Lima Metropolitana,Ladrillo o Bloque de cemento,Red publica dentro de la vivienda,Hombre,Ocupado,4,3,1.33,27.0,11.0,3.0,0
002038,14,1,Urbano,Costa Norte,Ladrillo o Bloque de cemento,Red publica dentro de la vivienda,Mujer,Ocupado,5,3,1.67,53.0,6.0,6.0,0
002039,7,1,Urbano,Selva,Ladrillo o Bloque de cemento,Red publica dentro de la vivienda,Mujer,Inactivo,3,3,1.0,67.0,16.0,3.0,0
002040,2,1,Urbano,Lima Metropolitana,Ladrillo o Bloque de cemento,Red publica dentro de la vivienda,Hombre,Ocupado,4,2,2.0,37.0,17.0,4.0,0
002041,5,1,Rural,Sierra Norte,Madera,"Rio, acequia o manantial",Hombre,Ocupado,6,5,1.2,22.0,2.0,8.0,1
002042,6,1,Urbano,Lima Metropolitana,Adobe,Red publica fuera de la vivienda,Hombre,Ocupado,2,1,2.0,56.0,15.0,5.0,0
002043,12,1,Urbano,Lima Metropolitana,Ladrillo o Bloque de cemento,Red publica dentro de la vivienda,Hombre,Ocupado,2,2,1.0,23.0,13.0,2.0,0
002044,6,1,Urbano,Lima Metropolitana,Ladrillo o Bloque de cemento,Red publica dentro de la vivienda,Hombre,Ocupado,6,3,2.0,26.0,15.0,7.0,0
002045,17,1,Urbano,Lima Metropolitana,Ladrillo o Bloque de cemento,Red publica dentro de la vivienda,Hombre,Ocupado,4,2,2.0,25.0,17.0,5.0,0
002046,16,1,Urbano,Costa Norte,Ladrillo o Bloque de cemento,Red publica dentro de la vivienda,Hombre,Desocupado,7,6,1.17,20.0,16.0,3.0,1
002047,8,1,Urbano,Sierra Sur,Ladrillo o Bloque de cemento,Red publica dentro de la vivienda,Hombre,Ocupado,4,4,1.0,63.0,13.0,5.0,0
002048,3,1,Rural,Selva,,Red publica dentro de la vivienda,Mujer,Ocupado,3,2,1.5,50.0,,2.0,0
002049,16,1,Urbano,Costa Centro,Ladrillo o Bloque de cemento,Red publica dentro de la vivienda,Mujer,Inactivo,3,3,1.0,77.0,10.0,2.0,1
002050,1,1,Urbano,Sierra Centro,Ladrillo o Bloque de cemento,Red publica dentro de la vivienda,Hombre,Ocupado,2,2,1.0,58.0,10.0,4.0,0
002051,4,1,Rural,Lima Metropolitana,Ladrillo o Bloque de cemento,Red publica dentro de la vivienda,Hombre,Inactivo,1,1,1.0,77.0,17.0,5.0,0
002052,11,1,Rural,Costa Norte,Madera,"Rio, acequia o manantial",Hombre,Ocupado,3,1,3.0,39.0,7.0,5.0,1
002053,11,1,Urbano,Sierra Sur,Ladrillo o Bloque de cemento,Red publica dentro de la vivienda,Hombre,Ocupado,6,4,1.5,53.0,13.0,3.0,0
002054,13,1,Urbano,Lima Metropolitana,Ladrillo o Bloque de cemento,Red publica dentro de la vivienda,Hombre,Ocupado,1,1,1.0,30.0,14.0,3.0,0
002055,3,1,Urbano,Sierra Norte,Ladrillo o Bloque de cemento,Red publica dentro de la vivienda,Hombre,Desocupado,2,2,1.0,44.0,8.0,2.0,1
002056,16,1,Rural,Sierra Sur,Ladrillo o Bloque de cemento,Red publica fuera de la vivienda,Hombre,Inactivo,9,6,1.5,68.0,8.0,1.0,1
002057,15,1,Urbano,Lima Metropolitana,Ladrillo o Bloque de cemento,Red publica fuera de la vivienda,Mujer,Ocupado,8,7,1.14,47.0,10.0,5.0,0
002058,3,1,Rural,Sierra Sur,Adobe,Red publica fuera de la vivienda,Hombre,Ocupado,5,3,1.67,45.0,3.0,2.0,1
002059,17,1,Urbano,Costa Centro,Ladrillo o Bloque de cemento,Red publica dentro de la vivienda,Hombre,Ocupado,2,1,2.0,48.0,13.0,4.0,0
002060,17,1,Urbano,Costa Norte,Ladrillo o Bloque de cemento,Red publica dentro de la vivienda,Mujer,Ocupado,4,2,2.0,50.0,7.0,5.0,1
002061,6,1,Urbano,Lima Metropolitana,Ladrillo o Bloque de cemento,Red publica dentro de la vivienda,Hombre,Ocupado,4,3,1.33,50.0,15.0,2.0,0
002062,8,1,Rural,Sierra Norte,Ladrillo o Bloque de cemento,Red publica dentro de la vivienda,Hombre,Inactivo,3,1,3.0,67.0,8.0,4.0,1
002063,5,1,Urbano,Selva,Otro material,Red publica dentro de la vivienda,Mujer,Ocupado,3,2,1.5,38.0,15.0,5.0,0
002064,14,1,Rural,Costa Norte,Madera,"Rio, acequia o manantial",Mujer,Ocupado,6,4,1.5,45.0,8.0,6.0,0
002065,8,1,Rural,Sierra Sur,Adobe,"Rio, acequia o manantial",Mujer,Ocupado,4,2,2.0,49.0,3.0,3.0,0
002066,15,1,Urbano,Lima Metropolitana,Ladrillo o Bloque de cemento,Red publica dentro de la vivienda,Hombre,Ocupado,5,2,2.5,35.0,16.0,3.0,0
002067,17,1,Rural,Selva,Otro material,Red publica dentro de la vivienda,Mujer,Ocupado,1,1,1.0,42.0,10.0,6.0,0
002068,7,1,Urbano,Lima Metropolitana,Adobe,Red publica dentro de la vivienda,Mujer,Ocupado,3,3,1.0,59.0,15.0,4.0,0
002069,10,1,Rural,Sierra Norte,Madera,Pozo,Mujer,Ocupado,5,5,1.0,36.0,9.0,1.0,0
002070,15,1,Rural,Selva,Adobe,Red publica dentro de la vivienda,Hombre,Inactivo,3,2,1.5,87.0,2.0,3.0,1
002071,9,1,Urbano,Lima Metropolitana,Ladrillo o Bloque de cemento,Pozo,Hombre,Inactivo,4,3,1.33,71.0,15.0,4.0,0
002072,2,1,Urbano,Sierra Sur,,Red publica dentro de la vivienda,Hombre,Ocupado,1,1,1.0,50.0,7.0,2.0,0
002073,11,1,Rural,Sierra Norte,Otro material,Red publica dentro de la vivienda,Mujer,Ocupado,3,2,1.5,56.0,5.0,5.0,0
002074,11,1,Urbano,Lima Metropolitana,Ladrillo o Bloque de cemento,Red publica dentro de la vivienda,Hombre,Ocupado,4,2,2.0,59.0,10.0,5.0,0
002075,12,1,Rural,Sierra Centro,Adobe,Red publica fuera de la vivienda,Hombre,Ocupado,7,3,2.33,56.0,1.0,4.0,0
002076,11,1,Urbano,Selva,Ladrillo o Bloque de cemento,Red publica dentro de la vivienda,Mujer,Ocupado,3,2,1.5,49.0,12.0,3.0,0
002077,3,1,Urbano,Lima Metropolitana,Adobe,Red publica dentro de la vivienda,Hombre,Inactivo,3,3,1.0,87.0,12.0,7.0,1
002078,18,1,Rural,Costa Sur,Ladrillo o Bloque de cemento,Red publica dentro de la vivienda,Hombre,Ocupado,6,5,1.2,38.0,11.0,4.0,0
002079,18,1,Urbano,Sierra Norte,Ladrillo o Bloque de cemento,Red publica fuera de la vivienda,Mujer,Ocupado,3,2,1.5,43.0,15.0,7.0,0
002080,6,1,Urbano,Costa Norte,Madera,Red publica fuera de la vivienda,Hombre,Ocupado,6,5,1.2,49.0,12.0,4.0,1
002081,10,1,Urbano,Sierra Centro,Ladrillo o Bloque de cemento,Red publica dentro de la vivienda,Hombre,Ocupado,9,4,2.25,57.0,14.0,3.0,0
002082,18,1,Urbano,Costa Sur,Ladrillo o Bloque de cemento,Red publica dentro de la vivienda,Hombre,Inactivo,9,8,1.12,76.0,,4.0,0
002083,3,1,Urbano,Lima Metropolitana,Ladrillo o Bloque de cemento,Red publica dentro de la vivienda,Hombre,Ocupado,1,1,1.0,48.0,12.0,2.0,0
002084,18,1,Urbano,Costa Sur,Ladrillo o Bloque de cemento,Red publica dentro de la vivienda,Hombre,Ocupado,4,2,2.0,56.0,11.0,4.0,1
002085,3,1,Urbano,Lima Metropolitana,Ladrillo o Bloque de cemento,Red publica dentro de la vivienda,Hombre,Ocupado,2,1,2.0,53.0,12.0,,0
002086,4,1,Urbano,Sierra Norte,Ladrillo o Bloque de cemento,Red publica dentro de la vivienda,Mujer,Ocupado,2,1,2.0,47.0,12.0,4.0,0
002087,12,1,Urbano,Sierra Centro,Ladrillo o Bloque de cemento,Red publica dentro de la vivienda,Hombre,Inactivo,5,2,2.5,65.0,13.0,5.0,1
002088,16,1,Urbano,Sierra Centro,Ladrillo o Bloque de cemento,Red publica dentro de la vivienda,Hombre,Ocupado,5,3,1.67,54.0,7.0,4.0,0
002089,16,1,Urbano,Lima Metropolitana,Ladrillo o Bloque de cemento,Red publica dentro de la vivienda,Mujer,Ocupado,4,3,1.33,62.0,11.0,2.0,0
002090,11,1,Rural,Sierra Sur,Adobe,Red publica dentro de la vivienda,Hombre,Ocupado,6,3,2.0,44.0,9.0,3.0,1
002091,12,1,Urbano,Sierra Centro,Adobe,Red publica dentro de la vivienda,Hombre,Ocupado,5,3,1.67,40.0,9.0,5.0,0
002092,13,1,Urbano,Lima Metropolitana,Ladrillo o Bloque de cemento,Red publica dentro de la vivienda,Hombre,Ocupado,3,2,1.5,43.0,11.0,5.0,0
002093,16,1,Rural,Selva,Adobe,Red publica dentro de la vivienda,Hombre,Ocupado,4,2,2.0,52.0,10.0,5.0,0
002094,15,1,Urbano,Costa Sur,Adobe,Red publica dentro de la vivienda,Mujer,Ocupado,9,4,2.25,64.0,9.0,2.0,0
002095,18,1,Urbano,Lima Metropolitana,Ladrillo o Bloque de cemento,Red publica dentro de la vivienda,Hombre,Inactivo,4,4,1.0,77.0,14.0,2.0,0
002096,11,1,Urbano,Sierra Centro,Ladrillo o Bloque de cemento,Red publica dentro de la vivienda,Hombre,Ocupado,6,3,2.0,50.0,11.0,3.0,1
002097,5,1,Rural,Costa Norte,Otro material,Red publica fuera de la vivienda,Hombre,Inactivo,2,2,1.0,74.0,9.0,6.0,1
002098,18,1,Urbano,Sierra Sur,Adobe,Red publica dentro de la vivienda,Hombre,Ocupado,6,5,1.2,57.0,11.0,4.0,0
002099,7,1,Rural,Costa Centro,Adobe,Red publica fuera de la vivienda,Mujer,Ocupado,6,4,1.5,39.0,4.0,6.0,0
002100,3,1,Urbano,Costa Sur,Adobe,Red publica dentro de la vivienda,Hombre,Ocupado,7,4,1.75,50.0,9.0,5.0,0
002101,13,1,Urbano,Lima Metropolitana,Ladrillo o Bloque de cemento,Red publica fuera de la vivienda,Hombre,Ocupado,3,2,1.5,59.0,,3.0,0
002102,12,1,Urbano,Costa Centro,Adobe,Pozo,Mujer,Ocupado,3,1,3.0,60.0,9.0,5.0,0
002103,16,1,Urbano,Lima Metropolitana,Ladrillo o Bloque de cemento,Pozo,Hombre,Ocupado,5,2,2.5,41.0,11.0,4.0,0
002104,8,1,Urbano,Lima Metropolitana,Adobe,Red publica dentro de la vivienda,Hombre,Ocupado,5,4,1.25,43.0,11.0,2.0,0
002105,10,1,Urbano,Selva,Madera,Red publica fuera de la vivienda,Hombre,Ocupado,2,1,2.0,43.0,10.0,1.0,0
002106,15,1,Urbano,Lima Metropolitana,Adobe,Red publica dentro de la vivienda,Mujer,Ocupado,6,3,2.0,45.0,11.0,3.0,0
002107,14,1,Urbano,Lima Metropolitana,Ladrillo o Bloque de cemento,Red publica fuera de la vivienda,Hombre,Ocupado,6,3,2.0,52.0,14.0,6.0,0
002108,3,1,Urbano,Lima Metropolitana,Ladrillo o Bloque de cemento,Red publica dentro de la vivienda,Mujer,Inactivo,2,1,2.0,74.0,13.0,4.0,0
002109,5,1,Urbano,Sierra Centro,Ladrillo o Bloque de cemento,Red publica dentro de la vivienda,Hombre,Ocupado,6,4,1.5,42.0,9.0,,1
002110,6,1,Urbano,Costa Centro,Ladrillo o Bloque de cemento,Red publica dentro de la vivienda,Mujer,Ocupado,2,2,1.0,25.0,13.0,4.0,0
002111,11,1,Rural,Selva,Ladrillo o Bloque de cemento,Otro,Mujer,Desocupado,3,2,1.5,24.0,7.0,4.0,1
002112,5,1,Rural,Selva,Adobe,"Rio, acequia o manantial",Mujer,Ocupado,6,4,1.5,59.0,11.0,2.0,1
002113,4,1,Urbano,Costa Centro,Ladrillo o Bloque de cemento,Red publica dentro de la vivienda,Hombre,Ocupado,6,3,2.0,40.0,12.0,3.0,0
002114,16,1,Urbano,Selva,Ladrillo o Bloque de cemento,Red publica dentro de la vivienda,Hombre,Ocupado,4,4,1.0,52.0,11.0,2.0,0
002115,14,1,Rural,Costa Norte,Madera,Pozo,Hombre,Ocupado,2,2,1.0,38.0,6.0,4.0,0
002116,5,1,Urbano,Lima Metropolitana,Ladrillo o Bloque de cemento,Red publica dentro de la vivienda,Hombre,Ocupado,5,4,1.25,46.0,13.0,7.0,0
002117,16,1,Urbano,Sierra Norte,Adobe,Red publica fuera de la vivienda,Hombre,Ocupado,6,5,1.2,43.0,12.0,5.0,0
002118,12,1,Urbano,Costa Norte,Adobe,Red publica dentro de la vivienda,Hombre,Ocupado,8,4,2.0,38.0,11.0,4.0,0
002119,11,1,Urbano,Costa Centro,Ladrillo o Bloque de cemento,Red publica dentro de la vivienda,Hombre,Inactivo,6,4,1.5,65.0,10.0,2.0,1
002120,10,1,Rural,Sierra Norte,Madera,Red publica dentro de la vivienda,Hombre,Inactivo,6,5,1.2,66.0,9.0,4.0,1
002121,19,1,Rural,Sierra Norte,Ladrillo o Bloque de cemento,Red publica fuera de la vivienda,Hombre,Ocupado,8,7,1.14,57.0,8.0,3.0,0
002122,6,1,Urbano,Costa Norte,,Red publica dentro de la vivienda,Mujer,Inactivo,7,4,1.75,77.0,11.0,3.0,1
002123,8,1,Rural,Sierra Norte,Adobe,Red publica dentro de la vivienda,Mujer,Ocupado,2,2,1.0,30.0,9.0,4.0,0
002124,3,1,Rural,Costa Sur,Madera,Red publica fuera de la vivienda,Hombre,Ocupado,3,2,1.5,45.0,6.0,6.0,0
002125,11,1,Rural,Sierra Centro,Adobe,Red publica dentro de la vivienda,Hombre,Ocupado,4,3,1.33,43.0,7.0,3.0,1
002126,4,1,Rural,Sierra Centro,Adobe,Pozo,Mujer,Ocupado,4,3,1.33,58.0,9.0,2.0,0
002127,2,1,Rural,Sierra Centro,Adobe,Red publica dentro de la vivienda,Hombre,Ocupado,4,2,2.0,30.0,9.0,1.0,0
002128,11,1,Urbano,Sierra Norte,Ladrillo o Bloque de cemento,"Rio, acequia o manantial",Mujer,Ocupado,5,3,1.67,57.0,13.0,3.0,0
002129,3,1,Rural,Costa Norte,Adobe,Red publica dentro de la vivienda,Hombre,Ocupado,5,4,1.25,28.0,4.0,5.0,0
002130,4,1,Urbano,Costa Norte,Ladrillo o Bloque de cemento,Red publica dentro de la vivienda,Mujer,Ocupado,5,2,2.5,58.0,12.0,2.0,0
002131,12,1,Urbano,Costa Sur,Ladrillo o Bloque de cemento,Red publica dentro de la vivienda,Hombre,Ocupado,6,5,1.2,64.0,11.0,8.0,0
002132,16,1,Urbano,Lima Metropolitana,Ladrillo o Bloque de cemento,Red publica dentro de la vivienda,Hombre,Ocupado,5,3,1.67,32.0,14.0,4.0,0
002133,19,1,Urbano,Lima Metropolitana,Otro material,Otro,Mujer,Ocupado,4,2,2.0,43.0,18.0,2.0,0
002134,5,1,Urbano,Lima Metropolitana,Ladrillo o Bloque de cemento,Red publica dentro de la vivienda,Mujer,Inactivo,2,1,2.0,65.0,12.0,6.0,1
002135,2,1,Urbano,Selva,Ladrillo o Bloque de cemento,Red publica dentro de la vivienda,Hombre,Inactivo,3,2,1.5,67.0,11.0,1.0,1
002136,9,1,Rural,Selva,Adobe,Pozo,Hombre,Ocupado,8,7,1.14,28.0,5.0,5.0,0
002137,2,1,Urbano,Sierra Norte,Ladrillo o Bloque de cemento,Red publica dentro de la vivienda,Mujer,Ocupado,4,3,1.33,53.0,10.0,7.0,0
002138,18,1,Urbano,Lima Metropolitana,Ladrillo o Bloque de cemento,Red publica dentro de la vivienda,Hombre,Ocupado,5,3,1.67,57.0,10.0,7.0,0
002139,3,1,Urbano,Lima Metropolitana,Ladrillo o Bloque de cemento,Otro,Hombre,Ocupado,5,3,1.67,48.0,9.0,8.0,0
002140,15,1,Urbano,Lima Metropolitana,Adobe,Red publica dentro de la vivienda,Hombre,Inactivo,6,4,1.5,68.0,6.0,3.0,1
002141,12,1,Rural,Lima Metropolitana,Adobe,Red publica dentro de la vivienda,Mujer,Ocupado,9,6,1.5,40.0,6.0,3.0,0
002142,12,1,Urbano,Sierra Sur,Ladrillo o Bloque de cemento,Pozo,Hombre,Ocupado,4,4,1.0,42.0,,4.0,0
002143,14,1,Urbano,Lima Metropolitana,Madera,Red publica dentro de la vivienda,Hombre,Ocupado,4,4,1.0,39.0,12.0,5.0,0
002144,14,1,Urbano,Lima Metropolitana,Adobe,Red publica dentro de la vivienda,Hombre,Ocupado,4,3,1.33,51.0,11.0,4.0,0
002145,12,1,Rural,Sierra Norte,Adobe,"Rio, acequia o manantial",Hombre,Ocupado,5,4,1.25,44.0,10.0,4.0,1
002146,7,1,Urbano,Lima Metropolitana,Ladrillo o Bloque de cemento,Red publica dentro de la vivienda,Mujer,Ocupado,5,3,1.67,60.0,13.0,7.0,0
002147,3,1,Rural,Costa Norte,Adobe,Red publica fuera de la vivienda,Mujer,Ocupado,5,4,1.25,43.0,9.0,4.0,0
002148,14,1,Urbano,Lima Metropolitana,Adobe,Red publica dentro de la vivienda,Hombre,Ocupado,3,1,3.0,46.0,16.0,3.0,1
002149,10,1,Urbano,Lima Metropolitana,Ladrillo o Bloque de cemento,Red publica dentro de la vivienda,Hombre,Ocupado,3,1,3.0,52.0,17.0,3.0,0
002150,9,1,Urbano,Costa Norte,Ladrillo o Bloque de cemento,Red publica dentro de la vivienda,Hombre,Ocupado,5,4,1.25,37.0,14.0,,0
002151,7,1,Urbano,Lima Metropolitana,Ladrillo o Bloque de cemento,Red publica dentro de la vivienda,Hombre,Ocupado,6,4,1.5,63.0,10.0,1.0,0
002152,17,1,Urbano,Costa Norte,Adobe,Red publica dentro de la vivienda,Hombre,Ocupado,3,3,1.0,58.0,14.0,4.0,0
002153,12,1,Urbano,Lima Metropolitana,Ladrillo o Bloque de cemento,Red publica dentro de la vivienda,Hombre,Ocupado,4,3,1.33,58.0,14.0,6.0,0
002154,4,1,Urbano,Lima Metropolitana,Ladrillo o Bloque de cemento,Pozo,Mujer,Ocupado,7,7,1.0,34.0,17.0,4.0,0
002155,1,1,Rural,Selva,Ladrillo o Bloque de cemento,Pozo,Mujer,Inactivo,3,3,1.0,70.0,7.0,4.0,0
002156,19,1,Urbano,Lima Metropolitana,Ladrillo o Bloque de cemento,Red publica dentro de la vivienda,Hombre,Desocupado,6,5,1.2,23.0,16.0,3.0,1
002157,18,1,Urbano,Costa Norte,Ladrillo o Bloque de cemento,Red publica dentro de la vivienda,Mujer,Ocupado,6,5,1.2,59.0,11.0,4.0,0
002158,7,1,Urbano,Sierra Norte,Adobe,Red publica dentro de la vivienda,Hombre,Ocupado,3,1,3.0,51.0,11.0,8.0,0
002159,18,1,Rural,Sierra Sur,Ladrillo o Bloque de cemento,Red publica dentro de la vivienda,Mujer,Ocupado,9,4,2.25,58.0,9.0,5.0,0
002160,13,1,Urbano,Costa Norte,Madera,Red publica dentro de la vivienda,Hombre,Ocupado,7,3,2.33,46.0,10.0,2.0,1
002161,13,1,Rural,Sierra Sur,Otro material,"Rio, acequia o manantial",Hombre,Ocupado,4,3,1.33,50.0,8.0,5.0,0
002162,13,1,Urbano,Sierra Norte,Madera,Red publica dentro de la vivienda,Mujer,Ocupado,3,3,1.0,59.0,6.0,3.0,0
002163,15,1,Rural,Sierra Centro,Madera,Red publica dentro de la vivienda,Mujer,Ocupado,4,4,1.0,49.0,8.0,3.0,0
002164,8,1,Rural,Sierra Sur,Madera,Red publica dentro de la vivienda,Hombre,Ocupado,5,3,1.67,52.0,2.0,5.0,1
002165,12,1,Urbano,Lima Metropolitana,Ladrillo o Bloque de cemento,Red publica fuera de la vivienda,Hombre,Ocupado,8,8,1.0,52.0,14.0,4.0,0
002166,14,1,Urbano,Sierra Norte,Ladrillo o Bloque de cemento,Red publica dentro de la vivienda,Hombre,Inactivo,4,4,1.0,80.0,1.0,4.0,1
002167,9,1,Urbano,Lima Metropolitana,Ladrillo o Bloque de cemento,Pozo,Hombre,Ocupado,3,3,1.0,26.0,7.0,5.0,0
002168,2,1,Urbano,Sierra Sur,Ladrillo o Bloque de cemento,Red publica dentro de la vivienda,Mujer,Inactivo,3,2,1.5,67.0,11.0,3.0,0
002169,17,1,Urbano,Sierra Norte,Ladrillo o Bloque de cemento,Red publica dentro de la vivienda,Hombre,Ocupado,3,1,3.0,55.0,11.0,2.0,0
002170,1,1,Rural,Selva,Adobe,"Rio, acequia o manantial",Hombre,Ocupado,1,1,1.0,53.0,6.0,2.0,0
002171,1,1,Rural,Sierra Sur,Adobe,,Hombre,Ocupado,6,3,2.0,31.0,9.0,,1
002172,8,1,Rural,Sierra Norte,Adobe,Red publica fuera de la vivienda,Hombre,Inactivo,5,3,1.67,65.0,9.0,5.0,1
002173,6,1,Urbano,Selva,,,Hombre,Ocupado,6,4,1.5,33.0,18.0,5.0,0
002174,19,1,Urbano,Costa Centro,Ladrillo o Bloque de cemento,Red publica dentro de la vivienda,Hombre,Inactivo,6,3,2.0,69.0,11.0,5.0,1
002175,17,1,Rural,Sierra Centro,Otro material,"Rio, acequia o manantial",Mujer,Ocupado,3,2,1.5,41.0,10.0,1.0,1
002176,2,1,Urbano,Selva,Ladrillo o Bloque de cemento,,Mujer,Inactivo,6,2,3.0,69.0,8.0,4.0,1
002177,8,1,Rural,Sierra Sur,Otro material,Red publica fuera de la vivienda,Mujer,Desocupado,4,2,2.0,39.0,5.0,4.0,1
002178,18,1,Urbano,Lima Metropolitana,Ladrillo o Bloque de cemento,Red publica dentro de la vivienda,Hombre,Ocupado,7,5,1.4,36.0,10.0,8.0,0
002179,13,1,Rural,Sierra Norte,Adobe,"Rio, acequia o manantial",Mujer,Ocupado,5,3,1.67,47.0,6.0,2.0,1
002180,16,1,Urbano,Lima Metropolitana,Ladrillo o Bloque de cemento,Red publica dentro de la vivienda,Hombre,Ocupado,3,3,1.0,38.0,,7.0,0
002181,7,1,Urbano,Lima Metropolitana,Ladrillo o Bloque de cemento,Otro,Hombre,Ocupado,5,2,2.5,45.0,16.0,5.0,0
002182,8,1,Urbano,Lima Metropolitana,Ladrillo o Bloque de cemento,Red publica dentro de la vivienda,Hombre,Inactivo,2,1,2.0,72.0,14.0,3.0,1
002183,5,1,Urbano,Lima Metropolitana,Ladrillo o Bloque de cemento,Red publica dentro de la vivienda,Hombre,Ocupado,3,1,3.0,41.0,17.0,5.0,1
002184,4,1,Rural,Costa Centro,Madera,Pozo,Mujer,Ocupado,7,3,2.33,51.0,11.0,3.0,1
002185,17,1,Rural,Selva,,Red publica dentro de la vivienda,Mujer,Inactivo,3,2,1.5,71.0,7.0,3.0,1
002186,17,1,Rural,Costa Centro,Madera,Red publica fuera de la vivienda,Hombre,Ocupado,4,3,1.33,52.0,6.0,2.0,0
002187,6,1,Urbano,Lima Metropolitana,Ladrillo o Bloque de cemento,Red publica dentro de la vivienda,Mujer,Inactivo,5,3,1.67,65.0,8.0,1.0,1
002188,6,1,Rural,Selva,Adobe,"Rio, acequia o manantial",Hombre,Ocupado,5,4,1.25,57.0,5.0,5.0,0
002189,9,1,Rural,Sierra Norte,Ladrillo o Bloque de cemento,Red publica dentro de la vivienda,Mujer,Ocupado,5,2,2.5,63.0,4.0,6.0,1
002190,11,1,Urbano,Lima Metropolitana,Ladrillo o Bloque de cemento,Red publica dentro de la vivienda,Hombre,Ocupado,6,4,1.5,48.0,10.0,3.0,0
002191,19,1,Urbano,Costa Centro,Adobe,Red publica dentro de la vivienda,Hombre,Ocupado,3,2,1.5,57.0,10.0,2.0,0
002192,13,1,Rural,Selva,Ladrillo o Bloque de cemento,Red publica fuera de la vivienda,Hombre,Inactivo,6,3,2.0,74.0,8.0,2.0,1
002193,18,1,Urbano,Lima Metropolitana,Ladrillo o Bloque de cemento,Red publica dentro de la vivienda,Hombre,Desocupado,3,2,1.5,44.0,13.0,5.0,1
002194,15,1,Urbano,Costa Norte,Adobe,Red publica dentro de la vivienda,Mujer,Ocupado,4,3,1.33,55.0,14.0,3.0,0
002195,11,1,Rural,Selva,Adobe,Pozo,Hombre,Ocupado,3,2,1.5,39.0,8.0,2.0,0
002196,13,1,Urbano,Lima Metropolitana,Ladrillo o Bloque de cemento,Pozo,Hombre,Ocupado,3,3,1.0,63.0,11.0,4.0,0
002197,4,1,Rural,Costa Norte,Madera,"Rio, acequia o manantial",Hombre,Ocupado,5,2,2.5,25.0,9.0,5.0,0
002198,17,1,Urbano,Selva,Ladrillo o Bloque de cemento,Red publica dentro de la vivienda,Hombre,Ocupado,6,2,3.0,45.0,7.0,2.0,1
002199,15,1,Urbano,Sierra Norte,Madera,Red publica dentro de la vivienda,Hombre,Ocupado,4,4,1.0,63.0,14.0,7.0,0
002200,9,1,Urbano,Lima Metropolitana,Ladrillo o Bloque de cemento,Otro,Mujer,Ocupado,9,5,1.8,47.0,10.0,4.0,0
002201,12,1,Urbano,Costa Centro,Madera,Red publica dentro de la vivienda,Mujer,Ocupado,6,4,1.5,24.0,4.0,3.0,1
002202,8,1,Urbano,Lima Metropolitana,Ladrillo o Bloque de cemento,Red publica dentro de la vivienda,Hombre,Ocupado,4,2,2.0,38.0,14.0,6.0,0
002203,18,1,Urbano,Lima Metropolitana,Madera,"Rio, acequia o manantial",Hombre,Desocupado,3,2,1.5,39.0,12.0,4.0,0
002204,1,1,Urbano,Costa Sur,Ladrillo o Bloque de cemento,Red publica dentro de la vivienda,Hombre,Inactivo,6,3,2.0,71.0,15.0,2.0,1
002205,17,1,Urbano,Sierra Norte,Ladrillo o Bloque de cemento,Red publica fuera de la vivienda,Mujer,Ocupado,7,3,2.33,60.0,14.0,6.0,1
002206,19,1,Urbano,Selva,Ladrillo o Bloque de cemento,Red publica dentro de la vivienda,Hombre,Ocupado,3,2,1.5,61.0,8.0,3.0,1
002207,4,1,Urbano,Lima Metropolitana,Madera,Red publica dentro de la vivienda,Mujer,Ocupado,5,4,1.25,31.0,17.0,6.0,0
002208,8,1,Rural,Sierra Sur,Adobe,Red publica fuera de la vivienda,Mujer,Ocupado,5,3,1.67,49.0,0.0,3.0,0
002209,15,1,Urbano,Costa Centro,Ladrillo o Bloque de cemento,Red publica dentro de la vivienda,Hombre,Inactivo,7,5,1.4,70.0,12.0,4.0,0
002210,12,1,Urbano,Costa Centro,Ladrillo o Bloque de cemento,Red publica dentro de la vivienda,Mujer,Ocupado,3,2,1.5,61.0,16.0,6.0,0
002211,17,1,Rural,Lima Metropolitana,Adobe,Red publica dentro de la vivienda,Hombre,Ocupado,4,2,2.0,42.0,5.0,3.0,0
002212,6,1,Rural,Sierra Sur,Adobe,Red publica fuera de la vivienda,Hombre,Ocupado,3,1,3.0,60.0,13.0,8.0,0
002213,18,1,Rural,Lima Metropolitana,Ladrillo o Bloque de cemento,Red publica fuera de la vivienda,Hombre,Ocupado,1,1,1.0,31.0,9.0,5.0,0
002214,5,1,Rural,Sierra Sur,Ladrillo o Bloque de cemento,"Rio, acequia o manantial",Mujer,Ocupado,5,3,1.67,37.0,8.0,4.0,0
002215,12,1,Urbano,Lima Metropolitana,Ladrillo o Bloque de cemento,Red publica dentro de la vivienda,Mujer,Ocupado,7,4,1.75,22.0,16.0,2.0,0
002216,14,1,Urbano,Costa Norte,Ladrillo o Bloque de cemento,Red publica dentro de la vivienda,Hombre,Ocupado,4,3,1.33,47.0,12.0,4.0,0
002217,2,1,Urbano,Costa Centro,Ladrillo o Bloque de cemento,Red publica dentro de la vivienda,Hombre,Ocupado,2,1,2.0,58.0,7.0,2.0,0
002218,9,1,Rural,Lima Metropolitana,Ladrillo o Bloque de cemento,Pozo,Mujer,Ocupado,3,2,1.5,35.0,0.0,2.0,0
002219,14,1,Urbano,Lima Metropolitana,Ladrillo o Bloque de cemento,Red publica dentro de la vivienda,Hombre,Ocupado,5,4,1.25,47.0,9.0,,0
002220,15,1,Urbano,Sierra Norte,,Red publica dentro de la vivienda,Hombre,Ocupado,7,3,2.33,37.0,8.0,4.0,0
002221,19,1,Urbano,Sierra Centro,Madera,Red publica fuera de la vivienda,Mujer,Ocupado,7,4,1.75,40.0,8.0,7.0,1
002222,15,1,Urbano,Sierra Sur,Madera,Red publica dentro de la vivienda,Hombre,Ocupado,8,5,1.6,34.0,9.0,5.0,1
002223,5,1,Urbano,Sierra Sur,Ladrillo o Bloque de cemento,Red publica dentro de la vivienda,Hombre,Inactivo,2,1,2.0,66.0,2.0,3.0,1
002224,13,1,Urbano,Costa Sur,Ladrillo o Bloque de cemento,,Hombre,Ocupado,4,2,2.0,,7.0,4.0,0
002225,11,1,Urbano,Lima Metropolitana,Ladrillo o Bloque de cemento,Red publica dentro de la vivienda,Hombre,Ocupado,4,3,1.33,45.0,14.0,2.0,0
002226,13,1,Urbano,Sierra Norte,Ladrillo o Bloque de cemento,Red publica dentro de la vivienda,Mujer,Ocupado,3,2,1.5,41.0,14.0,4.0,0
002227,11,1,Urbano,Lima Metropolitana,Ladrillo o Bloque de cemento,Red publica dentro de la vivienda,Hombre,Ocupado,6,3,2.0,53.0,10.0,3.0,0
002228,15,1,Rural,Costa Norte,Adobe,Red publica dentro de la vivienda,Mujer,Inactivo,1,1,1.0,84.0,9.0,4.0,0
002229,18,1,Rural,Costa Norte,Adobe,Pozo,Hombre,Inactivo,2,2,1.0,88.0,0.0,2.0,1
002230,4,1,Urbano,Lima Metropolitana,Ladrillo o Bloque de cemento,Red publica fuera de la vivienda,Hombre,Ocupado,1,1,1.0,46.0,13.0,5.0,0
002231,8,1,Urbano,Sierra Centro,Otro material,Red publica dentro de la vivienda,Hombre,Ocupado,5,3,1.67,55.0,15.0,5.0,1
002232,11,1,Urbano,Lima Metropolitana,Ladrillo o Bloque de cemento,Red publica dentro de la vivienda,Hombre,Desocupado,4,3,1.33,62.0,14.0,6.0,1
002233,2,1,Urbano,Costa Norte,Ladrillo o Bloque de cemento,Red publica dentro de la vivienda,Hombre,Inactivo,2,2,1.0,66.0,11.0,6.0,1
002234,2,1,Urbano,Lima Metropolitana,Ladrillo o Bloque de cemento,Otro,Hombre,Ocupado,5,4,1.25,58.0,4.0,4.0,1
002235,16,1,Urbano,Lima Metropolitana,Ladrillo o Bloque de cemento,Red publica fuera de la vivienda,Mujer,Ocupado,4,2,2.0,64.0,18.0,4.0,0
002236,5,1,Urbano,Lima Metropolitana,Ladrillo o Bloque de cemento,Red publica dentro de la vivienda,Hombre,Ocupado,3,2,1.5,54.0,18.0,5.0,0
002237,16,1,Urbano,Costa Centro,Ladrillo o Bloque de cemento,Pozo,Mujer,Ocupado,4,2,2.0,40.0,13.0,6.0,1
002238,18,1,Rural,Sierra Norte,Ladrillo o Bloque de cemento,Red publica dentro de la vivienda,Mujer,Desocupado,9,4,2.25,64.0,11.0,5.0,1
002239,5,1,Rural,Sierra Centro,Adobe,Red publica dentro de la vivienda,Hombre,Ocupado,8,6,1.33,51.0,7.0,4.0,0
002240,6,1,Rural,Selva,Adobe,"Rio, acequia o manantial",Hombre,Ocupado,3,3,1.0,53.0,9.0,3.0,0
002241,14,1,Rural,Sierra Norte,Ladrillo o Bloque de cemento,Red publica dentro de la vivienda,Mujer,Ocupado,3,2,1.5,30.0,9.0,2.0,0
002242,8,1,Rural,Costa Norte,Adobe,Pozo,Hombre,Ocupado,5,3,1.67,38.0,6.0,5.0,1
002243,2,1,Rural,Sierra Centro,Otro material,Red publica fuera de la vivienda,Hombre,Ocupado,6,4,1.5,43.0,4.0,4.0,1
002244,18,1,Rural,Sierra Norte,Ladrillo o Bloque de cemento,Red publica dentro de la vivienda,Hombre,Ocupado,5,4,1.25,56.0,9.0,4.0,0
002245,8,1,Rural,Sierra Centro,Ladrillo o Bloque de cemento,Red publica dentro de la vivienda,Mujer,Inactivo,3,2,1.5,74.0,13.0,2.0,1
002246,17,1,Urbano,Costa Sur,Ladrillo o Bloque de cemento,Pozo,Hombre,Ocupado,9,6,1.5,60.0,15.0,7.0,0
002247,16,1,Rural,Sierra Norte,Madera,Red publica dentro de la vivienda,Mujer,Ocupado,8,6,1.33,46.0,8.0,3.0,0
002248,13,1,Urbano,Lima Metropolitana,Otro material,Red publica dentro de la vivienda,Mujer,Ocupado,9,6,1.5,35.0,13.0,6.0,0
002249,6,1,Rural,Sierra Centro,Adobe,Otro,Mujer,Inactivo,9,7,1.29,66.0,8.0,6.0,1
002250,14,1,Urbano,Sierra Centro,Adobe,Red publica dentro de la vivienda,Mujer,Ocupado,7,5,1.4,53.0,4.0,6.0,0
002251,17,1,Urbano,Selva,Ladrillo o Bloque de cemento,Red publica dentro de la vivienda,Hombre,Desocupado,3,2,1.5,18.0,11.0,5.0,1
002252,13,1,Urbano,Lima Metropolitana,Ladrillo o Bloque de cemento,,Hombre,Ocupado,4,2,2.0,63.0,12.0,3.0,0
002253,2,1,Urbano,Sierra Centro,Adobe,Red publica dentro de la vivienda,Hombre,Ocupado,5,2,2.5,,7.0,6.0,0
002254,8,1,Rural,Selva,Madera,Pozo,Hombre,Ocupado,8,6,1.33,19.0,10.0,4.0,1
002255,4,1,Urbano,Lima Metropolitana,Ladrillo o Bloque de cemento,Red publica dentro de la vivienda,Hombre,Ocupado,4,3,1.33,57.0,13.0,3.0,0
002256,6,1,Rural,Selva,Adobe,Red publica dentro de la vivienda,Hombre,Ocupado,4,3,1.33,50.0,0.0,3.0,1
002257,7,1,Urbano,Lima Metropolitana,Ladrillo o Bloque de cemento,Red publica dentro de la vivienda,Mujer,Ocupado,8,6,1.33,30.0,13.0,5.0,0
002258,4,1,Urbano,Lima Metropolitana,Ladrillo o Bloque de cemento,Red publica dentro de la vivienda,Mujer,Inactivo,2,2,1.0,77.0,17.0,6.0,0
002259,17,1,Urbano,Costa Norte,Ladrillo o Bloque de cemento,Red publica dentro de la vivienda,Mujer,Ocupado,4,1,4.0,55.0,9.0,3.0,0
002260,6,1,Urbano,Sierra Sur,Ladrillo o Bloque de cemento,Red publica dentro de la vivienda,Hombre,Ocupado,6,3,2.0,42.0,8.0,4.0,0
002261,8,1,Urbano,Lima Metropolitana,Madera,Red publica dentro de la vivienda,Hombre,Ocupado,4,2,2.0,38.0,8.0,6.0,0
002262,10,1,Urbano,Lima Metropolitana,Ladrillo o Bloque de cemento,Red publica dentro de la vivienda,Mujer,Ocupado,4,3,1.33,46.0,13.0,7.0,0
002263,1,1,Rural,Sierra Sur,Adobe,Red publica dentro de la vivienda,Hombre,Ocupado,8,6,1.33,46.0,4.0,4.0,0
002264,16,1,Urbano,Costa Norte,,Red publica dentro de la vivienda,Mujer,Ocupado,5,3,1.67,57.0,6.0,2.0,0
002265,1,1,Rural,Selva,Ladrillo o Bloque de cemento,Red publica dentro de la vivienda,Hombre,Ocupado,4,3,1.33,45.0,12.0,,0
002266,17,1,Urbano,Costa Centro,Ladrillo o Bloque de cemento,Red publica fuera de la vivienda,Hombre,Ocupado,2,2,1.0,43.0,12.0,8.0,0
002267,1,1,Urbano,Lima Metropolitana,Ladrillo o Bloque de cemento,Red publica dentro de la vivienda,Mujer,Ocupado,9,3,3.0,51.0,11.0,3.0,1
002268,2,1,Rural,Selva,Adobe,Red publica fuera de la vivienda,Hombre,Ocupado,2,1,2.0,43.0,12.0,8.0,0
002269,16,1,Urbano,Lima Metropolitana,Ladrillo o Bloque de cemento,Red publica dentro de la vivienda,Hombre,Ocupado,9,7,1.29,47.0,13.0,4.0,0
002270,12,1,Urbano,Lima Metropolitana,Adobe,Otro,Hombre,Inactivo,5,4,1.25,68.0,12.0,3.0,1
002271,19,1,Urbano,Lima Metropolitana,Ladrillo o Bloque de cemento,Red publica dentro de la vivienda,Hombre,Ocupado,7,4,1.75,42.0,13.0,3.0,0
002272,19,1,Urbano,Selva,Ladrillo o Bloque de cemento,Red publica dentro de la vivienda,Hombre,Ocupado,5,3,1.67,46.0,9.0,3.0,0
002273,8,1,Urbano,Lima Metropolitana,Ladrillo o Bloque de cemento,Red publica dentro de la vivienda,Hombre,Desocupado,5,5,1.0,37.0,12.0,4.0,1
002274,16,1,Urbano,Lima Metropolitana,Ladrillo o Bloque de cemento,"Rio, acequia o manantial",Mujer,Ocupado,1,1,1.0,63.0,14.0,,0
002275,1,1,Urbano,Lima Metropolitana,Ladrillo o Bloque de cemento,Red publica dentro de la vivienda,Hombre,Ocupado,8,7,1.14,24.0,,4.0,0
002276,11,1,Rural,Costa Norte,Madera,Red publica dentro de la vivienda,Mujer,Ocupado,5,3,1.67,36.0,5.0,,0
002277,10,1,Urbano,Selva,Ladrillo o Bloque de cemento,Red publica dentro de la vivienda,Hombre,Ocupado,6,3,2.0,58.0,13.0,2.0,0
002278,4,1,Urbano,Costa Sur,Madera,"Rio, acequia o manantial",Mujer,Ocupado,8,5,1.6,46.0,6.0,4.0,1
002279,19,1,Urbano,Lima Metropolitana,Ladrillo o Bloque de cemento,Red publica dentro de la vivienda,Hombre,Ocupado,4,3,1.33,60.0,14.0,6.0,0
002280,15,1,Urbano,Lima Metropolitana,Ladrillo o Bloque de cemento,Red publica dentro de la vivienda,Mujer,Ocupado,4,3,1.33,45.0,18.0,5.0,0
002281,9,1,Urbano,Sierra Sur,Ladrillo o Bloque de cemento,Red publica dentro de la vivienda,Hombre,Ocupado,2,1,2.0,39.0,11.0,,0
002282,19,1,Urbano,Costa Sur,Ladrillo o Bloque de cemento,Red publica dentro de la vivienda,Hombre,Ocupado,5,3,1.67,46.0,9.0,5.0,0
002283,1,1,Rural,Sierra Centro,Madera,"Rio, acequia o manantial",Hombre,Ocupado,6,3,2.0,30.0,5.0,2.0,1
002284,3,1,Urbano,Lima Metropolitana,Ladrillo o Bloque de cemento,Red publica dentro de la vivienda,Hombre,Ocupado,4,3,1.33,36.0,14.0,3.0,0
002285,16,1,Rural,Costa Sur,Ladrillo o Bloque de cemento,"Rio, acequia o manantial",Mujer,Ocupado,4,3,1.33,61.0,7.0,7.0,0
002286,13,1,Rural,Costa Norte,Otro material,Pozo,Mujer,Ocupado,8,5,1.6,44.0,5.0,6.0,1
002287,1,1,Urbano,Lima Metropolitana,Ladrillo o Bloque de cemento,Red publica dentro de la vivienda,Hombre,Ocupado,4,2,2.0,48.0,15.0,,0
002288,3,1,Urbano,Lima Metropolitana,Ladrillo o Bloque de cemento,Otro,Mujer,Ocupado,1,1,1.0,50.0,10.0,2.0,0
002289,4,1,Urbano,Costa Sur,Ladrillo o Bloque de cemento,Red publica dentro de la vivienda,Mujer,Ocupado,5,3,1.67,26.0,14.0,6.0,1
002290,1,1,Rural,Sierra Norte,Madera,Red publica dentro de la vivienda,Mujer,Ocupado,4,2,2.0,26.0,5.0,4.0,0
002291,10,1,Urbano,Lima Metropolitana,Ladrillo o Bloque de cemento,Red publica dentro de la vivienda,Mujer,Ocupado,5,4,1.25,53.0,15.0,5.0,0
002292,5,1,Urbano,Lima Metropolitana,Madera,Red publica dentro de la vivienda,Hombre,Ocupado,7,4,1.75,42.0,,8.0,0
002293,19,1,Urbano,Selva,Ladrillo o Bloque de cemento,Red publica dentro de la vivienda,Hombre,Ocupado,3,3,1.0,45.0,5.0,3.0,0
002294,4,1,Rural,Sierra Norte,Adobe,Red publica dentro de la vivienda,Hombre,Ocupado,6,5,1.2,57.0,6.0,3.0,1
002295,1,1,Rural,Sierra Norte,Adobe,"Rio, acequia o manantial",Mujer,Ocupado,8,5,1.6,35.0,2.0,5.0,1
002296,7,1,Urbano,Costa Norte,Ladrillo o Bloque de cemento,Red publica dentro de la vivienda,Mujer,Ocupado,6,4,1.5,40.0,5.0,3.0,0
002297,10,1,Urbano,Lima Metropolitana,Otro material,Red publica dentro de la vivienda,Hombre,Ocupado,5,4,1.25,43.0,12.0,4.0,0
002298,1,1,Urbano,Costa Norte,Madera,"Rio, acequia o manantial",Hombre,Desocupado,9,4,2.25,53.0,12.0,3.0,1
002299,18,1,Urbano,Costa Norte,Ladrillo o Bloque de cemento,Red publica dentro de la vivienda,Hombre,Ocupado,4,3,1.33,43.0,6.0,1.0,0
002300,17,1,Urbano,Lima Metropolitana,Madera,Red publica dentro de la vivienda,Hombre,Ocupado,4,1,4.0,39.0,13.0,3.0,0
002301,16,1,Urbano,Lima Metropolitana,Madera,Red publica dentro de la vivienda,Hombre,Inactivo,6,6,1.0,72.0,10.0,4.0,1
002302,7,1,Urbano,Lima Metropolitana,Ladrillo o Bloque de cemento,Red publica dentro de la vivienda,Hombre,Ocupado,5,4,1.25,49.0,13.0,5.0,0
002303,13,1,Urbano,Sierra Sur,Ladrillo o Bloque de cemento,Red publica dentro de la vivienda,Mujer,Ocupado,7,4,1.75,57.0,,3.0,1
002304,4,1,Rural,Sierra Sur,Adobe,Red publica dentro de la vivienda,Hombre,Ocupado,6,4,1.5,23.0,5.0,3.0,0
002305,12,1,Urbano,Sierra Sur,Ladrillo o Bloque de cemento,,Hombre,Ocupado,4,1,4.0,30.0,7.0,5.0,1
002306,16,1,Urbano,Sierra Norte,Ladrillo o Bloque de cemento,Red publica dentro de la vivienda,Mujer,Ocupado,3,2,1.5,56.0,11.0,4.0,0
002307,13,1,Urbano,Selva,Madera,Red publica fuera de la vivienda,Hombre,Ocupado,9,7,1.29,45.0,10.0,6.0,1
002308,1,1,Rural,Sierra Sur,Madera,Red publica fuera de la vivienda,Hombre,Ocupado,7,5,1.4,43.0,5.0,4.0,0
002309,14,1,Urbano,Selva,Ladrillo o Bloque de cemento,Red publica dentro de la vivienda,Hombre,Ocupado,4,3,1.33,35.0,11.0,3.0,0
002310,6,1,Urbano,Lima Metropolitana,Ladrillo o Bloque de cemento,Red publica dentro de la vivienda,Hombre,Ocupado,4,3,1.33,62.0,12.0,5.0,0
002311,5,1,Urbano,Lima Metropolitana,Ladrillo o Bloque de cemento,Red publica dentro de la vivienda,Hombre,Ocupado,6,4,1.5,57.0,9.0,2.0,0
002312,13,1,Urbano,Costa Norte,Ladrillo o Bloque de cemento,Red publica dentro de la vivienda,Hombre,Ocupado,8,4,2.0,,14.0,5.0,0
002313,2,1,Urbano,Sierra Centro,Ladrillo o Bloque de cemento,Red publica dentro de la vivienda,Hombre,Ocupado,3,2,1.5,51.0,15.0,7.0,0
002314,9,1,Urbano,Costa Sur,Ladrillo o Bloque de cemento,Red publica dentro de la vivienda,Hombre,Ocupado,5,3,1.67,44.0,10.0,1.0,1
002315,17,1,Urbano,Sierra Centro,Ladrillo o Bloque de cemento,Red publica dentro de la vivienda,Hombre,Ocupado,2,2,1.0,38.0,12.0,5.0,0
002316,5,1,Urbano,Sierra Norte,Ladrillo o Bloque de cemento,Red publica dentro de la vivienda,Hombre,Ocupado,5,3,1.67,41.0,4.0,4.0,0
002317,16,1,Urbano,Costa Centro,Ladrillo o Bloque de cemento,Red publica dentro de la vivienda,Hombre,Desocupado,5,2,2.5,59.0,11.0,3.0,1
002318,2,1,Urbano,Lima Metropolitana,Adobe,Red publica dentro de la vivienda,Mujer,Ocupado,7,5,1.4,42.0,18.0,3.0,0
002319,14,1,Urbano,Sierra Sur,Ladrillo o Bloque de cemento,Red publica fuera de la vivienda,Hombre,Ocupado,5,4,1.25,49.0,14.0,2.0,0
002320,17,1,Urbano,Lima Metropolitana,Ladrillo o Bloque de cemento,Red publica dentro de la vivienda,Hombre,Ocupado,4,2,2.0,42.0,13.0,3.0,0
002321,15,1,Urbano,Costa Norte,Ladrillo o Bloque de cemento,Red publica dentro de la vivienda,Mujer,Ocupado,3,2,1.5,61.0,11.0,3.0,0
002322,1,1,Urbano,Costa Norte,Madera,Red publica dentro de la vivienda,Hombre,Ocupado,3,2,1.5,39.0,10.0,5.0,0
002323,6,1,Rural,Sierra Centro,Adobe,Pozo,Hombre,Inactivo,5,3,1.67,69.0,8.0,3.0,0
002324,2,1,Urbano,Costa Norte,Ladrillo o Bloque de cemento,Pozo,Hombre,Ocupado,3,2,1.5,40.0,14.0,3.0,0
002325,2,1,Rural,Sierra Norte,,Red publica fuera de la vivienda,Mujer,Ocupado,5,2,2.5,40.0,5.0,3.0,0
002326,14,1,Rural,Lima Metropolitana,Ladrillo o Bloque de cemento,Red publica dentro de la vivienda,Mujer,Inactivo,3,3,1.0,76.0,10.0,6.0,0
002327,6,1,Urbano,Costa Sur,Ladrillo o Bloque de cemento,Red publica dentro de la vivienda,Hombre,Ocupado,5,2,2.5,33.0,8.0,2.0,1
002328,2,1,Rural,Costa Sur,Madera,"Rio, acequia o manantial",Hombre,Ocupado,3,1,3.0,47.0,5.0,4.0,0
002329,2,1,Rural,Selva,Adobe,Pozo,Mujer,Desocupado,6,3,2.0,62.0,3.0,4.0,1
002330,4,1,Urbano,Sierra Sur,,Red publica fuera de la vivienda,Hombre,Ocupado,1,1,1.0,26.0,12.0,5.0,0
002331,14,1,Rural,Selva,Adobe,Pozo,Hombre,Ocupado,1,1,1.0,52.0,7.0,4.0,0
002332,3,1,Urbano,Sierra Centro,Ladrillo o Bloque de cemento,Red publica dentro de la vivienda,Hombre,Ocupado,4,4,1.0,26.0,12.0,7.0,0
002333,7,1,Urbano,Lima Metropolitana,Adobe,Red publica dentro de la vivienda,Mujer,Ocupado,3,2,1.5,49.0,13.0,5.0,0
002334,10,1,Rural,Costa Centro,Adobe,Red publica fuera de la vivienda,Hombre,Inactivo,6,4,1.5,77.0,9.0,2.0,1
002335,17,1,Rural,Sierra Sur,,"Rio, acequia o manantial",Hombre,Ocupado,6,3,2.0,18.0,13.0,4.0,1
002336,1,1,Urbano,Lima Metropolitana,Ladrillo o Bloque de cemento,Red publica dentro de la vivienda,Mujer,Ocupado,2,1,2.0,47.0,15.0,4.0,0
002337,13,1,Urbano,Lima Metropolitana,Ladrillo o Bloque de cemento,Red publica dentro de la vivienda,Hombre,Ocupado,3,2,1.5,42.0,6.0,4.0,0
002338,14,1,Urbano,Sierra Centro,Ladrillo o Bloque de cemento,Red publica dentro de la vivienda,Mujer,Ocupado,4,2,2.0,34.0,10.0,6.0,0
002339,14,1,Rural,Selva,Adobe,,Mujer,Ocupado,5,2,2.5,27.0,6.0,4.0,0
002340,15,1,Urbano,Costa Norte,Ladrillo o Bloque de cemento,Red publica dentro de la vivienda,Hombre,Ocupado,5,2,2.5,63.0,6.0,5.0,1
002341,4,1,Urbano,Costa Centro,Otro material,Red publica fuera de la vivienda,Hombre,Ocupado,3,3,1.0,51.0,14.0,2.0,0
002342,6,1,Urbano,Costa Norte,Madera,Red publica dentro de la vivienda,Hombre,Desocupado,3,3,1.0,22.0,17.0,5.0,1
002343,17,1,Urbano,Lima Metropolitana,Ladrillo o Bloque de cemento,Red publica dentro de la vivienda,Hombre,Ocupado,9,6,1.5,35.0,10.0,3.0,1
002344,9,1,Urbano,Sierra Norte,Ladrillo o Bloque de cemento,Red publica dentro de la vivienda,Mujer,Ocupado,5,2,2.5,40.0,15.0,6.0,0
002345,17,1,Urbano,Lima Metropolitana,Madera,Red publica dentro de la vivienda,Mujer,Ocupado,6,3,2.0,26.0,16.0,4.0,0
002346,9,1,Urbano,Costa Norte,Ladrillo o Bloque de cemento,Red publica dentro de la vivienda,Hombre,Ocupado,3,3,1.0,49.0,12.0,4.0,0
002347,16,1,Urbano,Lima Metropolitana,Ladrillo o Bloque de cemento,Red publica dentro de la vivienda,Mujer,Ocupado,6,5,1.2,52.0,15.0,2.0,0
002348,11,1,Urbano,Lima Metropolitana,Ladrillo o Bloque de cemento,Red publica fuera de la vivienda,Mujer,Ocupado,3,3,1.0,51.0,10.0,4.0,0
002349,7,1,Urbano,Costa Norte,Ladrillo o Bloque de cemento,Pozo,Hombre,Inactivo,6,3,2.0,76.0,15.0,6.0,0
002350,11,1,Urbano,Costa Norte,Ladrillo o Bloque de cemento,Red publica dentro de la vivienda,Hombre,Ocupado,5,4,1.25,35.0,15.0,4.0,0
002351,6,1,Urbano,Costa Norte,Madera,Red publica dentro de la vivienda,Hombre,Ocupado,2,1,2.0,41.0,13.0,3.0,0
002352,18,1,Urbano,Lima Metropolitana,Ladrillo o Bloque de cemento,Red publica dentro de la vivienda,Mujer,Ocupado,8,7,1.14,41.0,13.0,7.0,0
002353,17,1,Urbano,Costa Sur,Ladrillo o Bloque de cemento,Red publica dentro de la vivienda,Hombre,Ocupado,4,1,4.0,60.0,8.0,5.0,1
002354,4,1,Urbano,Selva,Ladrillo o Bloque de cemento,Red publica fuera de la vivienda,Hombre,Ocupado,6,5,1.2,58.0,14.0,6.0,1
002355,2,1,Rural,Sierra Sur,Ladrillo o Bloque de cemento,Red publica dentro de la vivienda,Hombre,Ocupado,5,4,1.25,32.0,7.0,5.0,0
002356,12,1,Urbano,Lima Metropolitana,Ladrillo o Bloque de cemento,Red publica dentro de la vivienda,Hombre,Inactivo,7,4,1.75,68.0,12.0,3.0,1
002357,14,1,Rural,Sierra Sur,Adobe,Pozo,Hombre,Ocupado,6,3,2.0,35.0,10.0,5.0,0
002358,17,1,Urbano,Selva,Ladrillo o Bloque de cemento,Red publica dentro de la vivienda,Mujer,Ocupado,3,2,1.5,60.0,10.0,6.0,0
002359,7,1,Urbano,Lima Metropolitana,Ladrillo o Bloque de cemento,Pozo,Hombre,Ocupado,6,4,1.5,59.0,10.0,3.0,0
002360,13,1,Urbano,Costa Centro,Madera,Red publica fuera de la vivienda,Hombre,Ocupado,4,3,1.33,54.0,14.0,2.0,0
002361,7,1,Urbano,Lima Metropolitana,Ladrillo o Bloque de cemento,Red publica dentro de la vivienda,Hombre,Ocupado,8,5,1.6,43.0,8.0,6.0,0
002362,18,1,Urbano,Costa Norte,Madera,Red publica dentro de la vivienda,Hombre,Ocupado,5,4,1.25,44.0,13.0,6.0,0
002363,10,1,Rural,Sierra Sur,Ladrillo o Bloque de cemento,Otro,Mujer,Ocupado,2,1,2.0,55.0,3.0,3.0,0
002364,14,1,Urbano,Lima Metropolitana,Ladrillo o Bloque de cemento,Red publica dentro de la vivienda,Hombre,Ocupado,8,5,1.6,55.0,7.0,3.0,0
002365,2,1,Urbano,Lima Metropolitana,Ladrillo o Bloque de cemento,Red publica dentro de la vivienda,Hombre,Ocupado,4,1,4.0,58.0,15.0,5.0,0
002366,13,1,Urbano,Lima Metropolitana,Madera,Red publica dentro de la vivienda,Hombre,Ocupado,3,2,1.5,58.0,14.0,7.0,0
002367,11,1,Urbano,Sierra Norte,Ladrillo o Bloque de cemento,Red publica dentro de la vivienda,Hombre,Ocupado,3,3,1.0,53.0,9.0,6.0,0
002368,10,1,Rural,Sierra Sur,Adobe,Red publica fuera de la vivienda,Hombre,Inactivo,8,5,1.6,68.0,3.0,1.0,0
002369,6,1,Rural,Sierra Centro,Adobe,Red publica dentro de la vivienda,Hombre,Ocupado,6,4,1.5,40.0,8.0,4.0,1
002370,8,1,Urbano,Selva,Ladrillo o Bloque de cemento,Red publica dentro de la vivienda,Hombre,Desocupado,4,3,1.33,49.0,10.0,,1
002371,10,1,Rural,Sierra Sur,Ladrillo o Bloque de cemento,Red publica dentro de la vivienda,Hombre,Ocupado,2,1,2.0,40.0,9.0,5.0,0
002372,13,1,Rural,Sierra Norte,Ladrillo o Bloque de cemento,Red publica dentro de la vivienda,Hombre,Inactivo,5,3,1.67,82.0,5.0,1.0,1
002373,12,1,Rural,Sierra Norte,Madera,Pozo,Hombre,Ocupado,9,6,1.5,59.0,5.0,8.0,0
002374,12,1,Rural,Sierra Norte,Otro material,Red publica dentro de la vivienda,Hombre,Ocupado,9,5,1.8,62.0,10.0,5.0,1
002375,9,1,Urbano,Sierra Centro,Adobe,Otro,Hombre,Ocupado,5,2,2.5,54.0,8.0,6.0,0
002376,15,1,Urbano,Costa Centro,Ladrillo o Bloque de cemento,Red publica dentro de la vivienda,Hombre,Ocupado,6,3,2.0,47.0,6.0,2.0,0
002377,4,1,Urbano,Lima Metropolitana,Ladrillo o Bloque de cemento,Red publica dentro de la vivienda,Hombre,Inactivo,5,3,1.67,85.0,10.0,3.0,0
002378,7,1,Rural,Selva,Adobe,Red publica dentro de la vivienda,Hombre,Inactivo,6,3,2.0,65.0,7.0,4.0,1
002379,3,1,Urbano,Costa Centro,Ladrillo o Bloque de cemento,Red publica dentro de la vivienda,Hombre,Ocupado,4,3,1.33,44.0,17.0,2.0,0
002380,4,1,Urbano,Lima Metropolitana,Ladrillo o Bloque de cemento,Red publica dentro de la vivienda,Mujer,Ocupado,2,2,1.0,44.0,13.0,5.0,0
002381,14,1,Urbano,Lima Metropolitana,Ladrillo o Bloque de cemento,Red publica dentro de la vivienda,Mujer,Ocupado,9,6,1.5,51.0,10.0,3.0,0
002382,9,1,Urbano,Costa Sur,Ladrillo o Bloque de cemento,Red publica dentro de la vivienda,Hombre,Ocupado,5,2,2.5,40.0,8.0,8.0,1
002383,3,1,Rural,Costa Centro,Adobe,Red publica dentro de la vivienda,Hombre,Ocupado,6,5,1.2,43.0,8.0,4.0,0
002384,12,1,Urbano,Costa Norte,Otro material,Red publica dentro de la vivienda,Hombre,Ocupado,4,4,1.0,27.0,5.0,4.0,1
002385,19,1,Urbano,Costa Norte,Ladrillo o Bloque de cemento,Red publica dentro de la vivienda,Hombre,Ocupado,4,2,2.0,18.0,5.0,2.0,0
002386,16,1,Urbano,Lima Metropolitana,Madera,Red publica dentro de la vivienda,Hombre,Inactivo,1,1,1.0,76.0,13.0,7.0,0
002387,15,1,Urbano,Lima Metropolitana,Ladrillo o Bloque de cemento,Red publica dentro de la vivienda,Mujer,Ocupado,6,3,2.0,41.0,15.0,,1
002388,11,1,Urbano,Costa Norte,Ladrillo o Bloque de cemento,Red publica fuera de la vivienda,Hombre,Ocupado,6,4,1.5,44.0,14.0,3.0,0
002389,13,1,Urbano,Lima Metropolitana,Ladrillo o Bloque de cemento,Red publica dentro de la vivienda,Hombre,Ocupado,4,2,2.0,49.0,14.0,5.0,0
002390,14,1,Rural,Costa Norte,Madera,Red publica dentro de la vivienda,Mujer,Desocupado,5,2,2.5,,10.0,2.0,1
002391,2,1,Urbano,Selva,Ladrillo o Bloque de cemento,Red publica dentro de la vivienda,Mujer,Ocupado,7,4,1.75,59.0,10.0,4.0,0
002392,18,1,Urbano,Lima Metropolitana,Ladrillo o Bloque de cemento,Red publica dentro de la vivienda,Hombre,Ocupado,7,6,1.17,62.0,11.0,1.0,0
002393,12,1,Urbano,Sierra Centro,Ladrillo o Bloque de cemento,Red publica dentro de la vivienda,Mujer,Ocupado,4,2,2.0,56.0,11.0,3.0,1
002394,18,1,Urbano,Costa Norte,Madera,Red publica dentro de la vivienda,Hombre,Ocupado,5,3,1.67,44.0,12.0,3.0,0
002395,2,1,Urbano,Selva,Ladrillo o Bloque de cemento,Pozo,Hombre,Inactivo,4,3,1.33,66.0,18.0,5.0,1
002396,15,1,Urbano,Lima Metropolitana,Ladrillo o Bloque de cemento,Red publica dentro de la vivienda,Hombre,Ocupado,2,2,1.0,46.0,12.0,,0
002397,8,1,Rural,Sierra Norte,Madera,"Rio, acequia o manantial",Hombre,Ocupado,3,1,3.0,62.0,7.0,2.0,1
002398,7,1,Urbano,Costa Sur,Ladrillo o Bloque de cemento,Red publica dentro de la vivienda,Hombre,Ocupado,9,6,1.5,26.0,17.0,4.0,1
002399,14,1,Urbano,Costa Centro,Ladrillo o Bloque de cemento,Red publica dentro de la vivienda,Hombre,Inactivo,7,6,1.17,66.0,13.0,5.0,1
002400,10,1,Urbano,Selva,Ladrillo o Bloque de cemento,Red publica dentro de la vivienda,Mujer,Ocupado,4,3,1.33,36.0,6.0,3.0,1
002401,3,1,Urbano,Selva,Ladrillo o Bloque de cemento,Red publica dentro de la vivienda,Mujer,Ocupado,3,2,1.5,28.0,17.0,5.0,0
002402,6,1,Urbano,Lima Metropolitana,Ladrillo o Bloque de cemento,Red publica dentro de la vivienda,Hombre,Ocupado,4,3,1.33,30.0,14.0,3.0,0
002403,14,1,Urbano,Lima Metropolitana,Ladrillo o Bloque de cemento,Red publica dentro de la vivienda,Hombre,Ocupado,3,2,1.5,51.0,3.0,2.0,0
002404,7,1,Urbano,Lima Metropolitana,Ladrillo o Bloque de cemento,Red publica dentro de la vivienda,Mujer,Inactivo,3,2,1.5,80.0,11.0,2.0,0
002405,8,1,Urbano,Lima Metropolitana,Ladrillo o Bloque de cemento,Red publica fuera de la vivienda,Hombre,Ocupado,2,1,2.0,45.0,10.0,2.0,0
002406,2,1,Rural,Sierra Norte,Adobe,Pozo,Hombre,Ocupado,4,2,2.0,46.0,5.0,2.0,1
002407,14,1,Urbano,Selva,Otro material,Red publica dentro de la vivienda,Hombre,Ocupado,7,5,1.4,59.0,11.0,3.0,0
002408,2,1,Urbano,Sierra Norte,Ladrillo o Bloque de cemento,Red publica dentro de la vivienda,Mujer,Desocupado,3,3,1.0,40.0,13.0,4.0,1
002409,15,1,Urbano,Sierra Norte,Ladrillo o Bloque de cemento,Red publica dentro de la vivienda,Hombre,Ocupado,4,2,2.0,46.0,15.0,2.0,1
002410,7,1,Urbano,Lima Metropolitana,Adobe,Red publica fuera de la vivienda,Hombre,Ocupado,7,4,1.75,43.0,17.0,8.0,0
002411,17,1,Urbano,Lima Metropolitana,Ladrillo o Bloque de cemento,Red publica dentro de la vivienda,Mujer,Inactivo,4,3,1.33,76.0,18.0,4.0,0
002412,16,1,Urbano,Lima Metropolitana,Ladrillo o Bloque de cemento,Red publica dentro de la vivienda,Hombre,Ocupado,4,4,1.0,49.0,12.0,4.0,0
002413,11,1,Rural,Sierra Sur,Madera,Red publica dentro de la vivienda,Hombre,Ocupado,6,5,1.2,58.0,0.0,4.0,1
002414,12,1,Urbano,Selva,Adobe,Red publica dentro de la vivienda,Mujer,Ocupado,5,2,2.5,38.0,3.0,7.0,1
002415,17,1,Rural,Sierra Sur,Otro material,"Rio, acequia o manantial",Hombre,Ocupado,5,2,2.5,32.0,9.0,4.0,1
002416,19,1,Urbano,Costa Centro,Ladrillo o Bloque de cemento,Red publica dentro de la vivienda,Hombre,Ocupado,3,2,1.5,57.0,11.0,3.0,0
002417,19,1,Urbano,Costa Sur,Ladrillo o Bloque de cemento,Red publica dentro de la vivienda,Hombre,Ocupado,2,1,2.0,52.0,16.0,4.0,0
002418,3,1,Rural,Selva,Ladrillo o Bloque de cemento,Red publica dentro de la vivienda,Mujer,Ocupado,6,4,1.5,62.0,8.0,4.0,0
002419,13,1,Rural,Costa Norte,Ladrillo o Bloque de cemento,Red publica dentro de la vivienda,Mujer,Ocupado,2,1,2.0,36.0,1.0,3.0,1
002420,11,1,Urbano,Lima Metropolitana,Ladrillo o Bloque de cemento,Red publica dentro de la vivienda,Hombre,Ocupado,4,3,1.33,47.0,11.0,2.0,1
002421,12,1,Rural,Costa Centro,Adobe,Otro,Mujer,Ocupado,4,2,2.0,30.0,8.0,4.0,0
002422,14,1,Rural,Costa Sur,Ladrillo o Bloque de cemento,"Rio, acequia o manantial",Hombre,Ocupado,3,2,1.5,41.0,3.0,2.0,0
002423,2,1,Urbano,Lima Metropolitana,Ladrillo o Bloque de cemento,Red publica dentro de la vivienda,Hombre,Ocupado,7,2,3.5,28.0,17.0,5.0,0
002424,6,1,Urbano,Costa Norte,Ladrillo o Bloque de cemento,Red publica dentro de la vivienda,Hombre,Ocupado,7,4,1.75,44.0,10.0,7.0,0
002425,15,1,Urbano,Lima Metropolitana,Ladrillo o Bloque de cemento,Red publica dentro de la vivienda,Hombre,Inactivo,4,4,1.0,66.0,11.0,2.0,0
002426,11,1,Urbano,Lima Metropolitana,Ladrillo o Bloque de cemento,Pozo,Mujer,Ocupado,3,2,1.5,36.0,7.0,6.0,0
002427,4,1,Rural,Costa Norte,Otro material,Pozo,Hombre,Ocupado,3,2,1.5,36.0,13.0,5.0,1
002428,18,1,Urbano,Lima Metropolitana,Ladrillo o Bloque de cemento,Red publica dentro de la vivienda,Hombre,Ocupado,4,3,1.33,46.0,12.0,3.0,0
002429,17,1,Urbano,Lima Metropolitana,Madera,Red publica dentro de la vivienda,Hombre,Ocupado,5,3,1.67,45.0,13.0,7.0,0
002430,17,1,Urbano,Lima Metropolitana,Ladrillo o Bloque de cemento,Red publica dentro de la vivienda,Hombre,Ocupado,3,3,1.0,59.0,10.0,3.0,0
002431,3,1,Rural,Lima Metropolitana,Adobe,Otro,Mujer,Ocupado,4,3,1.33,30.0,7.0,1.0,0
002432,14,1,Urbano,Lima Metropolitana,Madera,Red publica dentro de la vivienda,Hombre,Ocupado,4,2,2.0,18.0,13.0,6.0,0
002433,5,1,Rural,Selva,Madera,"Rio, acequia o manantial",Hombre,Ocupado,4,2,2.0,49.0,8.0,2.0,0
002434,17,1,Rural,Sierra Norte,Madera,Red publica dentro de la vivienda,Hombre,Inactivo,7,5,1.4,72.0,8.0,5.0,0
002435,9,1,Urbano,Lima Metropolitana,Ladrillo o Bloque de cemento,Red publica dentro de la vivienda,Mujer,Ocupado,3,2,1.5,45.0,16.0,5.0,0
002436,6,1,Urbano,Lima Metropolitana,Madera,Red publica fuera de la vivienda,Hombre,Ocupado,2,2,1.0,54.0,15.0,6.0,0
002437,6,1,Rural,Selva,Adobe,Pozo,Hombre,Ocupado,2,2,1.0,47.0,8.0,2.0,0
002438,13,1,Urbano,Lima Metropolitana,Ladrillo o Bloque de cemento,Red publica dentro de la vivienda,Hombre,Ocupado,8,6,1.33,58.0,10.0,3.0,0
002439,10,1,Urbano,Sierra Sur,Ladrillo o Bloque de cemento,Red publica dentro de la vivienda,Hombre,Ocupado,7,5,1.4,44.0,10.0,2.0,0
002440,7,1,Urbano,Lima Metropolitana,Ladrillo o Bloque de cemento,Red publica dentro de la vivienda,Hombre,Ocupado,8,5,1.6,47.0,9.0,5.0,0
002441,19,1,Urbano,Lima Metropolitana,Adobe,Red publica dentro de la vivienda,Mujer,Inactivo,5,3,1.67,71.0,11.0,3.0,0
002442,6,1,Urbano,Costa Centro,Ladrillo o Bloque de cemento,Red publica dentro de la vivienda,Hombre,Ocupado,9,5,1.8,64.0,12.0,4.0,1
002443,11,1,Urbano,Costa Sur,Adobe,Red publica dentro de la vivienda,Hombre,Ocupado,4,4,1.0,38.0,12.0,4.0,0
002444,19,1,Urbano,Selva,Ladrillo o Bloque de cemento,Red publica dentro de la vivienda,Mujer,Ocupado,4,2,2.0,39.0,13.0,3.0,0
002445,6,1,Rural,Sierra Sur,Madera,Red publica dentro de la vivienda,Mujer,Ocupado,9,3,3.0,40.0,11.0,4.0,1
002446,12,1,Rural,Selva,Adobe,Red publica dentro de la vivienda,Mujer,Ocupado,3,2,1.5,32.0,2.0,3.0,0
002447,15,1,Urbano,Costa Norte,Madera,Red publica fuera de la vivienda,Hombre,Ocupado,5,3,1.67,40.0,,2.0,0
002448,6,1,Rural,Sierra Centro,Madera,Red publica dentro de la vivienda,Hombre,Ocupado,9,6,1.5,46.0,6.0,1.0,0
002449,18,1,Rural,Selva,Adobe,"Rio, acequia o manantial",Hombre,Ocupado,6,3,2.0,37.0,11.0,2.0,0
002450,11,1,Rural,Selva,Madera,"Rio, acequia o manantial",Hombre,Ocupado,3,2,1.5,55.0,11.0,2.0,0
002451,18,1,Urbano,Lima Metropolitana,Adobe,Red publica dentro de la vivienda,Hombre,Ocupado,4,3,1.33,25.0,13.0,5.0,0
002452,9,1,Urbano,Lima Metropolitana,Ladrillo o Bloque de cemento,Red publica fuera de la vivienda,Hombre,Ocupado,4,2,2.0,31.0,12.0,6.0,0
002453,10,1,Urbano,Lima Metropolitana,Ladrillo o Bloque de cemento,Red publica dentro de la vivienda,Hombre,Ocupado,5,3,1.67,57.0,13.0,8.0,0
002454,15,1,Urbano,Lima Metropolitana,Ladrillo o Bloque de cemento,Pozo,Hombre,Inactivo,4,3,1.33,75.0,16.0,3.0,1
002455,11,1,Urbano,Lima Metropolitana,Madera,Red publica dentro de la vivienda,Mujer,Ocupado,7,3,2.33,52.0,,2.0,1
002456,8,1,Urbano,Selva,Ladrillo o Bloque de cemento,Red publica dentro de la vivienda,Hombre,Ocupado,3,3,1.0,36.0,9.0,3.0,0
002457,11,1,Urbano,Selva,Adobe,Red publica dentro de la vivienda,Mujer,Ocupado,5,2,2.5,32.0,11.0,3.0,0
002458,14,1,Rural,Costa Centro,Adobe,Pozo,Hombre,Ocupado,6,3,2.0,43.0,10.0,1.0,0
002459,13,1,Rural,Sierra Norte,Adobe,"Rio, acequia o manantial",Hombre,Inactivo,5,4,1.25,66.0,9.0,2.0,0
002460,16,1,Urbano,Selva,Ladrillo o Bloque de cemento,Red publica dentro de la vivienda,Mujer,Ocupado,4,3,1.33,55.0,5.0,2.0,0
002461,3,1,Urbano,Lima Metropolitana,Adobe,Pozo,Mujer,Ocupado,3,2,1.5,31.0,15.0,3.0,0
002462,11,1,Urbano,Lima Metropolitana,Madera,Red publica dentro de la vivienda,Hombre,Ocupado,4,1,4.0,53.0,12.0,5.0,1
002463,13,1,Rural,Costa Norte,Ladrillo o Bloque de cemento,Otro,Hombre,Inactivo,5,3,1.67,68.0,9.0,1.0,1
002464,9,1,Urbano,Selva,Otro material,Red publica dentro de la vivienda,Hombre,Inactivo,8,7,1.14,65.0,10.0,3.0,1
002465,8,1,Urbano,Costa Sur,Adobe,Red publica dentro de la vivienda,Hombre,Inactivo,5,2,2.5,67.0,13.0,4.0,1
002466,9,1,Urbano,Lima Metropolitana,Ladrillo o Bloque de cemento,Red publica dentro de la vivienda,Hombre,Ocupado,3,2,1.5,59.0,13.0,4.0,0
002467,4,1,Urbano,Lima Metropolitana,Ladrillo o Bloque de cemento,Red publica dentro de la vivienda,Hombre,Ocupado,2,2,1.0,30.0,11.0,3.0,0
002468,18,1,Rural,Selva,Adobe,Pozo,Hombre,Ocupado,5,3,1.67,37.0,4.0,3.0,0
002469,17,1,Urbano,Selva,Ladrillo o Bloque de cemento,Red publica dentro de la vivienda,Hombre,Inactivo,3,3,1.0,72.0,10.0,2.0,0
002470,12,1,Rural,Sierra Centro,Otro material,Pozo,Mujer,Ocupado,3,2,1.5,43.0,,4.0,0
002471,2,1,Rural,Sierra Sur,Adobe,Red publica dentro de la vivienda,Hombre,Ocupado,4,2,2.0,21.0,5.0,4.0,1
002472,7,1,Urbano,Lima Metropolitana,Ladrillo o Bloque de cemento,Red publica dentro de la vivienda,Hombre,Ocupado,5,3,1.67,56.0,11.0,2.0,0
002473,19,1,Urbano,Lima Metropolitana,Ladrillo o Bloque de cemento,Red publica fuera de la vivienda,Hombre,Ocupado,5,1,5.0,63.0,,4.0,1
002474,19,1,Urbano,Selva,Ladrillo o Bloque de cemento,Red publica dentro de la vivienda,Hombre,Ocupado,5,3,1.67,47.0,13.0,4.0,1
002475,15,1,Rural,Sierra Centro,Adobe,Red publica dentro de la vivienda,Mujer,Ocupado,8,7,1.14,56.0,13.0,6.0,0
002476,10,1,Rural,Costa Norte,Adobe,Red publica fuera de la vivienda,Mujer,Ocupado,6,5,1.2,36.0,1.0,4.0,0
002477,5,1,Urbano,Costa Centro,Ladrillo o Bloque de cemento,Red publica dentro de la vivienda,Hombre,Ocupado,7,6,1.17,41.0,10.0,2.0,1
002478,1,1,Urbano,Costa Sur,Ladrillo o Bloque de cemento,Red publica dentro de la vivienda,Hombre,Ocupado,6,3,2.0,23.0,15.0,5.0,0
002479,13,1,Rural,Sierra Centro,Ladrillo o Bloque de cemento,Pozo,Hombre,Ocupado,3,2,1.5,33.0,7.0,4.0,0
002480,19,1,Urbano,Lima Metropolitana,Ladrillo o Bloque de cemento,Otro,Hombre,Inactivo,4,3,1.33,68.0,12.0,,1
002481,4,1,Urbano,Selva,Ladrillo o Bloque de cemento,Red publica dentro de la vivienda,Hombre,Desocupado,4,4,1.0,18.0,8.0,5.0,1
002482,7,1,Rural,Costa Sur,Madera,Pozo,Mujer,Ocupado,5,3,1.67,43.0,9.0,2.0,1
002483,13,1,Urbano,Costa Centro,Ladrillo o Bloque de cemento,Red publica dentro de la vivienda,Hombre,Desocupado,5,2,2.5,41.0,12.0,6.0,1
002484,12,1,Urbano,Sierra Centro,Ladrillo o Bloque de cemento,Red publica dentro de la vivienda,Mujer,Ocupado,1,1,1.0,56.0,10.0,7.0,0
002485,10,1,Urbano,Lima Metropolitana,Ladrillo o Bloque de cemento,Pozo,Hombre,Ocupado,5,2,2.5,18.0,16.0,2.0,0
002486,9,1,Urbano,Sierra Centro,Madera,Red publica dentro de la vivienda,Mujer,Ocupado,4,2,2.0,37.0,18.0,5.0,0
002487,18,1,Urbano,Lima Metropolitana,Ladrillo o Bloque de cemento,Red publica dentro de la vivienda,Hombre,Ocupado,5,2,2.5,40.0,10.0,7.0,0
002488,18,1,Urbano,Lima Metropolitana,Madera,Red publica dentro de la vivienda,Hombre,Ocupado,3,3,1.0,54.0,14.0,7.0,0
002489,18,1,Urbano,Costa Centro,Ladrillo o Bloque de cemento,Red publica dentro de la vivienda,Hombre,Ocupado,4,3,1.33,48.0,11.0,4.0,0
002490,17,1,Urbano,Selva,Ladrillo o Bloque de cemento,Red publica dentro de la vivienda,Mujer,Ocupado,6,3,2.0,25.0,13.0,6.0,0
002491,6,1,Urbano,Lima Metropolitana,Ladrillo o Bloque de cemento,Red publica dentro de la vivienda,Hombre,Ocupado,6,3,2.0,43.0,17.0,2.0,0
002492,9,1,Rural,Sierra Centro,Adobe,"Rio, acequia o manantial",Mujer,Ocupado,6,3,2.0,37.0,11.0,2.0,1
002493,7,1,Urbano,Costa Norte,Ladrillo o Bloque de cemento,Red publica dentro de la vivienda,Hombre,Ocupado,7,4,1.75,54.0,9.0,1.0,0
002494,10,1,Urbano,Lima Metropolitana,Ladrillo o Bloque de cemento,Red publica dentro de la vivienda,Mujer,Ocupado,7,4,1.75,45.0,7.0,3.0,0
002495,16,1,Urbano,Lima Metropolitana,Ladrillo o Bloque de cemento,Red publica fuera de la vivienda,Hombre,Inactivo,2,1,2.0,72.0,12.0,3.0,0
002496,13,1,Urbano,Selva,Ladrillo o Bloque de cemento,Red publica dentro de la vivienda,Mujer,Ocupado,3,2,1.5,39.0,11.0,4.0,0
002497,7,1,Rural,Selva,Adobe,Red publica dentro de la vivienda,Hombre,Ocupado,2,2,1.0,40.0,0.0,5.0,0
002498,3,1,Urbano,Costa Sur,Ladrillo o Bloque de cemento,Red publica dentro de la vivienda,Hombre,Ocupado,3,3,1.0,41.0,14.0,4.0,0
002499,19,1,Urbano,Lima Metropolitana,Ladrillo o Bloque de cemento,Red publica dentro de la vivienda,Hombre,Ocupado,4,3,1.33,45.0,11.0,3.0,0
002500,6,1,Urbano,Sierra Sur,Ladrillo o Bloque de cemento,Red publica dentro de la vivienda,Hombre,Ocupado,2,2,1.0,60.0,11.0,5.0,0
002501,8,1,Urbano,Costa Norte,Ladrillo o Bloque de cemento,Red publica dentro de la vivienda,Hombre,Ocupado,5,3,1.67,42.0,9.0,3.0,0
002502,16,1,Urbano,Lima Metropolitana,Ladrillo o Bloque de cemento,,Hombre,Ocupado,5,4,1.25,42.0,12.0,6.0,0
002503,6,1,Urbano,Lima Metropolitana,Ladrillo o Bloque de cemento,Red publica dentro de la vivienda,Hombre,Ocupado,5,4,1.25,53.0,17.0,5.0,0
002504,5,1,Urbano,Lima Metropolitana,Ladrillo o Bloque de cemento,Red publica dentro de la vivienda,Hombre,Ocupado,3,3,1.0,35.0,13.0,3.0,0
002505,6,1,Urbano,Sierra Norte,Adobe,Red publica dentro de la vivienda,Hombre,Ocupado,9,6,1.5,57.0,18.0,4.0,0
002506,2,1,Urbano,Costa Norte,Ladrillo o Bloque de cemento,Red publica dentro de la vivienda,Hombre,Ocupado,8,5,1.6,43.0,13.0,2.0,1
002507,15,1,Urbano,Lima Metropolitana,Madera,Red publica dentro de la vivienda,Mujer,Ocupado,6,5,1.2,,15.0,5.0,0
002508,17,1,Urbano,Lima Metropolitana,Ladrillo o Bloque de cemento,Red publica fuera de la vivienda,Hombre,Ocupado,8,5,1.6,22.0,12.0,7.0,1
002509,18,1,Rural,Selva,Ladrillo o Bloque de cemento,,Hombre,Ocupado,5,1,5.0,33.0,6.0,4.0,0
002510,19,1,Urbano,Lima Metropolitana,Madera,Red publica fuera de la vivienda,Hombre,Ocupado,5,3,1.67,45.0,16.0,7.0,0
002511,16,1,Rural,Sierra Sur,Otro material,Red publica dentro de la vivienda,Mujer,Ocupado,1,1,1.0,47.0,10.0,3.0,0
002512,6,1,Urbano,Sierra Sur,Ladrillo o Bloque de cemento,Red publica dentro de la vivienda,Mujer,Ocupado,4,2,2.0,44.0,12.0,4.0,0
002513,5,1,Rural,Costa Centro,Adobe,Red publica dentro de la vivienda,Hombre,Ocupado,6,3,2.0,27.0,8.0,3.0,0
002514,13,1,Urbano,Costa Norte,Ladrillo o Bloque de cemento,Red publica dentro de la vivienda,Hombre,Ocupado,6,5,1.2,45.0,11.0,2.0,0
002515,19,1,Urbano,Costa Sur,Ladrillo o Bloque de cemento,Red publica dentro de la vivienda,Hombre,Ocupado,7,6,1.17,26.0,12.0,6.0,0
002516,3,1,Urbano,Lima Metropolitana,Ladrillo o Bloque de cemento,Red publica dentro de la vivienda,Hombre,Ocupado,5,3,1.67,30.0,13.0,7.0,0
002517,7,1,Rural,Costa Centro,Adobe,Red publica fuera de la vivienda,Mujer,Ocupado,9,7,1.29,63.0,7.0,3.0,1
002518,2,1,Urbano,Costa Sur,Ladrillo o Bloque de cemento,Red publica dentro de la vivienda,Hombre,Ocupado,2,2,1.0,46.0,14.0,5.0,0
002519,15,1,Urbano,Selva,Ladrillo o Bloque de cemento,Red publica dentro de la vivienda,Hombre,Ocupado,3,1,3.0,54.0,11.0,1.0,0
002520,8,1,Urbano,Costa Sur,Ladrillo o Bloque de cemento,Red publica dentro de la vivienda,Hombre,Inactivo,5,1,5.0,68.0,9.0,6.0,0
002521,10,1,Urbano,Costa Centro,Ladrillo o Bloque de cemento,Red publica dentro de la vivienda,Hombre,Ocupado,3,2,1.5,47.0,10.0,5.0,0
002522,2,1,Urbano,Selva,Ladrillo o Bloque de cemento,Red publica fuera de la vivienda,Hombre,Ocupado,7,6,1.17,61.0,10.0,5.0,1
002523,6,1,Rural,Sierra Centro,Otro material,"Rio, acequia o manantial",Mujer,Ocupado,5,4,1.25,53.0,8.0,5.0,0
002524,7,1,Urbano,Lima Metropolitana,Ladrillo o Bloque de cemento,,Mujer,Ocupado,5,3,1.67,37.0,11.0,7.0,0
002525,15,1,Urbano,Lima Metropolitana,Ladrillo o Bloque de cemento,Pozo,Mujer,Ocupado,5,2,2.5,46.0,16.0,8.0,0
002526,17,1,Urbano,Costa Centro,Ladrillo o Bloque de cemento,Red publica dentro de la vivienda,Hombre,Ocupado,3,2,1.5,37.0,10.0,4.0,1
002527,14,1,Urbano,Lima Metropolitana,Ladrillo o Bloque de cemento,Red publica dentro de la vivienda,Hombre,Ocupado,5,3,1.67,56.0,,3.0,0
002528,1,1,Urbano,Lima Metropolitana,Ladrillo o Bloque de cemento,Red publica dentro de la vivienda,Hombre,Ocupado,7,6,1.17,62.0,,7.0,0
002529,5,1,Urbano,Lima Metropolitana,Ladrillo o Bloque de cemento,Red publica dentro de la vivienda,Hombre,Ocupado,2,1,2.0,28.0,,4.0,0
002530,17,1,Urbano,Lima Metropolitana,Adobe,Red publica dentro de la vivienda,Hombre,Ocupado,2,1,2.0,35.0,16.0,6.0,0
002531,5,1,Urbano,Lima Metropolitana,Ladrillo o Bloque de cemento,Red publica dentro de la vivienda,Hombre,Ocupado,3,3,1.0,43.0,16.0,5.0,0
002532,17,1,Urbano,Lima Metropolitana,Ladrillo o Bloque de cemento,Red publica dentro de la vivienda,Hombre,Ocupado,5,3,1.67,36.0,15.0,4.0,0
002533,6,1,Urbano,Lima Metropolitana,Ladrillo o Bloque de cemento,Red publica fuera de la vivienda,Hombre,Ocupado,3,3,1.0,44.0,18.0,7.0,0
002534,4,1,Urbano,Costa Norte,Ladrillo o Bloque de cemento,Red publica dentro de la vivienda,Hombre,Ocupado,5,3,1.67,53.0,11.0,2.0,0
002535,16,1,Urbano,Lima Metropolitana,Ladrillo o Bloque de cemento,Red publica dentro de la vivienda,Mujer,Inactivo,5,2,2.5,66.0,8.0,2.0,1
002536,14,1,Rural,Selva,Otro material,Pozo,Hombre,Ocupado,5,4,1.25,40.0,6.0,4.0,0
002537,11,1,Urbano,Lima Metropolitana,Ladrillo o Bloque de cemento,Red publica dentro de la vivienda,Mujer,Ocupado,6,2,3.0,40.0,15.0,5.0,0
002538,1,1,Urbano,Sierra Centro,Ladrillo o Bloque de cemento,Red publica dentro de la vivienda,Mujer,Ocupado,7,5,1.4,53.0,12.0,5.0,0
002539,3,1,Urbano,Costa Norte,Ladrillo o Bloque de cemento,Red publica dentro de la vivienda,Hombre,Ocupado,4,4,1.0,47.0,8.0,5.0,0
002540,12,1,Urbano,Selva,Ladrillo o Bloque de cemento,Pozo,Mujer,Ocupado,3,3,1.0,26.0,10.0,6.0,0
002541,6,1,Urbano,Selva,Ladrillo o Bloque de cemento,Red publica dentro de la vivienda,Hombre,Ocupado,8,5,1.6,35.0,8.0,4.0,0
002542,15,1,Rural,Sierra Sur,Adobe,Red publica fuera de la vivienda,Mujer,Ocupado,3,2,1.5,43.0,4.0,5.0,1
002543,11,1,Rural,Sierra Centro,Adobe,Red publica dentro de la vivienda,Hombre,Ocupado,7,6,1.17,58.0,6.0,3.0,0
002544,4,1,Urbano,Sierra Norte,Ladrillo o Bloque de cemento,Red publica dentro de la vivienda,Mujer,Ocupado,5,4,1.25,63.0,12.0,5.0,0
002545,5,1,Rural,Selva,Adobe,"Rio, acequia o manantial",Hombre,Ocupado,9,3,3.0,33.0,4.0,5.0,1
002546,14,1,Urbano,Sierra Centro,Ladrillo o Bloque de cemento,Pozo,Hombre,Ocupado,3,3,1.0,37.0,9.0,4.0,0
002547,17,1,Urbano,Lima Metropolitana,Ladrillo o Bloque de cemento,Red publica fuera de la vivienda,Hombre,Ocupado,5,2,2.5,60.0,15.0,5.0,0
002548,9,1,Urbano,Costa Centro,Ladrillo o Bloque de cemento,Red publica fuera de la vivienda,Hombre,Ocupado,4,3,1.33,41.0,8.0,2.0,0
002549,4,1,Urbano,Sierra Norte,Ladrillo o Bloque de cemento,Red publica dentro de la vivienda,Hombre,Ocupado,4,3,1.33,52.0,8.0,1.0,0
002550,7,1,Rural,Sierra Norte,Adobe,Red publica dentro de la vivienda,Hombre,Desocupado,4,1,4.0,45.0,14.0,3.0,1
002551,8,1,Urbano,Selva,Otro material,Red publica dentro de la vivienda,Hombre,Ocupado,6,4,1.5,48.0,9.0,3.0,0
002552,12,1,Rural,Sierra Sur,Adobe,"Rio, acequia o manantial",Hombre,Ocupado,6,4,1.5,42.0,1.0,3.0,1
002553,19,1,Urbano,Lima Metropolitana,Ladrillo o Bloque de cemento,Red publica dentro de la vivienda,Hombre,Ocupado,5,3,1.67,63.0,9.0,6.0,0
002554,16,1,Urbano,Lima Metropolitana,Ladrillo o Bloque de cemento,Red publica dentro de la vivienda,Hombre,Ocupado,4,2,2.0,26.0,6.0,2.0,0
002555,17,1,Urbano,Sierra Norte,Adobe,Red publica dentro de la vivienda,Hombre,Ocupado,6,3,2.0,42.0,16.0,3.0,0
002556,9,1,Urbano,Lima Metropolitana,Ladrillo o Bloque de cemento,Red publica dentro de la vivienda,Mujer,Ocupado,5,4,1.25,62.0,12.0,5.0,0
002557,8,1,Urbano,Costa Norte,Ladrillo o Bloque de cemento,Red publica dentro de la vivienda,Hombre,Ocupado,5,4,1.25,44.0,8.0,3.0,0
002558,3,1,Rural,Sierra Norte,Adobe,Red publica fuera de la vivienda,Mujer,Ocupado,4,3,1.33,46.0,8.0,2.0,0
002559,12,1,Urbano,Sierra Sur,Ladrillo o Bloque de cemento,Red publica dentro de la vivienda,Hombre,Ocupado,6,6,1.0,61.0,16.0,6.0,0
002560,2,1,Urbano,Costa Norte,Ladrillo o Bloque de cemento,Red publica dentro de la vivienda,Hombre,Ocupado,2,1,2.0,54.0,10.0,4.0,0
002561,13,1,Rural,Selva,Otro material,Pozo,Hombre,Ocupado,6,5,1.2,59.0,12.0,4.0,0
002562,9,1,Urbano,Lima Metropolitana,Ladrillo o Bloque de cemento,Red publica dentro de la vivienda,Mujer,Ocupado,3,3,1.0,64.0,11.0,3.0,0
002563,4,1,Urbano,Lima Metropolitana,Otro material,Red publica dentro de la vivienda,Hombre,Ocupado,4,2,2.0,27.0,9.0,4.0,0
002564,6,1,Rural,Selva,Adobe,Red publica fuera de la vivienda,Mujer,Ocupado,4,2,2.0,41.0,12.0,8.0,0
002565,2,1,Urbano,Selva,Adobe,Pozo,Hombre,Ocupado,5,4,1.25,36.0,9.0,2.0,0
002566,7,1,Rural,Sierra Centro,,Pozo,Mujer,Ocupado,3,1,3.0,52.0,5.0,4.0,1
002567,1,1,Rural,Costa Norte,Ladrillo o Bloque de cemento,"Rio, acequia o manantial",Hombre,Ocupado,6,2,3.0,62.0,10.0,5.0,1
002568,5,1,Urbano,Costa Norte,Madera,Red publica dentro de la vivienda,Hombre,Ocupado,6,4,1.5,18.0,11.0,2.0,0
002569,13,1,Urbano,Lima Metropolitana,Ladrillo o Bloque de cemento,Red publica dentro de la vivienda,Hombre,Ocupado,2,2,1.0,25.0,12.0,4.0,0
002570,4,1,Urbano,Lima Metropolitana,Ladrillo o Bloque de cemento,Red publica dentro de la vivienda,Hombre,Ocupado,4,3,1.33,18.0,12.0,4.0,0
002571,7,1,Urbano,Costa Norte,Ladrillo o Bloque de cemento,Red publica fuera de la vivienda,Hombre,Ocupado,3,1,3.0,35.0,9.0,3.0,0
002572,14,1,Urbano,Selva,Ladrillo o Bloque de cemento,Red publica dentro de la vivienda,Mujer,Ocupado,3,2,1.5,48.0,12.0,6.0,0
002573,19,1,Urbano,Lima Metropolitana,Ladrillo o Bloque de cemento,Red publica fuera de la vivienda,Hombre,Inactivo,3,3,1.0,70.0,14.0,8.0,1
002574,15,1,Urbano,Lima Metropolitana,Ladrillo o Bloque de cemento,Red publica dentro de la vivienda,Hombre,Ocupado,2,2,1.0,29.0,12.0,5.0,0
002575,5,1,Urbano,Selva,Adobe,Red publica dentro de la vivienda,Hombre,Inactivo,7,5,1.4,80.0,13.0,5.0,0
002576,19,1,Urbano,Selva,Adobe,Red publica dentro de la vivienda,Mujer,Ocupado,9,5,1.8,54.0,12.0,5.0,0
002577,11,1,Urbano,Lima Metropolitana,Ladrillo o Bloque de cemento,Red publica dentro de la vivienda,Hombre,Ocupado,3,3,1.0,55.0,14.0,3.0,0
002578,14,1,Urbano,Lima Metropolitana,Ladrillo o Bloque de cemento,,Hombre,Ocupado,4,4,1.0,57.0,12.0,4.0,0
002579,16,1,Urbano,Costa Centro,Ladrillo o Bloque de cemento,Red publica dentro de la vivienda,Hombre,Ocupado,5,2,2.5,27.0,10.0,4.0,0
002580,12,1,Urbano,Lima Metropolitana,Ladrillo o Bloque de cemento,Red publica dentro de la vivienda,Hombre,Ocupado,7,5,1.4,38.0,14.0,8.0,0
002581,3,1,Urbano,Costa Norte,Ladrillo o Bloque de cemento,Red publica dentro de la vivienda,Hombre,Ocupado,4,1,4.0,32.0,7.0,4.0,0
002582,7,1,Urbano,Lima Metropolitana,Ladrillo o Bloque de cemento,Red publica dentro de la vivienda,Hombre,Ocupado,5,3,1.67,56.0,18.0,6.0,0
002583,12,1,Urbano,Costa Norte,,Red publica dentro de la vivienda,Hombre,Ocupado,4,3,1.33,34.0,3.0,4.0,1
002584,2,1,Urbano,Costa Sur,Ladrillo o Bloque de cemento,Red publica fuera de la vivienda,Hombre,Ocupado,3,2,1.5,44.0,9.0,5.0,0
002585,2,1,Urbano,Costa Norte,Ladrillo o Bloque de cemento,Red publica dentro de la vivienda,Hombre,Ocupado,3,1,3.0,37.0,13.0,4.0,0
002586,7,1,Urbano,Sierra Sur,Ladrillo o Bloque de cemento,Red publica dentro de la vivienda,Hombre,Inactivo,6,3,2.0,67.0,13.0,4.0,1
002587,14,1,Urbano,Sierra Centro,Ladrillo o Bloque de cemento,Red publica dentro de la vivienda,Mujer,Ocupado,4,3,1.33,38.0,8.0,2.0,1
002588,11,1,Urbano,Costa Centro,Ladrillo o Bloque de cemento,Red publica dentro de la vivienda,Mujer,Ocupado,6,3,2.0,31.0,9.0,5.0,0
002589,15,1,Rural,Sierra Sur,Ladrillo o Bloque de cemento,Red publica dentro de la vivienda,Hombre,Ocupado,3,2,1.5,53.0,7.0,5.0,0
002590,1,1,Urbano,Sierra Centro,Ladrillo o Bloque de cemento,Red publica dentro de la vivienda,Hombre,Desocupado,4,2,2.0,46.0,7.0,4.0,1
002591,2,1,Urbano,Lima Metropolitana,Ladrillo o Bloque de cemento,Red publica dentro de la vivienda,Mujer,Inactivo,4,3,1.33,66.0,9.0,4.0,0
002592,2,1,Urbano,Lima Metropolitana,Ladrillo o Bloque de cemento,Pozo,Hombre,Ocupado,4,3,1.33,51.0,15.0,6.0,0
002593,17,1,Urbano,Lima Metropolitana,Ladrillo o Bloque de cemento,Red publica dentro de la vivienda,Mujer,Ocupado,3,2,1.5,50.0,15.0,4.0,0
002594,11,1,Urbano,Costa Centro,Ladrillo o Bloque de cemento,Red publica dentro de la vivienda,Hombre,Ocupado,9,7,1.29,59.0,11.0,3.0,0
002595,13,1,Urbano,Sierra Norte,Madera,Red publica dentro de la vivienda,Hombre,Ocupado,4,2,2.0,53.0,13.0,4.0,0
002596,5,1,Urbano,Lima Metropolitana,Ladrillo o Bloque de cemento,Red publica dentro de la vivienda,Hombre,Ocupado,5,3,1.67,58.0,13.0,6.0,0
002597,16,1,Urbano,Costa Norte,Ladrillo o Bloque de cemento,Red publica dentro de la vivienda,Hombre,Ocupado,7,5,1.4,57.0,9.0,4.0,0
002598,10,1,Rural,Sierra Centro,Ladrillo o Bloque de cemento,"Rio, acequia o manantial",Mujer,Ocupado,5,4,1.25,42.0,3.0,3.0,1
002599,10,1,Urbano,Lima Metropolitana,Ladrillo o Bloque de cemento,Red publica fuera de la vivienda,Hombre,Ocupado,5,2,2.5,30.0,14.0,4.0,0
002600,8,1,Urbano,Lima Metropolitana,Ladrillo o Bloque de cemento,Red publica dentro de la vivienda,Hombre,Ocupado,7,4,1.75,44.0,10.0,3.0,1
002601,14,1,Urbano,Sierra Sur,Adobe,Red publica dentro de la vivienda,Hombre,Ocupado,3,1,3.0,19.0,14.0,3.0,0
002602,8,1,Urbano,Lima Metropolitana,Ladrillo o Bloque de cemento,Red publica dentro de la vivienda,Mujer,Ocupado,4,3,1.33,36.0,12.0,4.0,0
002603,15,1,Urbano,Sierra Sur,Ladrillo o Bloque de cemento,Red publica dentro de la vivienda,Hombre,Ocupado,2,1,2.0,41.0,15.0,,0
002604,15,1,Urbano,Lima Metropolitana,Ladrillo o Bloque de cemento,Red publica fuera de la vivienda,Hombre,Inactivo,3,3,1.0,65.0,9.0,2.0,0
002605,16,1,Urbano,Costa Norte,Ladrillo o Bloque de cemento,Red publica dentro de la vivienda,Hombre,Ocupado,6,4,1.5,44.0,7.0,3.0,0
002606,8,1,Rural,Costa Centro,Madera,Otro,Hombre,Inactivo,5,5,1.0,71.0,7.0,2.0,1
002607,13,1,Rural,Selva,Otro material,,Hombre,Ocupado,4,2,2.0,53.0,5.0,3.0,0
002608,8,1,Urbano,Costa Sur,Ladrillo o Bloque de cemento,Red publica dentro de la vivienda,Hombre,Ocupado,6,4,1.5,24.0,11.0,1.0,0
002609,7,1,Urbano,Lima Metropolitana,Ladrillo o Bloque de cemento,Red publica dentro de la vivienda,Hombre,Ocupado,4,3,1.33,63.0,12.0,7.0,0
002610,13,1,Urbano,Sierra Centro,Adobe,Red publica dentro de la vivienda,Hombre,Ocupado,2,2,1.0,61.0,9.0,3.0,0
002611,14,1,Urbano,Lima Metropolitana,Ladrillo o Bloque de cemento,Red publica dentro de la vivienda,Hombre,Ocupado,3,2,1.5,23.0,12.0,4.0,1
002612,15,1,Urbano,Lima Metropolitana,Ladrillo o Bloque de cemento,Red publica dentro de la vivienda,Hombre,Ocupado,5,4,1.25,57.0,5.0,3.0,0
002613,1,1,Urbano,Sierra Sur,Ladrillo o Bloque de cemento,Red publica dentro de la vivienda,Hombre,Inactivo,3,2,1.5,67.0,16.0,2.0,0
002614,5,1,Urbano,Lima Metropolitana,Madera,Red publica dentro de la vivienda,Hombre,Ocupado,5,3,1.67,18.0,10.0,3.0,0
002615,8,1,Urbano,Sierra Norte,Otro material,Red publica dentro de la vivienda,Hombre,Ocupado,4,3,1.33,32.0,12.0,3.0,0
002616,12,1,Rural,Sierra Sur,Adobe,Red publica fuera de la vivienda,Hombre,Ocupado,4,1,4.0,60.0,0.0,2.0,1
002617,6,1,Urbano,Costa Sur,Ladrillo o Bloque de cemento,Red publica dentro de la vivienda,Hombre,Ocupado,2,1,2.0,44.0,8.0,3.0,0
002618,11,1,Urbano,Lima Metropolitana,Ladrillo o Bloque de cemento,Red publica dentro de la vivienda,Hombre,Inactivo,5,4,1.25,67.0,13.0,7.0,1
002619,7,1,Urbano,Lima Metropolitana,Ladrillo o Bloque de cemento,Red publica dentro de la vivienda,Hombre,Ocupado,1,1,1.0,60.0,18.0,3.0,0
002620,10,1,Urbano,Lima Metropolitana,Madera,Red publica dentro de la vivienda,Hombre,Ocupado,6,2,3.0,58.0,14.0,4.0,0
002621,16,1,Urbano,Lima Metropolitana,Ladrillo o Bloque de cemento,Red publica fuera de la vivienda,Hombre,Ocupado,4,3,1.33,63.0,14.0,2.0,0
002622,18,1,Urbano,Lima Metropolitana,Adobe,Red publica dentro de la vivienda,Mujer,Ocupado,7,5,1.4,35.0,11.0,3.0,0
002623,15,1,Urbano,Costa Sur,Ladrillo o Bloque de cemento,Red publica dentro de la vivienda,Hombre,Ocupado,4,2,2.0,42.0,11.0,3.0,0
002624,16,1,Urbano,Lima Metropolitana,Ladrillo o Bloque de cemento,Red publica dentro de la vivienda,Hombre,Inactivo,6,3,2.0,74.0,12.0,4.0,1
002625,2,1,Urbano,Selva,Ladrillo o Bloque de cemento,Red publica dentro de la vivienda,Hombre,Ocupado,2,1,2.0,42.0,12.0,3.0,0
002626,9,1,Urbano,Sierra Sur,Ladrillo o Bloque de cemento,Red publica dentro de la vivienda,Hombre,Ocupado,7,5,1.4,62.0,15.0,4.0,0
002627,8,1,Rural,Selva,Adobe,Red publica dentro de la vivienda,Hombre,Ocupado,6,3,2.0,44.0,5.0,2.0,1
002628,12,1,Rural,Sierra Centro,Adobe,Otro,Mujer,Ocupado,6,3,2.0,36.0,7.0,3.0,1
002629,3,1,Urbano,Sierra Norte,Ladrillo o Bloque de cemento,Red publica dentro de la vivienda,Hombre,Ocupado,4,2,2.0,33.0,10.0,7.0,0
002630,12,1,Urbano,Sierra Norte,Ladrillo o Bloque de cemento,Red publica dentro de la vivienda,Hombre,Ocupado,5,3,1.67,55.0,10.0,4.0,0
002631,15,1,Rural,Costa Norte,,Pozo,Hombre,Inactivo,8,4,2.0,65.0,10.0,3.0,1
002632,6,1,Rural,Sierra Sur,Adobe,Red publica fuera de la vivienda,Hombre,Ocupado,3,1,3.0,,8.0,5.0,0
002633,9,1,Urbano,Lima Metropolitana,Ladrillo o Bloque de cemento,Red publica dentro de la vivienda,Hombre,Ocupado,6,4,1.5,50.0,13.0,4.0,0
002634,13,1,Urbano,Lima Metropolitana,Ladrillo o Bloque de cemento,Red publica dentro de la vivienda,Mujer,Ocupado,4,2,2.0,31.0,12.0,5.0,0
002635,19,1,Urbano,Selva,,Red publica dentro de la vivienda,Hombre,Ocupado,6,3,2.0,47.0,8.0,6.0,0
002636,9,1,Rural,Sierra Sur,Adobe,Red publica fuera de la vivienda,Hombre,Ocupado,4,3,1.33,49.0,9.0,5.0,0
002637,13,1,Urbano,Sierra Sur,Ladrillo o Bloque de cemento,"Rio, acequia o manantial",Hombre,Ocupado,3,3,1.0,35.0,14.0,6.0,0
002638,15,1,Urbano,Costa Sur,Ladrillo o Bloque de cemento,Red publica dentro de la vivienda,Hombre,Ocupado,2,2,1.0,53.0,14.0,7.0,0
002639,2,1,Urbano,Lima Metropolitana,Ladrillo o Bloque de cemento,Red publica dentro de la vivienda,Hombre,Ocupado,7,4,1.75,,12.0,3.0,0
002640,10,1,Urbano,Costa Sur,Adobe,Red publica dentro de la vivienda,Hombre,Ocupado,6,4,1.5,41.0,8.0,4.0,1
002641,7,1,Urbano,Lima Metropolitana,Ladrillo o Bloque de cemento,,Hombre,Ocupado,3,2,1.5,58.0,15.0,8.0,0
002642,14,1,Urbano,Lima Metropolitana,Ladrillo o Bloque de cemento,Red publica fuera de la vivienda,Mujer,Inactivo,6,4,1.5,69.0,16.0,2.0,0
002643,12,1,Urbano,Selva,Ladrillo o Bloque de cemento,Red publica dentro de la vivienda,Hombre,Inactivo,1,1,1.0,68.0,14.0,4.0,0
002644,6,1,Urbano,Lima Metropolitana,Ladrillo o Bloque de cemento,Red publica dentro de la vivienda,Mujer,Ocupado,5,3,1.67,45.0,10.0,6.0,0
002645,8,1,Urbano,Sierra Norte,Ladrillo o Bloque de cemento,Red publica dentro de la vivienda,Hombre,Ocupado,5,2,2.5,55.0,12.0,8.0,1
002646,3,1,Urbano,Lima Metropolitana,Ladrillo o Bloque de cemento,Red publica dentro de la vivienda,Mujer,Ocupado,2,2,1.0,56.0,6.0,4.0,0
002647,19,1,Urbano,Lima Metropolitana,Ladrillo o Bloque de cemento,Red publica dentro de la vivienda,Mujer,Ocupado,5,3,1.67,56.0,17.0,5.0,0
002648,9,1,Urbano,Lima Metropolitana,Ladrillo o Bloque de cemento,Red publica dentro de la vivienda,Mujer,Desocupado,7,5,1.4,49.0,,,1
002649,10,1,Urbano,Lima Metropolitana,Ladrillo o Bloque de cemento,Red publica dentro de la vivienda,Hombre,Inactivo,5,5,1.0,65.0,13.0,3.0,1
002650,4,1,Urbano,Lima Metropolitana,Ladrillo o Bloque de cemento,Red publica dentro de la vivienda,Mujer,Ocupado,2,2,1.0,38.0,17.0,5.0,0
002651,4,1,Urbano,Lima Metropolitana,Ladrillo o Bloque de cemento,Red publica dentro de la vivienda,Hombre,Ocupado,8,5,1.6,31.0,11.0,5.0,0
002652,10,1,Rural,Sierra Sur,Adobe,Red publica fuera de la vivienda,Hombre,Ocupado,6,2,3.0,52.0,7.0,1.0,0
002653,5,1,Urbano,Lima Metropolitana,Ladrillo o Bloque de cemento,Red publica dentro de la vivienda,Hombre,Desocupado,2,2,1.0,43.0,10.0,2.0,0
002654,12,1,Urbano,Lima Metropolitana,Ladrillo o Bloque de cemento,Red publica dentro de la vivienda,Hombre,Inactivo,6,5,1.2,74.0,8.0,3.0,1
002655,13,1,Rural,Sierra Sur,Adobe,"Rio, acequia o manantial",Hombre,Ocupado,3,1,3.0,40.0,7.0,2.0,0
002656,14,1,Urbano,Lima Metropolitana,Ladrillo o Bloque de cemento,Red publica dentro de la vivienda,Hombre,Ocupado,4,3,1.33,61.0,13.0,6.0,0
002657,15,1,Urbano,Sierra Centro,Ladrillo o Bloque de cemento,Red publica dentro de la vivienda,Hombre,Ocupado,4,4,1.0,54.0,4.0,3.0,1
002658,1,1,Urbano,Selva,Ladrillo o Bloque de cemento,Red publica dentro de la vivienda,Hombre,Ocupado,1,1,1.0,27.0,13.0,4.0,0
002659,1,1,Urbano,Costa Centro,Ladrillo o Bloque de cemento,Red publica dentro de la vivienda,Hombre,Ocupado,2,2,1.0,55.0,11.0,4.0,0
002660,2,1,Urbano,Costa Sur,Ladrillo o Bloque de cemento,Otro,Hombre,Ocupado,4,1,4.0,38.0,13.0,8.0,0
002661,3,1,Urbano,Lima Metropolitana,Madera,Red publica fuera de la vivienda,Hombre,Inactivo,6,5,1.2,81.0,13.0,5.0,1
002662,12,1,Urbano,Sierra Centro,Ladrillo o Bloque de cemento,Red publica dentro de la vivienda,Hombre,Ocupado,5,2,2.5,36.0,14.0,3.0,0
002663,14,1,Urbano,Sierra Centro,Ladrillo o Bloque de cemento,Red publica dentro de la vivienda,Hombre,Ocupado,4,3,1.33,34.0,15.0,5.0,0
002664,1,1,Urbano,Sierra Norte,Ladrillo o Bloque de cemento,Otro,Hombre,Ocupado,7,5,1.4,18.0,12.0,3.0,0
002665,13,1,Rural,Sierra Sur,Adobe,Pozo,Mujer,Ocupado,4,3,1.33,36.0,9.0,1.0,0
002666,14,1,Urbano,Lima Metropolitana,Madera,Red publica dentro de la vivienda,Hombre,Ocupado,5,3,1.67,57.0,15.0,3.0,0
002667,1,1,Urbano,Lima Metropolitana,Ladrillo o Bloque de cemento,Red publica dentro de la vivienda,Mujer,Ocupado,6,6,1.0,33.0,9.0,3.0,0
002668,4,1,Rural,Costa Norte,Madera,"Rio, acequia o manantial",Hombre,Ocupado,6,4,1.5,54.0,4.0,2.0,1
002669,3,1,Rural,Selva,Madera,Otro,Hombre,Ocupado,7,5,1.4,51.0,3.0,2.0,0
002670,13,1,Rural,Sierra Sur,Madera,Red publica dentro de la vivienda,Hombre,Ocupado,3,2,1.5,33.0,9.0,3.0,1
002671,12,1,Rural,Selva,Madera,"Rio, acequia o manantial",Hombre,Ocupado,5,3,1.67,45.0,4.0,1.0,0
002672,16,1,Urbano,Sierra Sur,Ladrillo o Bloque de cemento,Red publica dentro de la vivienda,Hombre,Ocupado,3,2,1.5,34.0,4.0,4.0,0
002673,1,1,Rural,Sierra Centro,,Red publica dentro de la vivienda,Mujer,Ocupado,6,4,1.5,59.0,,5.0,1
002674,15,1,Urbano,Sierra Sur,Ladrillo o Bloque de cemento,Red publica dentro de la vivienda,Mujer,Ocupado,5,4,1.25,21.0,10.0,2.0,0
002675,10,1,Urbano,Selva,Ladrillo o Bloque de cemento,Red publica dentro de la vivienda,Hombre,Ocupado,5,4,1.25,57.0,12.0,6.0,0
002676,12,1,Urbano,Selva,Adobe,Red publica fuera de la vivienda,Hombre,Ocupado,7,5,1.4,37.0,15.0,4.0,0
002677,19,1,Rural,Sierra Sur,Adobe,Red publica dentro de la vivienda,Hombre,Ocupado,5,4,1.25,49.0,10.0,4.0,0
002678,13,1,Urbano,Lima Metropolitana,Ladrillo o Bloque de cemento,Red publica dentro de la vivienda,Hombre,Ocupado,3,3,1.0,53.0,13.0,6.0,0
002679,11,1,Urbano,Lima Metropolitana,Ladrillo o Bloque de cemento,Red publica dentro de la vivienda,Mujer,Ocupado,5,3,1.67,49.0,10.0,5.0,0
002680,3,1,Rural,Sierra Centro,Ladrillo o Bloque de cemento,"Rio, acequia o manantial",Hombre,Inactivo,3,3,1.0,,0.0,3.0,1
002681,17,1,Urbano,Lima Metropolitana,Ladrillo o Bloque de cemento,Red publica dentro de la vivienda,Hombre,Desocupado,5,2,2.5,41.0,11.0,3.0,1
002682,8,1,Urbano,Lima Metropolitana,Ladrillo o Bloque de cemento,Red publica dentro de la vivienda,Mujer,Ocupado,3,2,1.5,28.0,,5.0,0
002683,3,1,Urbano,Costa Centro,Ladrillo o Bloque de cemento,Red publica fuera de la vivienda,Hombre,Inactivo,4,1,4.0,77.0,11.0,4.0,1
002684,18,1,Urbano,Selva,Madera,Red publica dentro de la vivienda,Mujer,Ocupado,6,4,1.5,52.0,14.0,5.0,0
002685,10,1,Urbano,Sierra Norte,Ladrillo o Bloque de cemento,Red publica fuera de la vivienda,Hombre,Ocupado,4,3,1.33,49.0,13.0,5.0,0
002686,11,1,Urbano,Lima Metropolitana,Ladrillo o Bloque de cemento,Red publica dentro de la vivienda,Mujer,Inactivo,6,2,3.0,78.0,13.0,3.0,1
002687,10,1,Urbano,Costa Sur,Ladrillo o Bloque de cemento,Red publica dentro de la vivienda,Hombre,Ocupado,2,1,2.0,29.0,10.0,4.0,0
002688,15,1,Urbano,Lima Metropolitana,Adobe,Red publica dentro de la vivienda,Hombre,Ocupado,3,3,1.0,46.0,8.0,6.0,0
002689,16,1,Rural,Sierra Norte,Otro material,Red publica dentro de la vivienda,Hombre,Ocupado,4,3,1.33,32.0,4.0,2.0,0
002690,6,1,Urbano,Selva,Ladrillo o Bloque de cemento,Red publica dentro de la vivienda,Hombre,Ocupado,5,4,1.25,46.0,,1.0,0
002691,3,1,Urbano,Lima Metropolitana,Ladrillo o Bloque de cemento,Pozo,Mujer,Ocupado,5,2,2.5,27.0,18.0,3.0,1
002692,12,1,Urbano,Sierra Centro,Ladrillo o Bloque de cemento,Red publica dentro de la vivienda,Mujer,Ocupado,4,3,1.33,48.0,17.0,5.0,0
002693,16,1,Urbano,Lima Metropolitana,Madera,Red publica dentro de la vivienda,Hombre,Ocupado,8,3,2.67,47.0,8.0,2.0,0
002694,10,1,Urbano,Lima Metropolitana,,Red publica dentro de la vivienda,Mujer,Ocupado,2,1,2.0,47.0,14.0,3.0,0
002695,2,1,Urbano,Lima Metropolitana,Ladrillo o Bloque de cemento,Red publica dentro de la vivienda,Hombre,Ocupado,3,2,1.5,18.0,8.0,6.0,0
002696,8,1,Rural,Costa Centro,Otro material,Otro,Hombre,Ocupado,5,4,1.25,58.0,7.0,3.0,0
002697,11,1,Urbano,Lima Metropolitana,Ladrillo o Bloque de cemento,Red publica dentro de la vivienda,Hombre,Ocupado,5,2,2.5,44.0,11.0,3.0,0
002698,13,1,Urbano,Costa Norte,Ladrillo o Bloque de cemento,Red publica dentro de la vivienda,Hombre,Inactivo,4,2,2.0,84.0,11.0,2.0,1
002699,16,1,Urbano,Sierra Centro,Ladrillo o Bloque de cemento,Red publica dentro de la vivienda,Hombre,Ocupado,7,4,1.75,41.0,14.0,4.0,0
002700,7,1,Urbano,Lima Metropolitana,Madera,Red publica dentro de la vivienda,Hombre,Ocupado,4,3,1.33,38.0,,4.0,0
002701,5,1,Urbano,Lima Metropolitana,Ladrillo o Bloque de cemento,Red publica dentro de la vivienda,Mujer,Ocupado,5,3,1.67,49.0,15.0,2.0,0
002702,7,1,Rural,Selva,Otro material,"Rio, acequia o manantial",Hombre,Ocupado,7,4,1.75,30.0,8.0,3.0,0
002703,13,1,Rural,Sierra Centro,Madera,Pozo,Hombre,Ocupado,5,4,1.25,64.0,4.0,1.0,0
002704,18,1,Urbano,Lima Metropolitana,Adobe,Red publica dentro de la vivienda,Hombre,Ocupado,3,3,1.0,34.0,8.0,3.0,0
002705,8,1,Urbano,Lima Metropolitana,Ladrillo o Bloque de cemento,Red publica dentro de la vivienda,Hombre,Ocupado,7,4,1.75,36.0,12.0,6.0,0
002706,16,1,Rural,Sierra Sur,Ladrillo o Bloque de cemento,Red publica dentro de la vivienda,Hombre,Ocupado,5,2,2.5,59.0,6.0,3.0,0
002707,10,1,Urbano,Lima Metropolitana,Ladrillo o Bloque de cemento,Red publica dentro de la vivienda,Hombre,Ocupado,7,5,1.4,51.0,11.0,1.0,0
002708,1,1,Urbano,Costa Sur,Ladrillo o Bloque de cemento,"Rio, acequia o manantial",Hombre,Ocupado,7,4,1.75,,9.0,2.0,0
002709,4,1,Urbano,Costa Centro,Ladrillo o Bloque de cemento,Red publica dentro de la vivienda,Hombre,Ocupado,3,2,1.5,29.0,11.0,3.0,0
002710,9,1,Urbano,Lima Metropolitana,Ladrillo o Bloque de cemento,Red publica fuera de la vivienda,Mujer,Ocupado,4,3,1.33,62.0,17.0,4.0,0
002711,4,1,Urbano,Lima Metropolitana,Otro material,Red publica dentro de la vivienda,Mujer,Ocupado,6,2,3.0,34.0,,4.0,0
002712,12,1,Rural,Sierra Norte,,Pozo,Hombre,Ocupado,6,3,2.0,24.0,3.0,3.0,0
002713,13,1,Rural,Sierra Norte,Madera,Red publica dentro de la vivienda,Hombre,Ocupado,3,1,3.0,53.0,7.0,2.0,0
002714,1,1,Rural,Costa Centro,Ladrillo o Bloque de cemento,Pozo,Hombre,Ocupado,4,3,1.33,45.0,1.0,6.0,0
002715,16,1,Urbano,Lima Metropolitana,Ladrillo o Bloque de cemento,Red publica dentro de la vivienda,Hombre,Ocupado,5,3,1.67,45.0,8.0,3.0,0
002716,16,1,Urbano,Costa Sur,Ladrillo o Bloque de cemento,Red publica dentro de la vivienda,Mujer,Ocupado,4,4,1.0,57.0,18.0,7.0,0
002717,18,1,Urbano,Selva,Ladrillo o Bloque de cemento,Red publica dentro de la vivienda,Mujer,Ocupado,6,6,1.0,44.0,13.0,3.0,0
002718,12,1,Urbano,Lima Metropolitana,Ladrillo o Bloque de cemento,Red publica dentro de la vivienda,Mujer,Ocupado,3,3,1.0,24.0,18.0,3.0,0
002719,8,1,Rural,Costa Norte,Ladrillo o Bloque de cemento,Red publica dentro de la vivienda,Hombre,Ocupado,5,5,1.0,43.0,1.0,4.0,0
002720,7,1,Urbano,Selva,Ladrillo o Bloque de cemento,Red publica dentro de la vivienda,Hombre,Ocupado,5,4,1.25,52.0,18.0,5.0,1
002721,4,1,Rural,Selva,Madera,"Rio, acequia o manantial",Mujer,Ocupado,2,1,2.0,50.0,2.0,1.0,0
002722,4,1,Urbano,Lima Metropolitana,Ladrillo o Bloque de cemento,Red publica dentro de la vivienda,Mujer,Ocupado,2,1,2.0,45.0,15.0,7.0,0
002723,4,1,Rural,Sierra Centro,Ladrillo o Bloque de cemento,Red publica dentro de la vivienda,Mujer,Inactivo,8,8,1.0,82.0,0.0,5.0,1
002724,14,1,Rural,Sierra Sur,Adobe,Red publica fuera de la vivienda,Hombre,Inactivo,5,5,1.0,71.0,7.0,3.0,1
002725,19,1,Urbano,Costa Centro,Ladrillo o Bloque de cemento,Red publica dentro de la vivienda,Hombre,Ocupado,3,3,1.0,31.0,12.0,6.0,0
002726,10,1,Urbano,Lima Metropolitana,Ladrillo o Bloque de cemento,Red publica dentro de la vivienda,Hombre,Ocupado,6,2,3.0,29.0,11.0,6.0,0
002727,16,1,Urbano,Lima Metropolitana,Ladrillo o Bloque de cemento,Red publica dentro de la vivienda,Hombre,Inactivo,5,4,1.25,67.0,8.0,4.0,0
002728,13,1,Urbano,Costa Centro,Ladrillo o Bloque de cemento,Pozo,Hombre,Ocupado,3,1,3.0,63.0,10.0,3.0,0
002729,2,1,Urbano,Sierra Centro,Ladrillo o Bloque de cemento,Red publica dentro de la vivienda,Hombre,Inactivo,3,1,3.0,69.0,12.0,4.0,0
002730,14,1,Urbano,Lima Metropolitana,Ladrillo o Bloque de cemento,Red publica dentro de la vivienda,Hombre,Ocupado,4,3,1.33,42.0,9.0,4.0,0
002731,18,1,Urbano,Costa Norte,Ladrillo o Bloque de cemento,Red publica dentro de la vivienda,Hombre,Ocupado,4,2,2.0,46.0,10.0,3.0,0
002732,2,1,Rural,Sierra Norte,Ladrillo o Bloque de cemento,Red publica dentro de la vivienda,Mujer,Ocupado,3,2,1.5,,6.0,2.0,0
002733,17,1,Urbano,Selva,Ladrillo o Bloque de cemento,Red publica dentro de la vivienda,Hombre,Ocupado,5,2,2.5,50.0,12.0,3.0,1
002734,11,1,Urbano,Sierra Centro,Ladrillo o Bloque de cemento,Red publica dentro de la vivienda,Hombre,Ocupado,6,5,1.2,39.0,6.0,4.0,0
002735,4,1,Rural,Sierra Norte,Adobe,Pozo,Hombre,Ocupado,5,4,1.25,37.0,5.0,4.0,0
002736,18,1,Rural,Sierra Sur,Ladrillo o Bloque de cemento,"Rio, acequia o manantial",Hombre,Ocupado,5,4,1.25,61.0,7.0,4.0,0
002737,3,1,Urbano,Costa Sur,Ladrillo o Bloque de cemento,"Rio, acequia o manantial",Hombre,Ocupado,4,2,2.0,46.0,10.0,7.0,0
002738,9,1,Rural,Selva,Ladrillo o Bloque de cemento,Red publica dentro de la vivienda,Hombre,Ocupado,2,1,2.0,60.0,3.0,3.0,0
002739,16,1,Urbano,Lima Metropolitana,Ladrillo o Bloque de cemento,Red publica dentro de la vivienda,Hombre,Ocupado,4,3,1.33,46.0,15.0,6.0,0
002740,12,1,Rural,Selva,Adobe,Pozo,Mujer,Ocupado,3,2,1.5,56.0,10.0,1.0,0
002741,16,1,Urbano,Costa Norte,Adobe,Red publica dentro de la vivienda,Hombre,Ocupado,6,3,2.0,30.0,13.0,4.0,0
002742,3,1,Urbano,Lima Metropolitana,Ladrillo o Bloque de cemento,,Mujer,Ocupado,2,2,1.0,34.0,11.0,4.0,0
002743,18,1,Rural,Costa Centro,Adobe,Pozo,Hombre,Ocupado,2,1,2.0,54.0,6.0,5.0,0
002744,16,1,Urbano,Lima Metropolitana,Ladrillo o Bloque de cemento,Red publica dentro de la vivienda,Mujer,Inactivo,4,2,2.0,72.0,16.0,5.0,1
002745,12,1,Urbano,Sierra Centro,Ladrillo o Bloque de cemento,"Rio, acequia o manantial",Hombre,Desocupado,5,4,1.25,55.0,14.0,2.0,0
002746,6,1,Urbano,Lima Metropolitana,Madera,Red publica dentro de la vivienda,Hombre,Ocupado,5,4,1.25,48.0,17.0,7.0,0
002747,5,1,Urbano,Costa Sur,Adobe,Red publica fuera de la vivienda,Hombre,Inactivo,7,4,1.75,69.0,11.0,3.0,1
002748,1,1,Urbano,Costa Sur,Ladrillo o Bloque de cemento,Red publica dentro de la vivienda,Hombre,Ocupado,2,2,1.0,45.0,13.0,5.0,0
002749,17,1,Rural,Sierra Sur,Madera,Red publica dentro de la vivienda,Hombre,Ocupado,4,3,1.33,37.0,9.0,4.0,0
002750,2,1,Rural,Costa Norte,Ladrillo o Bloque de cemento,Red publica fuera de la vivienda,Hombre,Ocupado,6,3,2.0,48.0,11.0,3.0,0
002751,5,1,Urbano,Costa Sur,Madera,Red publica dentro de la vivienda,Hombre,Ocupado,2,1,2.0,53.0,4.0,2.0,0
002752,15,1,Urbano,Lima Metropolitana,Ladrillo o Bloque de cemento,Red publica dentro de la vivienda,Mujer,Ocupado,5,2,2.5,30.0,13.0,4.0,0
002753,9,1,Urbano,Lima Metropolitana,Ladrillo o Bloque de cemento,Red publica dentro de la vivienda,Hombre,Ocupado,3,3,1.0,50.0,16.0,6.0,0
002754,11,1,Rural,Costa Norte,Ladrillo o Bloque de cemento,Pozo,Mujer,Ocupado,3,3,1.0,,10.0,4.0,0
002755,13,1,Urbano,Lima Metropolitana,Ladrillo o Bloque de cemento,Red publica dentro de la vivienda,Hombre,Ocupado,6,5,1.2,44.0,11.0,5.0,0
002756,3,1,Urbano,Lima Metropolitana,Ladrillo o Bloque de cemento,Red publica dentro de la vivienda,Mujer,Ocupado,5,5,1.0,46.0,14.0,3.0,0
002757,1,1,Urbano,Lima Metropolitana,Ladrillo o Bloque de cemento,Red publica dentro de la vivienda,Hombre,Ocupado,3,2,1.5,48.0,15.0,5.0,0
002758,6,1,Urbano,Lima Metropolitana,Otro material,Red publica dentro de la vivienda,Hombre,Ocupado,1,1,1.0,21.0,17.0,4.0,0
002759,16,1,Urbano,Lima Metropolitana,Madera,Red publica dentro de la vivienda,Mujer,Ocupado,4,3,1.33,49.0,,3.0,0
002760,14,1,Urbano,Selva,Ladrillo o Bloque de cemento,Red publica dentro de la vivienda,Mujer,Ocupado,3,3,1.0,60.0,12.0,7.0,0
002761,9,1,Urbano,Lima Metropolitana,Ladrillo o Bloque de cemento,Red publica dentro de la vivienda,Hombre,Inactivo,2,1,2.0,68.0,12.0,5.0,1
002762,16,1,Urbano,Lima Metropolitana,Ladrillo o Bloque de cemento,Red publica fuera de la vivienda,Mujer,Inactivo,7,4,1.75,68.0,16.0,7.0,1
002763,7,1,Urbano,Costa Centro,Ladrillo o Bloque de cemento,Red publica fuera de la vivienda,Hombre,Ocupado,9,6,1.5,48.0,15.0,5.0,0
002764,9,1,Urbano,Sierra Norte,Ladrillo o Bloque de cemento,Red publica dentro de la vivienda,Hombre,Inactivo,4,1,4.0,83.0,14.0,2.0,1
002765,14,1,Urbano,Costa Norte,Ladrillo o Bloque de cemento,Red publica dentro de la vivienda,Hombre,Ocupado,4,2,2.0,37.0,13.0,2.0,0
002766,16,1,Urbano,Lima Metropolitana,Otro material,Red publica dentro de la vivienda,Mujer,Ocupado,5,4,1.25,38.0,13.0,3.0,0
002767,4,1,Rural,Sierra Sur,Madera,Red publica dentro de la vivienda,Hombre,Ocupado,4,2,2.0,48.0,5.0,3.0,1
002768,16,1,Urbano,Lima Metropolitana,Ladrillo o Bloque de cemento,Red publica fuera de la vivienda,Hombre,Ocupado,4,2,2.0,60.0,10.0,5.0,0
002769,4,1,Urbano,Lima Metropolitana,Madera,Red publica dentro de la vivienda,Hombre,Ocupado,2,1,2.0,57.0,16.0,5.0,0
002770,1,1,Urbano,Lima Metropolitana,Adobe,Red publica dentro de la vivienda,Hombre,Ocupado,5,3,1.67,18.0,16.0,3.0,0
002771,6,1,Rural,Costa Centro,Adobe,Red publica dentro de la vivienda,Hombre,Ocupado,5,4,1.25,35.0,7.0,7.0,0
002772,4,1,Urbano,Lima Metropolitana,Ladrillo o Bloque de cemento,Red publica fuera de la vivienda,Hombre,Ocupado,6,2,3.0,59.0,13.0,3.0,0
002773,9,1,Urbano,Lima Metropolitana,Ladrillo o Bloque de cemento,Red publica dentro de la vivienda,Hombre,Ocupado,3,3,1.0,36.0,13.0,5.0,0
002774,11,1,Urbano,Costa Norte,Ladrillo o Bloque de cemento,Red publica fuera de la vivienda,Hombre,Ocupado,3,1,3.0,46.0,15.0,7.0,0
002775,19,1,Urbano,Lima Metropolitana,Ladrillo o Bloque de cemento,Red publica dentro de la vivienda,Mujer,Ocupado,7,2,3.5,53.0,15.0,6.0,0
002776,14,1,Rural,Sierra Centro,Otro material,"Rio, acequia o manantial",Hombre,Ocupado,5,3,1.67,55.0,5.0,1.0,1
002777,16,1,Urbano,Lima Metropolitana,Ladrillo o Bloque de cemento,,Hombre,Desocupado,3,2,1.5,60.0,14.0,3.0,1
002778,16,1,Urbano,Selva,Ladrillo o Bloque de cemento,Red publica dentro de la vivienda,Hombre,Inactivo,3,1,3.0,66.0,6.0,2.0,1
002779,1,1,Urbano,Sierra Norte,Ladrillo o Bloque de cemento,Red publica dentro de la vivienda,Mujer,Ocupado,5,3,1.67,57.0,9.0,3.0,0
002780,5,1,Urbano,Costa Centro,Ladrillo o Bloque de cemento,Otro,Hombre,Ocupado,6,4,1.5,31.0,5.0,2.0,0
002781,5,1,Urbano,Costa Centro,Ladrillo o Bloque de cemento,Red publica dentro de la vivienda,Hombre,Ocupado,5,4,1.25,56.0,8.0,6.0,1
002782,14,1,Urbano,Costa Centro,Ladrillo o Bloque de cemento,Red publica dentro de la vivienda,Mujer,Ocupado,2,2,1.0,63.0,9.0,3.0,0
002783,12,1,Urbano,Lima Metropolitana,Ladrillo o Bloque de cemento,Red publica dentro de la vivienda,Hombre,Ocupado,2,2,1.0,54.0,6.0,7.0,0
002784,2,1,Rural,Sierra Centro,,Pozo,Mujer,Inactivo,2,2,1.0,66.0,10.0,,0
002785,13,1,Urbano,Costa Sur,Ladrillo o Bloque de cemento,Red publica fuera de la vivienda,Hombre,Ocupado,2,1,2.0,51.0,9.0,1.0,0
002786,8,1,Urbano,Lima Metropolitana,Ladrillo o Bloque de cemento,Red publica dentro de la vivienda,Mujer,Ocupado,4,3,1.33,46.0,11.0,3.0,0
002787,1,1,Urbano,Lima Metropolitana,Ladrillo o Bloque de cemento,Red publica fuera de la vivienda,Hombre,Ocupado,4,3,1.33,36.0,10.0,2.0,0
002788,10,1,Rural,Selva,Adobe,Red publica fuera de la vivienda,Hombre,Inactivo,5,3,1.67,76.0,8.0,3.0,1
002789,9,1,Urbano,Lima Metropolitana,Ladrillo o Bloque de cemento,Red publica dentro de la vivienda,Hombre,Ocupado,4,2,2.0,33.0,,4.0,0
002790,14,1,Rural,Sierra Centro,Adobe,Red publica dentro de la vivienda,Hombre,Ocupado,4,3,1.33,48.0,8.0,2.0,0
002791,9,1,Urbano,Lima Metropolitana,Ladrillo o Bloque de cemento,Red publica dentro de la vivienda,Hombre,Ocupado,4,3,1.33,43.0,14.0,5.0,0
002792,5,1,Urbano,Costa Norte,Ladrillo o Bloque de cemento,Red publica dentro de la vivienda,Hombre,Ocupado,2,1,2.0,29.0,5.0,5.0,0
002793,3,1,Urbano,Lima Metropolitana,Ladrillo o Bloque de cemento,Pozo,Hombre,Ocupado,3,2,1.5,60.0,12.0,4.0,0
002794,8,1,Urbano,Lima Metropolitana,Ladrillo o Bloque de cemento,Red publica dentro de la vivienda,Hombre,Desocupado,7,3,2.33,55.0,15.0,5.0,1
002795,2,1,Urbano,Lima Metropolitana,Ladrillo o Bloque de cemento,Red publica fuera de la vivienda,Mujer,Ocupado,2,2,1.0,51.0,16.0,4.0,0
002796,13,1,Urbano,Selva,Ladrillo o Bloque de cemento,Red publica dentro de la vivienda,Hombre,Ocupado,3,3,1.0,39.0,13.0,4.0,0
002797,16,1,Urbano,Lima Metropolitana,Ladrillo o Bloque de cemento,Red publica dentro de la vivienda,Mujer,Ocupado,6,6,1.0,56.0,18.0,3.0,0
002798,7,1,Rural,Sierra Centro,Madera,Red publica dentro de la vivienda,Mujer,Ocupado,8,4,2.0,44.0,4.0,2.0,0
002799,10,1,Urbano,Lima Metropolitana,Madera,Red publica dentro de la vivienda,Hombre,Ocupado,4,4,1.0,55.0,10.0,1.0,0
002800,1,1,Urbano,Lima Metropolitana,Madera,Red publica dentro de la vivienda,Hombre,Inactivo,1,1,1.0,68.0,14.0,4.0,0
002801,16,1,Urbano,Lima Metropolitana,Ladrillo o Bloque de cemento,Red publica fuera de la vivienda,Mujer,Ocupado,4,2,2.0,18.0,17.0,2.0,0
002802,14,1,Rural,Sierra Sur,Madera,Pozo,Hombre,Ocupado,6,3,2.0,62.0,11.0,4.0,1
002803,4,1,Urbano,Costa Norte,Otro material,Red publica dentro de la vivienda,Mujer,Inactivo,1,1,1.0,81.0,4.0,6.0,0
002804,19,1,Rural,Selva,Adobe,Red publica dentro de la vivienda,Mujer,Inactivo,6,3,2.0,72.0,7.0,6.0,1
002805,17,1,Urbano,Costa Centro,Ladrillo o Bloque de cemento,Red publica dentro de la vivienda,Hombre,Ocupado,5,3,1.67,59.0,14.0,3.0,0
002806,17,1,Urbano,Sierra Norte,Ladrillo o Bloque de cemento,Red publica dentro de la vivienda,Hombre,Inactivo,5,4,1.25,65.0,14.0,7.0,1
002807,5,1,Rural,Sierra Norte,Ladrillo o Bloque de cemento,Red publica fuera de la vivienda,Hombre,Ocupado,7,4,1.75,36.0,8.0,3.0,1
002808,4,1,Urbano,Lima Metropolitana,Ladrillo o Bloque de cemento,Red publica fuera de la vivienda,Hombre,Ocupado,7,4,1.75,51.0,12.0,4.0,0
002809,18,1,Urbano,Costa Sur,Ladrillo o Bloque de cemento,Red publica dentro de la vivienda,Hombre,Ocupado,6,4,1.5,46.0,1.0,2.0,0
002810,2,1,Urbano,Costa Centro,Ladrillo o Bloque de cemento,Red publica dentro de la vivienda,Hombre,Ocupado,5,4,1.25,41.0,18.0,3.0,1
002811,12,1,Urbano,Costa Norte,Ladrillo o Bloque de cemento,Red publica dentro de la vivienda,Hombre,Ocupado,6,3,2.0,62.0,13.0,8.0,0
002812,18,1,Urbano,Lima Metropolitana,Madera,Red publica dentro de la vivienda,Hombre,Ocupado,3,3,1.0,45.0,10.0,1.0,0
002813,19,1,Urbano,Lima Metropolitana,Madera,Red publica dentro de la vivienda,Mujer,Ocupado,6,3,2.0,22.0,11.0,6.0,0
002814,16,1,Urbano,Costa Norte,Ladrillo o Bloque de cemento,Red publica dentro de la vivienda,Hombre,Ocupado,7,5,1.4,54.0,12.0,3.0,0
002815,8,1,Rural,Costa Norte,Adobe,Red publica fuera de la vivienda,Hombre,Ocupado,1,1,1.0,48.0,8.0,5.0,0
002816,12,1,Rural,Selva,Ladrillo o Bloque de cemento,"Rio, acequia o manantial",Hombre,Ocupado,6,3,2.0,58.0,2.0,3.0,1
002817,15,1,Urbano,Sierra Norte,Ladrillo o Bloque de cemento,Red publica dentro de la vivienda,Hombre,Ocupado,3,1,3.0,42.0,8.0,3.0,1
002818,2,1,Urbano,Selva,Ladrillo o Bloque de cemento,Red publica dentro de la vivienda,Hombre,Ocupado,2,1,2.0,24.0,13.0,6.0,0
002819,3,1,Rural,Sierra Sur,Ladrillo o Bloque de cemento,Red publica fuera de la vivienda,Hombre,Ocupado,6,5,1.2,34.0,5.0,2.0,1
002820,11,1,Urbano,Lima Metropolitana,Ladrillo o Bloque de cemento,Red publica dentro de la vivienda,Mujer,Ocupado,6,5,1.2,35.0,7.0,4.0,0
002821,4,1,Urbano,Sierra Norte,Ladrillo o Bloque de cemento,Red publica dentro de la vivienda,Mujer,Ocupado,3,1,3.0,34.0,8.0,2.0,1
002822,8,1,Urbano,Lima Metropolitana,Adobe,Red publica dentro de la vivienda,Hombre,Ocupado,4,3,1.33,40.0,12.0,5.0,0
002823,5,1,Rural,Costa Norte,Otro material,Red publica fuera de la vivienda,Mujer,Desocupado,5,4,1.25,58.0,1.0,2.0,1
002824,12,1,Urbano,Lima Metropolitana,Otro material,Red publica dentro de la vivienda,Mujer,Ocupado,5,5,1.0,29.0,18.0,5.0,0
002825,10,1,Urbano,Lima Metropolitana,Ladrillo o Bloque de cemento,Red publica dentro de la vivienda,Mujer,Ocupado,3,2,1.5,60.0,16.0,3.0,0
002826,19,1,Urbano,Lima Metropolitana,Ladrillo o Bloque de cemento,Red publica dentro de la vivienda,Hombre,Ocupado,2,1,2.0,30.0,15.0,4.0,0
002827,13,1,Urbano,Sierra Sur,Ladrillo o Bloque de cemento,Red publica dentro de la vivienda,Hombre,Ocupado,5,2,2.5,43.0,11.0,4.0,0
002828,1,1,Urbano,Costa Sur,Adobe,Red publica dentro de la vivienda,Hombre,Ocupado,5,2,2.5,48.0,7.0,3.0,0
002829,18,1,Urbano,Lima Metropolitana,Ladrillo o Bloque de cemento,Red publica dentro de la vivienda,Hombre,Ocupado,1,1,1.0,44.0,10.0,7.0,0
002830,11,1,Urbano,Lima Metropolitana,Ladrillo o Bloque de cemento,Red publica dentro de la vivienda,Hombre,Ocupado,5,3,1.67,57.0,17.0,5.0,0
002831,5,1,Urbano,Costa Sur,Ladrillo o Bloque de cemento,,Hombre,Ocupado,7,5,1.4,46.0,8.0,6.0,0
002832,4,1,Rural,Sierra Sur,Madera,Otro,Hombre,Ocupado,5,4,1.25,46.0,6.0,3.0,0
002833,12,1,Rural,Sierra Sur,Ladrillo o Bloque de cemento,Pozo,Mujer,Ocupado,6,6,1.0,18.0,6.0,4.0,0
002834,14,1,Urbano,Lima Metropolitana,Ladrillo o Bloque de cemento,Red publica dentro de la vivienda,Hombre,Ocupado,5,2,2.5,54.0,12.0,3.0,1
002835,11,1,Urbano,Lima Metropolitana,Ladrillo o Bloque de cemento,Red publica dentro de la vivienda,Hombre,Inactivo,7,6,1.17,74.0,12.0,5.0,0
002836,8,1,Urbano,Lima Metropolitana,Ladrillo o Bloque de cemento,Red publica dentro de la vivienda,Hombre,Ocupado,4,3,1.33,41.0,12.0,5.0,0
002837,17,1,Urbano,Lima Metropolitana,Ladrillo o Bloque de cemento,Red publica dentro de la vivienda,Mujer,Ocupado,5,5,1.0,57.0,11.0,5.0,0
002838,9,1,Urbano,Sierra Norte,Ladrillo o Bloque de cemento,Red publica dentro de la vivienda,Hombre,Ocupado,4,4,1.0,36.0,10.0,2.0,0
002839,19,1,Rural,Sierra Centro,Adobe,Red publica dentro de la vivienda,Mujer,Ocupado,8,4,2.0,62.0,6.0,3.0,0
002840,15,1,Urbano,Costa Norte,Adobe,Red publica dentro de la vivienda,Hombre,Ocupado,4,3,1.33,55.0,8.0,1.0,0
002841,5,1,Urbano,Lima Metropolitana,Ladrillo o Bloque de cemento,Red publica dentro de la vivienda,Hombre,Ocupado,4,4,1.0,43.0,8.0,5.0,1
002842,15,1,Urbano,Sierra Sur,Otro material,Red publica dentro de la vivienda,Hombre,Ocupado,4,3,1.33,42.0,10.0,3.0,1
002843,8,1,Rural,Sierra Sur,Adobe,"Rio, acequia o manantial",Hombre,Ocupado,4,3,1.33,57.0,4.0,3.0,1
002844,16,1,Urbano,Sierra Norte,Ladrillo o Bloque de cemento,Red publica dentro de la vivienda,Mujer,Ocupado,2,1,2.0,49.0,11.0,6.0,0
002845,19,1,Urbano,Costa Sur,Ladrillo o Bloque de cemento,Red publica dentro de la vivienda,Hombre,Ocupado,5,2,2.5,31.0,8.0,6.0,0
002846,4,1,Urbano,Selva,Ladrillo o Bloque de cemento,Red publica dentro de la vivienda,Mujer,Ocupado,4,2,2.0,27.0,5.0,5.0,1
002847,11,1,Urbano,Costa Sur,Adobe,Red publica dentro de la vivienda,Hombre,Ocupado,9,7,1.29,56.0,16.0,3.0,0
002848,19,1,Rural,Costa Norte,Otro material,Red publica dentro de la vivienda,Mujer,Ocupado,5,3,1.67,37.0,4.0,3.0,1
002849,6,1,Urbano,Lima Metropolitana,Ladrillo o Bloque de cemento,Red publica dentro de la vivienda,Mujer,Ocupado,5,2,2.5,48.0,5.0,1.0,0
002850,13,1,Urbano,Sierra Centro,Ladrillo o Bloque de cemento,Red publica dentro de la vivienda,Mujer,Ocupado,4,4,1.0,56.0,13.0,7.0,0
002851,3,1,Rural,Sierra Centro,Adobe,"Rio, acequia o manantial",Mujer,Ocupado,6,2,3.0,31.0,5.0,3.0,1
002852,4,1,Rural,Sierra Sur,Adobe,Red publica dentro de la vivienda,Mujer,Ocupado,2,1,2.0,34.0,6.0,2.0,1
002853,10,1,Urbano,Lima Metropolitana,Ladrillo o Bloque de cemento,Red publica dentro de la vivienda,Mujer,Inactivo,8,3,2.67,71.0,13.0,5.0,0
002854,15,1,Urbano,Sierra Norte,Ladrillo o Bloque de cemento,Red publica dentro de la vivienda,Hombre,Ocupado,3,2,1.5,42.0,14.0,4.0,1
002855,16,1,Urbano,Lima Metropolitana,Ladrillo o Bloque de cemento,Red publica dentro de la vivienda,Mujer,Ocupado,2,1,2.0,62.0,13.0,8.0,0
002856,8,1,Urbano,Lima Metropolitana,Adobe,Red publica dentro de la vivienda,Hombre,Inactivo,5,4,1.25,83.0,8.0,3.0,1
002857,6,1,Urbano,Lima Metropolitana,Ladrillo o Bloque de cemento,Red publica dentro de la vivienda,Hombre,Ocupado,2,1,2.0,51.0,8.0,5.0,0
002858,12,1,Urbano,Sierra Sur,Ladrillo o Bloque de cemento,Red publica dentro de la vivienda,Hombre,Ocupado,3,2,1.5,36.0,6.0,4.0,0
002859,11,1,Urbano,Lima Metropolitana,Ladrillo o Bloque de cemento,"Rio, acequia o manantial",Hombre,Ocupado,4,3,1.33,50.0,11.0,3.0,0
002860,16,1,Rural,Sierra Sur,Ladrillo o Bloque de cemento,Otro,Mujer,Ocupado,5,2,2.5,45.0,7.0,3.0,1
002861,16,1,Rural,Sierra Sur,Adobe,Red publica dentro de la vivienda,Mujer,Ocupado,5,5,1.0,49.0,4.0,1.0,0
002862,19,1,Urbano,Selva,Ladrillo o Bloque de cemento,Red publica fuera de la vivienda,Mujer,Ocupado,5,4,1.25,58.0,9.0,2.0,1
002863,16,1,Rural,Sierra Norte,,Red publica dentro de la vivienda,Hombre,Ocupado,8,6,1.33,60.0,4.0,4.0,0
002864,4,1,Urbano,Costa Centro,Ladrillo o Bloque de cemento,Red publica dentro de la vivienda,Hombre,Ocupado,5,3,1.67,20.0,9.0,1.0,0
002865,6,1,Rural,Sierra Sur,Adobe,Red publica dentro de la vivienda,Hombre,Inactivo,4,2,2.0,65.0,8.0,6.0,1
002866,18,1,Urbano,Costa Centro,Ladrillo o Bloque de cemento,Red publica dentro de la vivienda,Hombre,Ocupado,7,7,1.0,52.0,10.0,2.0,0
002867,12,1,Rural,Sierra Sur,Adobe,Red publica dentro de la vivienda,Hombre,Ocupado,3,3,1.0,40.0,10.0,4.0,1
002868,5,1,Rural,Selva,Adobe,"Rio, acequia o manantial",Mujer,Ocupado,4,3,1.33,58.0,5.0,3.0,0
002869,10,1,Urbano,Lima Metropolitana,Madera,Red publica dentro de la vivienda,Hombre,Ocupado,5,4,1.25,33.0,12.0,4.0,0
002870,18,1,Urbano,Costa Norte,Ladrillo o Bloque de cemento,,Mujer,Ocupado,1,1,1.0,34.0,10.0,1.0,0
002871,18,1,Urbano,Lima Metropolitana,Ladrillo o Bloque de cemento,Red publica dentro de la vivienda,Hombre,Ocupado,3,2,1.5,63.0,13.0,3.0,0
002872,3,1,Rural,Sierra Sur,Adobe,"Rio, acequia o manantial",Hombre,Desocupado,3,1,3.0,49.0,8.0,,1
002873,1,1,Urbano,Costa Norte,Ladrillo o Bloque de cemento,Red publica dentro de la vivienda,Hombre,Inactivo,4,2,2.0,70.0,11.0,2.0,1
002874,15,1,Rural,Sierra Norte,Adobe,Red publica dentro de la vivienda,Hombre,Ocupado,4,4,1.0,38.0,15.0,5.0,1
002875,13,1,Urbano,Costa Centro,Ladrillo o Bloque de cemento,Red publica dentro de la vivienda,Hombre,Ocupado,7,6,1.17,52.0,16.0,4.0,0
002876,11,1,Urbano,Costa Sur,Adobe,Red publica dentro de la vivienda,Hombre,Ocupado,6,3,2.0,53.0,9.0,3.0,0
002877,19,1,Rural,Sierra Norte,Adobe,Red publica dentro de la vivienda,Hombre,Ocupado,4,4,1.0,54.0,11.0,5.0,1
002878,1,1,Rural,Sierra Centro,Ladrillo o Bloque de cemento,Red publica fuera de la vivienda,Hombre,Ocupado,5,4,1.25,57.0,10.0,1.0,1
002879,10,1,Rural,Selva,Adobe,Red publica fuera de la vivienda,Hombre,Ocupado,1,1,1.0,54.0,2.0,6.0,0
002880,5,1,Urbano,Costa Norte,Ladrillo o Bloque de cemento,Red publica dentro de la vivienda,Hombre,Ocupado,4,1,4.0,48.0,4.0,4.0,1
002881,12,1,Rural,Costa Centro,Adobe,Red publica dentro de la vivienda,Mujer,Ocupado,5,3,1.67,21.0,7.0,5.0,1
002882,14,1,Urbano,Costa Norte,Ladrillo o Bloque de cemento,Red publica dentro de la vivienda,Hombre,Ocupado,3,1,3.0,60.0,10.0,2.0,0
002883,2,1,Urbano,Selva,Adobe,Red publica dentro de la vivienda,Mujer,Ocupado,4,3,1.33,18.0,3.0,2.0,0
002884,12,1,Urbano,Sierra Norte,Ladrillo o Bloque de cemento,Red publica dentro de la vivienda,Hombre,Ocupado,8,4,2.0,31.0,11.0,2.0,0
002885,3,1,Urbano,Selva,Ladrillo o Bloque de cemento,Red publica fuera de la vivienda,Mujer,Ocupado,5,3,1.67,38.0,11.0,2.0,0
002886,12,1,Urbano,Costa Sur,Ladrillo o Bloque de cemento,Red publica dentro de la vivienda,Hombre,Ocupado,4,3,1.33,61.0,9.0,3.0,0
002887,13,1,Urbano,Costa Norte,Ladrillo o Bloque de cemento,Red publica dentro de la vivienda,Hombre,Ocupado,5,4,1.25,45.0,16.0,3.0,0
002888,9,1,Urbano,Lima Metropolitana,Ladrillo o Bloque de cemento,Red publica dentro de la vivienda,Mujer,Inactivo,7,5,1.4,74.0,12.0,3.0,1
002889,9,1,Urbano,Costa Centro,Madera,Red publica dentro de la vivienda,Hombre,Ocupado,5,4,1.25,29.0,10.0,2.0,0
002890,13,1,Rural,Costa Centro,Madera,Pozo,Hombre,Ocupado,9,5,1.8,33.0,6.0,2.0,0
002891,16,1,Urbano,Costa Centro,Ladrillo o Bloque de cemento,Red publica dentro de la vivienda,Mujer,Ocupado,2,2,1.0,18.0,7.0,3.0,0
002892,16,1,Urbano,Lima Metropolitana,Ladrillo o Bloque de cemento,Red publica fuera de la vivienda,Hombre,Ocupado,9,5,1.8,32.0,9.0,5.0,0
002893,14,1,Urbano,Selva,Otro material,Otro,Hombre,Ocupado,6,4,1.5,39.0,2.0,3.0,0
002894,4,1,Urbano,Selva,Ladrillo o Bloque de cemento,Red publica fuera de la vivienda,Mujer,Inactivo,5,4,1.25,69.0,12.0,6.0,1
002895,8,1,Urbano,Lima Metropolitana,,Red publica fuera de la vivienda,Hombre,Ocupado,4,3,1.33,63.0,15.0,4.0,0
002896,6,1,Urbano,Costa Norte,Ladrillo o Bloque de cemento,Red publica dentro de la vivienda,Hombre,Ocupado,6,5,1.2,51.0,12.0,4.0,0
002897,12,1,Urbano,Lima Metropolitana,Ladrillo o Bloque de cemento,Red publica dentro de la vivienda,Hombre,Desocupado,8,4,2.0,44.0,13.0,4.0,1
002898,19,1,Urbano,Costa Sur,Ladrillo o Bloque de cemento,Red publica dentro de la vivienda,Hombre,Ocupado,4,1,4.0,59.0,11.0,4.0,1
002899,13,1,Urbano,Lima Metropolitana,Ladrillo o Bloque de cemento,Red publica dentro de la vivienda,Hombre,Inactivo,3,1,3.0,66.0,17.0,7.0,0
002900,5,1,Rural,Sierra Sur,Adobe,Pozo,Mujer,Ocupado,7,4,1.75,39.0,6.0,4.0,0
002901,7,1,Rural,Sierra Centro,Ladrillo o Bloque de cemento,"Rio, acequia o manantial",Hombre,Ocupado,5,3,1.67,40.0,9.0,4.0,0
002902,4,1,Urbano,Lima Metropolitana,Ladrillo o Bloque de cemento,Red publica dentro de la vivienda,Mujer,Ocupado,5,3,1.67,42.0,15.0,8.0,0
002903,12,1,Urbano,Costa Centro,Ladrillo o Bloque de cemento,Red publica dentro de la vivienda,Hombre,Ocupado,6,3,2.0,24.0,6.0,3.0,0
002904,9,1,Urbano,Lima Metropolitana,Ladrillo o Bloque de cemento,Red publica dentro de la vivienda,Hombre,Inactivo,3,1,3.0,65.0,14.0,4.0,1
002905,19,1,Rural,Sierra Centro,Madera,Red publica dentro de la vivienda,Hombre,Ocupado,5,5,1.0,40.0,,3.0,0
002906,17,1,Urbano,Lima Metropolitana,Ladrillo o Bloque de cemento,Red publica dentro de la vivienda,Mujer,Ocupado,5,3,1.67,44.0,11.0,6.0,0
002907,1,1,Urbano,Lima Metropolitana,Ladrillo o Bloque de cemento,Red publica dentro de la vivienda,Hombre,Inactivo,7,5,1.4,68.0,12.0,2.0,1
002908,1,1,Rural,Costa Norte,Adobe,Red publica fuera de la vivienda,Hombre,Ocupado,6,6,1.0,40.0,10.0,4.0,0
002909,5,1,Urbano,Lima Metropolitana,Ladrillo o Bloque de cemento,Red publica dentro de la vivienda,Mujer,Inactivo,3,1,3.0,66.0,10.0,5.0,1
002910,17,1,Urbano,Selva,Ladrillo o Bloque de cemento,Red publica dentro de la vivienda,Hombre,Ocupado,6,3,2.0,24.0,12.0,3.0,0
002911,13,1,Urbano,Lima Metropolitana,Ladrillo o Bloque de cemento,"Rio, acequia o manantial",Mujer,Ocupado,5,2,2.5,56.0,7.0,8.0,0
002912,16,1,Urbano,Costa Centro,Ladrillo o Bloque de cemento,Red publica fuera de la vivienda,Mujer,Desocupado,3,1,3.0,42.0,10.0,3.0,1
002913,12,1,Urbano,Selva,Ladrillo o Bloque de cemento,Red publica dentro de la vivienda,Mujer,Ocupado,4,3,1.33,26.0,9.0,5.0,0
002914,8,1,Urbano,Lima Metropolitana,Ladrillo o Bloque de cemento,Red publica dentro de la vivienda,Hombre,Ocupado,1,1,1.0,32.0,16.0,3.0,0
002915,14,1,Urbano,Sierra Sur,Ladrillo o Bloque de cemento,Red publica dentro de la vivienda,Hombre,Ocupado,6,4,1.5,50.0,8.0,6.0,0
002916,2,1,Urbano,Costa Centro,Ladrillo o Bloque de cemento,Red publica dentro de la vivienda,Hombre,Ocupado,8,2,4.0,35.0,6.0,2.0,0
002917,14,1,Rural,Sierra Norte,,Pozo,Hombre,Ocupado,4,4,1.0,53.0,5.0,2.0,0
002918,14,1,Urbano,Lima Metropolitana,Adobe,Red publica dentro de la vivienda,Hombre,Ocupado,3,3,1.0,38.0,10.0,4.0,0
002919,14,1,Urbano,Costa Norte,Adobe,Red publica dentro de la vivienda,Hombre,Ocupado,7,4,1.75,25.0,12.0,3.0,0
002920,5,1,Rural,Lima Metropolitana,Ladrillo o Bloque de cemento,Red publica dentro de la vivienda,Hombre,Ocupado,4,3,1.33,62.0,12.0,3.0,0
002921,11,1,Urbano,Lima Metropolitana,Ladrillo o Bloque de cemento,"Rio, acequia o manantial",Hombre,Ocupado,2,2,1.0,52.0,11.0,4.0,0
002922,17,1,Urbano,Costa Norte,Ladrillo o Bloque de cemento,Red publica dentro de la vivienda,Hombre,Ocupado,4,3,1.33,23.0,12.0,3.0,0
002923,10,1,Urbano,Costa Centro,Ladrillo o Bloque de cemento,Red publica dentro de la vivienda,Mujer,Ocupado,8,7,1.14,57.0,11.0,7.0,0
002924,10,1,Urbano,Lima Metropolitana,Ladrillo o Bloque de cemento,Red publica dentro de la vivienda,Hombre,Desocupado,6,4,1.5,50.0,14.0,3.0,1
002925,15,1,Urbano,Costa Norte,Adobe,Red publica fuera de la vivienda,Hombre,Ocupado,4,3,1.33,42.0,8.0,2.0,0
002926,9,1,Rural,Selva,Adobe,"Rio, acequia o manantial",Hombre,Ocupado,5,3,1.67,43.0,6.0,3.0,0
002927,6,1,Urbano,Lima Metropolitana,Ladrillo o Bloque de cemento,Red publica dentro de la vivienda,Hombre,Inactivo,7,2,3.5,67.0,15.0,7.0,1
002928,15,1,Urbano,Selva,Ladrillo o Bloque de cemento,"Rio, acequia o manantial",Hombre,Ocupado,4,4,1.0,52.0,8.0,3.0,0
002929,7,1,Urbano,Sierra Centro,Otro material,Red publica dentro de la vivienda,Hombre,Inactivo,9,4,2.25,67.0,10.0,3.0,1
002930,4,1,Urbano,Lima Metropolitana,Ladrillo o Bloque de cemento,Red publica dentro de la vivienda,Hombre,Ocupado,4,3,1.33,55.0,12.0,5.0,0
002931,5,1,Rural,Selva,Adobe,,Hombre,Ocupado,5,2,2.5,51.0,2.0,4.0,1
002932,16,1,Urbano,Costa Sur,Ladrillo o Bloque de cemento,Red publica dentro de la vivienda,Hombre,Ocupado,4,3,1.33,37.0,13.0,5.0,0
002933,18,1,Urbano,Selva,Ladrillo o Bloque de cemento,Red publica dentro de la vivienda,Hombre,Ocupado,5,4,1.25,50.0,9.0,5.0,0
002934,1,1,Urbano,Lima Metropolitana,Adobe,,Hombre,Ocupado,4,2,2.0,62.0,12.0,4.0,0
002935,7,1,Urbano,Lima Metropolitana,Ladrillo o Bloque de cemento,Otro,Hombre,Ocupado,1,1,1.0,49.0,14.0,2.0,0
002936,7,1,Rural,Sierra Sur,Madera,"Rio, acequia o manantial",Hombre,Inactivo,4,3,1.33,75.0,9.0,3.0,1
002937,19,1,Urbano,Sierra Norte,Ladrillo o Bloque de cemento,Red publica dentro de la vivienda,Mujer,Ocupado,5,4,1.25,62.0,7.0,2.0,0
002938,5,1,Urbano,Costa Norte,Ladrillo o Bloque de cemento,Otro,Hombre,Ocupado,6,5,1.2,31.0,12.0,4.0,0
002939,13,1,Rural,Sierra Norte,Otro material,Red publica dentro de la vivienda,Hombre,Ocupado,4,4,1.0,41.0,10.0,4.0,0
002940,15,1,Urbano,Costa Norte,Ladrillo o Bloque de cemento,Red publica dentro de la vivienda,Mujer,Ocupado,8,4,2.0,57.0,9.0,5.0,0
002941,6,1,Urbano,Lima Metropolitana,Ladrillo o Bloque de cemento,Red publica dentro de la vivienda,Hombre,Ocupado,9,6,1.5,27.0,15.0,4.0,0
002942,9,1,Urbano,Costa Sur,Ladrillo o Bloque de cemento,Red publica dentro de la vivienda,Mujer,Ocupado,3,1,3.0,46.0,12.0,4.0,0
002943,8,1,Urbano,Lima Metropolitana,Ladrillo o Bloque de cemento,Pozo,Hombre,Ocupado,3,3,1.0,35.0,14.0,3.0,0
002944,2,1,Urbano,Costa Centro,Otro material,Red publica dentro de la vivienda,Mujer,Ocupado,9,4,2.25,49.0,14.0,7.0,0
002945,3,1,Urbano,Sierra Norte,Ladrillo o Bloque de cemento,Red publica dentro de la vivienda,Hombre,Ocupado,5,3,1.67,35.0,8.0,4.0,0
002946,7,1,Urbano,Sierra Sur,Ladrillo o Bloque de cemento,Pozo,Hombre,Ocupado,3,2,1.5,63.0,8.0,4.0,0
002947,5,1,Urbano,Sierra Norte,Adobe,Red publica dentro de la vivienda,Hombre,Ocupado,3,2,1.5,41.0,15.0,7.0,0
002948,10,1,Urbano,Lima Metropolitana,,Red publica dentro de la vivienda,Hombre,Ocupado,4,4,1.0,57.0,11.0,7.0,0
002949,17,1,Urbano,Lima Metropolitana,Ladrillo o Bloque de cemento,Red publica dentro de la vivienda,Hombre,Ocupado,2,2,1.0,27.0,8.0,2.0,0
002950,18,1,Urbano,Lima Metropolitana,Ladrillo o Bloque de cemento,Red publica dentro de la vivienda,Hombre,Ocupado,1,1,1.0,44.0,12.0,8.0,0
002951,10,1,Urbano,Costa Centro,Ladrillo o Bloque de cemento,Red publica dentro de la vivienda,Hombre,Ocupado,2,1,2.0,30.0,11.0,,0
002952,8,1,Urbano,Lima Metropolitana,Madera,Red publica dentro de la vivienda,Mujer,Inactivo,4,1,4.0,65.0,13.0,7.0,0
002953,16,1,Urbano,Costa Centro,Ladrillo o Bloque de cemento,Red publica dentro de la vivienda,Hombre,Ocupado,8,4,2.0,37.0,10.0,2.0,0
002954,8,1,Urbano,Lima Metropolitana,Ladrillo o Bloque de cemento,Red publica dentro de la vivienda,Hombre,Ocupado,8,4,2.0,47.0,18.0,6.0,0
002955,16,1,Urbano,Selva,Ladrillo o Bloque de cemento,Red publica dentro de la vivienda,Hombre,Ocupado,3,3,1.0,53.0,8.0,4.0,0
002956,14,1,Urbano,Sierra Centro,Ladrillo o Bloque de cemento,Red publica dentro de la vivienda,Mujer,Ocupado,5,3,1.67,38.0,5.0,3.0,0
002957,17,1,Urbano,Costa Centro,Ladrillo o Bloque de cemento,Red publica dentro de la vivienda,Hombre,Ocupado,3,2,1.5,31.0,6.0,4.0,0
002958,13,1,Urbano,Costa Norte,Adobe,Red publica dentro de la vivienda,Mujer,Ocupado,5,2,2.5,51.0,9.0,6.0,0
002959,19,1,Rural,Sierra Norte,Madera,Pozo,Mujer,Ocupado,3,3,1.0,21.0,8.0,3.0,0
002960,18,1,Urbano,Lima Metropolitana,Ladrillo o Bloque de cemento,Red publica dentro de la vivienda,Hombre,Inactivo,4,3,1.33,67.0,12.0,5.0,1
002961,4,1,Urbano,Lima Metropolitana,Ladrillo o Bloque de cemento,Red publica dentro de la vivienda,Mujer,Ocupado,7,4,1.75,46.0,14.0,4.0,0
002962,19,1,Urbano,Lima Metropolitana,Ladrillo o Bloque de cemento,Red publica dentro de la vivienda,Hombre,Desocupado,6,3,2.0,27.0,10.0,5.0,1
002963,3,1,Urbano,Costa Centro,Otro material,Red publica dentro de la vivienda,Hombre,Ocupado,5,4,1.25,44.0,12.0,5.0,0
002964,3,1,Urbano,Selva,Ladrillo o Bloque de cemento,Red publica dentro de la vivienda,Hombre,Ocupado,4,3,1.33,56.0,6.0,3.0,0
002965,15,1,Rural,Sierra Norte,Ladrillo o Bloque de cemento,Red publica dentro de la vivienda,Hombre,Ocupado,3,3,1.0,37.0,7.0,1.0,0
002966,5,1,Rural,Selva,Adobe,"Rio, acequia o manantial",Hombre,Ocupado,5,2,2.5,21.0,8.0,1.0,1
002967,3,1,Rural,Sierra Norte,Adobe,"Rio, acequia o manantial",Hombre,Ocupado,3,2,1.5,46.0,3.0,5.0,0
002968,12,1,Urbano,Sierra Norte,Ladrillo o Bloque de cemento,Red publica dentro de la vivienda,Hombre,Ocupado,4,3,1.33,59.0,16.0,7.0,0
002969,9,1,Urbano,Selva,Ladrillo o Bloque de cemento,Red publica dentro de la vivienda,Hombre,Desocupado,4,2,2.0,51.0,5.0,3.0,1
002970,3,1,Urbano,Costa Sur,Ladrillo o Bloque de cemento,Red publica dentro de la vivienda,Hombre,Ocupado,4,3,1.33,54.0,13.0,6.0,0
002971,13,1,Rural,Sierra Sur,Adobe,Red publica fuera de la vivienda,Hombre,Ocupado,7,3,2.33,61.0,9.0,2.0,0
002972,13,1,Urbano,Lima Metropolitana,Ladrillo o Bloque de cemento,Red publica dentro de la vivienda,Mujer,Inactivo,7,3,2.33,70.0,10.0,3.0,1
002973,14,1,Urbano,Costa Centro,Ladrillo o Bloque de cemento,Red publica dentro de la vivienda,Hombre,Ocupado,4,3,1.33,18.0,12.0,4.0,0
002974,8,1,Urbano,Lima Metropolitana,Ladrillo o Bloque de cemento,Red publica dentro de la vivienda,Mujer,Ocupado,5,4,1.25,29.0,10.0,3.0,0
002975,13,1,Urbano,Selva,Ladrillo o Bloque de cemento,Red publica dentro de la vivienda,Hombre,Ocupado,5,4,1.25,50.0,12.0,8.0,0
002976,7,1,Urbano,Lima Metropolitana,Ladrillo o Bloque de cemento,Pozo,Mujer,Ocupado,7,3,2.33,52.0,12.0,5.0,0
002977,13,1,Urbano,Lima Metropolitana,Ladrillo o Bloque de cemento,Red publica dentro de la vivienda,Hombre,Ocupado,6,3,2.0,26.0,12.0,8.0,1
002978,15,1,Urbano,Lima Metropolitana,Ladrillo o Bloque de cemento,Red publica dentro de la vivienda,Mujer,Ocupado,1,1,1.0,37.0,11.0,1.0,0
002979,9,1,Urbano,Lima Metropolitana,Adobe,Red publica dentro de la vivienda,Mujer,Inactivo,5,5,1.0,72.0,11.0,3.0,1
002980,10,1,Urbano,Lima Metropolitana,Ladrillo o Bloque de cemento,Red publica dentro de la vivienda,Mujer,Ocupado,5,2,2.5,43.0,10.0,4.0,1
002981,13,1,Rural,Selva,Adobe,"Rio, acequia o manantial",Hombre,Ocupado,5,5,1.0,51.0,8.0,6.0,0
002982,12,1,Rural,Sierra Norte,Adobe,,Mujer,Inactivo,7,4,1.75,73.0,12.0,5.0,1
002983,10,1,Rural,Costa Norte,Ladrillo o Bloque de cemento,Red publica dentro de la vivienda,Hombre,Ocupado,1,1,1.0,49.0,14.0,7.0,0
002984,13,1,Rural,Selva,Adobe,Red publica dentro de la vivienda,Mujer,Ocupado,3,1,3.0,59.0,9.0,1.0,1
002985,6,1,Urbano,Costa Norte,Ladrillo o Bloque de cemento,Red publica dentro de la vivienda,Mujer,Ocupado,6,6,1.0,56.0,11.0,2.0,1
002986,3,1,Rural,Sierra Norte,Madera,Pozo,Hombre,Ocupado,3,2,1.5,43.0,10.0,2.0,0
002987,12,1,Rural,Costa Norte,Ladrillo o Bloque de cemento,Pozo,Hombre,Ocupado,7,4,1.75,42.0,8.0,5.0,1
002988,3,1,Urbano,Selva,Otro material,Red publica dentro de la vivienda,Hombre,Inactivo,9,3,3.0,65.0,10.0,2.0,1
002989,3,1,Urbano,Costa Centro,Ladrillo o Bloque de cemento,Red publica dentro de la vivienda,Hombre,Ocupado,3,3,1.0,48.0,17.0,3.0,0
002990,2,1,Urbano,Selva,Ladrillo o Bloque de cemento,Red publica dentro de la vivienda,Hombre,Ocupado,2,2,1.0,34.0,14.0,4.0,0
002991,13,1,Urbano,Lima Metropolitana,Ladrillo o Bloque de cemento,Red publica dentro de la vivienda,Hombre,Ocupado,3,1,3.0,63.0,10.0,7.0,0
002992,9,1,Urbano,Lima Metropolitana,Ladrillo o Bloque de cemento,Red publica dentro de la vivienda,Mujer,Ocupado,3,3,1.0,18.0,16.0,6.0,0
002993,15,1,Urbano,Sierra Norte,Ladrillo o Bloque de cemento,Red publica dentro de la vivienda,Mujer,Inactivo,9,6,1.5,70.0,13.0,4.0,0
002994,17,1,Rural,Selva,Madera,Otro,Hombre,Ocupado,7,5,1.4,45.0,3.0,2.0,1
002995,9,1,Urbano,Selva,Ladrillo o Bloque de cemento,Red publica dentro de la vivienda,Hombre,Ocupado,2,1,2.0,48.0,11.0,5.0,0
002996,12,1,Urbano,Sierra Sur,Ladrillo o Bloque de cemento,Red publica dentro de la vivienda,Hombre,Ocupado,3,2,1.5,49.0,11.0,1.0,0
002997,18,1,Urbano,Lima Metropolitana,Ladrillo o Bloque de cemento,Red publica dentro de la vivienda,Hombre,Inactivo,4,3,1.33,67.0,,5.0,1
002998,11,1,Urbano,Costa Sur,Ladrillo o Bloque de cemento,Red publica dentro de la vivienda,Hombre,Ocupado,4,3,1.33,50.0,6.0,5.0,1
002999,3,1,Urbano,Lima Metropolitana,Ladrillo o Bloque de cemento,Red publica dentro de la vivienda,Hombre,Ocupado,4,1,4.0,48.0,16.0,5.0,0
003000,17,1,Urbano,Costa Norte,Ladrillo o Bloque de cemento,Red publica dentro de la vivienda,Mujer,Ocupado,6,4,1.5,35.0,9.0,6.0,0
003001,12,1,Urbano,Lima Metropolitana,Ladrillo o Bloque de cemento,Red publica dentro de la vivienda,Mujer,Ocupado,5,2,2.5,38.0,14.0,5.0,0
003002,1,1,Rural,Selva,Madera,Red publica fuera de la vivienda,Hombre,Ocupado,5,2,2.5,57.0,11.0,6.0,0
003003,9,1,Urbano,Sierra Norte,Ladrillo o Bloque de cemento,Red publica dentro de la vivienda,Hombre,Ocupado,4,1,4.0,51.0,4.0,1.0,0
003004,19,1,Urbano,Lima Metropolitana,Ladrillo o Bloque de cemento,Red publica dentro de la vivienda,Hombre,Inactivo,4,3,1.33,72.0,18.0,3.0,1
003005,13,1,Urbano,Costa Norte,Ladrillo o Bloque de cemento,Red publica dentro de la vivienda,Hombre,Ocupado,3,2,1.5,37.0,10.0,3.0,1
003006,8,1,Urbano,Lima Metropolitana,Ladrillo o Bloque de cemento,Red publica dentro de la vivienda,Hombre,Ocupado,1,1,1.0,32.0,14.0,5.0,0
003007,16,1,Urbano,Selva,Ladrillo o Bloque de cemento,Red publica dentro de la vivienda,Hombre,Ocupado,4,2,2.0,52.0,17.0,4.0,0
003008,2,1,Urbano,Costa Centro,Ladrillo o Bloque de cemento,,Hombre,Ocupado,6,4,1.5,47.0,14.0,2.0,0
003009,7,1,Urbano,Costa Norte,Ladrillo o Bloque de cemento,Red publica dentro de la vivienda,Hombre,Ocupado,4,2,2.0,31.0,10.0,1.0,0
003010,4,1,Urbano,Lima Metropolitana,Ladrillo o Bloque de cemento,Red publica dentro de la vivienda,Hombre,Ocupado,2,2,1.0,41.0,11.0,8.0,0
003011,15,1,Urbano,Sierra Norte,Ladrillo o Bloque de cemento,Red publica dentro de la vivienda,Hombre,Ocupado,5,4,1.25,58.0,10.0,4.0,0
003012,2,1,Urbano,Lima Metropolitana,Ladrillo o Bloque de cemento,Red publica fuera de la vivienda,Mujer,Ocupado,5,2,2.5,30.0,11.0,4.0,0
003013,17,1,Urbano,Lima Metropolitana,Ladrillo o Bloque de cemento,Red publica dentro de la vivienda,Mujer,Ocupado,2,2,1.0,32.0,17.0,5.0,0
003014,5,1,Urbano,Lima Metropolitana,Ladrillo o Bloque de cemento,Red publica dentro de la vivienda,Hombre,Desocupado,3,1,3.0,38.0,14.0,6.0,1
003015,13,1,Urbano,Sierra Norte,Otro material,Red publica dentro de la vivienda,Hombre,Ocupado,3,2,1.5,38.0,12.0,2.0,0
003016,10,1,Urbano,Lima Metropolitana,Ladrillo o Bloque de cemento,Red publica dentro de la vivienda,Hombre,Ocupado,4,3,1.33,59.0,12.0,7.0,0
003017,4,1,Urbano,Lima Metropolitana,Ladrillo o Bloque de cemento,Red publica fuera de la vivienda,Hombre,Ocupado,7,4,1.75,40.0,15.0,4.0,0
003018,3,1,Urbano,Costa Norte,Ladrillo o Bloque de cemento,Red publica dentro de la vivienda,Hombre,Inactivo,7,4,1.75,71.0,5.0,4.0,1
003019,8,1,Rural,Sierra Norte,Madera,Red publica dentro de la vivienda,Mujer,Ocupado,4,2,2.0,33.0,12.0,3.0,0
003020,6,1,Urbano,Costa Sur,Ladrillo o Bloque de cemento,,Hombre,Ocupado,4,2,2.0,53.0,,3.0,0
003021,17,1,Rural,Sierra Centro,Ladrillo o Bloque de cemento,"Rio, acequia o manantial",Mujer,Ocupado,5,4,1.25,47.0,3.0,2.0,0
003022,5,1,Urbano,Lima Metropolitana,Ladrillo o Bloque de cemento,Red publica fuera de la vivienda,Mujer,Ocupado,4,3,1.33,48.0,16.0,5.0,0
003023,12,1,Urbano,Sierra Sur,Ladrillo o Bloque de cemento,Red publica dentro de la vivienda,Mujer,Ocupado,5,2,2.5,18.0,15.0,3.0,0
003024,12,1,Urbano,Selva,Madera,Red publica dentro de la vivienda,Mujer,Ocupado,6,5,1.2,33.0,11.0,3.0,0
003025,18,1,Rural,Sierra Norte,Ladrillo o Bloque de cemento,Pozo,Mujer,Ocupado,6,5,1.2,46.0,11.0,3.0,0
003026,18,1,Urbano,Costa Centro,Ladrillo o Bloque de cemento,Red publica dentro de la vivienda,Hombre,Ocupado,2,2,1.0,20.0,14.0,7.0,0
003027,9,1,Rural,Sierra Norte,Adobe,Red publica dentro de la vivienda,Mujer,Ocupado,6,4,1.5,18.0,8.0,2.0,0
003028,15,1,Urbano,Lima Metropolitana,Ladrillo o Bloque de cemento,Red publica dentro de la vivienda,Hombre,Ocupado,2,2,1.0,31.0,7.0,2.0,0
003029,18,1,Urbano,Selva,Adobe,Pozo,Hombre,Ocupado,4,2,2.0,53.0,,3.0,0
003030,19,1,Urbano,Sierra Centro,Ladrillo o Bloque de cemento,Red publica fuera de la vivienda,Hombre,Ocupado,9,6,1.5,55.0,11.0,1.0,0
003031,12,1,Urbano,Lima Metropolitana,Madera,Red publica dentro de la vivienda,Hombre,Ocupado,5,4,1.25,31.0,12.0,3.0,0
003032,9,1,Urbano,Costa Norte,Ladrillo o Bloque de cemento,Red publica dentro de la vivienda,Mujer,Ocupado,3,2,1.5,45.0,10.0,2.0,0
003033,18,1,Urbano,Sierra Norte,Ladrillo o Bloque de cemento,Red publica dentro de la vivienda,Hombre,Ocupado,4,3,1.33,54.0,13.0,4.0,0
003034,19,1,Urbano,Costa Sur,Adobe,Red publica dentro de la vivienda,Mujer,Inactivo,1,1,1.0,67.0,7.0,4.0,0
003035,9,1,Urbano,Lima Metropolitana,,Red publica dentro de la vivienda,Hombre,Inactivo,1,1,1.0,,16.0,8.0,0
003036,10,1,Urbano,Lima Metropolitana,Ladrillo o Bloque de cemento,Red publica dentro de la vivienda,Hombre,Ocupado,2,1,2.0,61.0,12.0,7.0,0
003037,3,1,Urbano,Selva,Ladrillo o Bloque de cemento,Red publica dentro de la vivienda,Mujer,Ocupado,5,4,1.25,40.0,8.0,6.0,0
003038,1,1,Urbano,Costa Norte,Ladrillo o Bloque de cemento,Red publica fuera de la vivienda,Hombre,Ocupado,3,1,3.0,47.0,10.0,4.0,1
003039,18,1,Urbano,Costa Sur,Ladrillo o Bloque de cemento,Red publica dentro de la vivienda,Mujer,Ocupado,4,3,1.33,49.0,12.0,3.0,0
003040,9,1,Urbano,Lima Metropolitana,Madera,Red publica dentro de la vivienda,Hombre,Ocupado,3,2,1.5,45.0,17.0,5.0,0
003041,18,1,Urbano,Sierra Centro,Madera,Red publica dentro de la vivienda,Hombre,Ocupado,5,3,1.67,29.0,13.0,5.0,1
003042,19,1,Urbano,Lima Metropolitana,Ladrillo o Bloque de cemento,Red publica dentro de la vivienda,Hombre,Inactivo,5,1,5.0,68.0,16.0,3.0,1
003043,7,1,Urbano,Lima Metropolitana,Ladrillo o Bloque de cemento,Red publica dentro de la vivienda,Hombre,Ocupado,8,7,1.14,54.0,12.0,4.0,0
003044,9,1,Rural,Sierra Sur,Adobe,"Rio, acequia o manantial",Hombre,Ocupado,7,7,1.0,60.0,6.0,3.0,1
003045,5,1,Urbano,Lima Metropolitana,Ladrillo o Bloque de cemento,Red publica dentro de la vivienda,Hombre,Ocupado,2,2,1.0,57.0,18.0,8.0,0
003046,4,1,Urbano,Lima Metropolitana,Ladrillo o Bloque de cemento,Red publica dentro de la vivienda,Hombre,Ocupado,3,1,3.0,42.0,12.0,5.0,0
003047,18,1,Urbano,Sierra Sur,Ladrillo o Bloque de cemento,Red publica dentro de la vivienda,Hombre,Ocupado,9,7,1.29,27.0,9.0,3.0,0
003048,18,1,Urbano,Lima Metropolitana,Ladrillo o Bloque de cemento,Red publica dentro de la vivienda,Mujer,Ocupado,5,4,1.25,59.0,10.0,1.0,0
003049,18,1,Urbano,Lima Metropolitana,Ladrillo o Bloque de cemento,Red publica dentro de la vivienda,Hombre,Ocupado,5,5,1.0,58.0,13.0,4.0,0
003050,2,1,Rural,Sierra Norte,Ladrillo o Bloque de cemento,Otro,Hombre,Ocupado,9,7,1.29,52.0,3.0,2.0,1
003051,10,1,Urbano,Lima Metropolitana,Ladrillo o Bloque de cemento,Red publica dentro de la vivienda,Hombre,Inactivo,3,2,1.5,78.0,13.0,3.0,0
003052,10,1,Urbano,Costa Norte,Ladrillo o Bloque de cemento,Pozo,Mujer,Ocupado,2,1,2.0,40.0,12.0,5.0,0
003053,1,1,Urbano,Lima Metropolitana,Ladrillo o Bloque de cemento,Red publica dentro de la vivienda,Mujer,Ocupado,3,3,1.0,44.0,14.0,8.0,0
003054,18,1,Urbano,Lima Metropolitana,Madera,Red publica dentro de la vivienda,Hombre,Ocupado,4,3,1.33,51.0,7.0,2.0,0
003055,6,1,Rural,Selva,Otro material,"Rio, acequia o manantial",Hombre,Ocupado,2,2,1.0,41.0,0.0,3.0,0
003056,15,1,Urbano,Sierra Sur,Adobe,Red publica dentro de la vivienda,Hombre,Ocupado,3,1,3.0,45.0,10.0,5.0,1
003057,10,1,Rural,Selva,Adobe,"Rio, acequia o manantial",Mujer,Ocupado,1,1,1.0,62.0,6.0,6.0,0
003058,3,1,Urbano,Costa Centro,Ladrillo o Bloque de cemento,Otro,Hombre,Desocupado,2,1,2.0,39.0,7.0,5.0,1
003059,7,1,Urbano,Costa Sur,Ladrillo o Bloque de cemento,Red publica dentro de la vivienda,Hombre,Ocupado,6,4,1.5,40.0,7.0,4.0,0
003060,7,1,Rural,Sierra Norte,Madera,"Rio, acequia o manantial",Mujer,Ocupado,4,2,2.0,56.0,8.0,6.0,1
003061,12,1,Rural,Selva,Adobe,"Rio, acequia o manantial",Hombre,Ocupado,3,3,1.0,30.0,6.0,4.0,0
003062,1,1,Rural,Sierra Sur,Adobe,"Rio, acequia o manantial",Mujer,Ocupado,5,4,1.25,47.0,9.0,4.0,1
003063,16,1,Rural,Sierra Norte,Madera,Red publica fuera de la vivienda,Hombre,Ocupado,5,2,2.5,46.0,2.0,2.0,1
003064,5,1,Urbano,Lima Metropolitana,Adobe,Red publica dentro de la vivienda,Hombre,Ocupado,8,4,2.0,57.0,12.0,4.0,1
003065,4,1,Rural,Sierra Centro,Otro material,Red publica fuera de la vivienda,Mujer,Ocupado,5,2,2.5,59.0,12.0,3.0,0
003066,18,1,Rural,Sierra Sur,Otro material,Red publica dentro de la vivienda,Hombre,Ocupado,7,4,1.75,46.0,6.0,3.0,1
003067,11,1,Urbano,Sierra Centro,Ladrillo o Bloque de cemento,Red publica fuera de la vivienda,Mujer,Ocupado,6,3,2.0,47.0,9.0,2.0,0
003068,6,1,Urbano,Costa Sur,Ladrillo o Bloque de cemento,Red publica dentro de la vivienda,Hombre,Ocupado,4,3,1.33,48.0,14.0,3.0,0
003069,11,1,Urbano,Lima Metropolitana,Ladrillo o Bloque de cemento,Red publica dentro de la vivienda,Mujer,Ocupado,8,8,1.0,44.0,16.0,6.0,0
003070,7,1,Rural,Sierra Sur,Adobe,Pozo,Mujer,Inactivo,4,3,1.33,66.0,4.0,3.0,0
003071,11,1,Urbano,Costa Norte,Ladrillo o Bloque de cemento,Red publica dentro de la vivienda,Mujer,Ocupado,6,6,1.0,55.0,9.0,6.0,0
003072,16,1,Urbano,Lima Metropolitana,Otro material,Red publica dentro de la vivienda,Hombre,Inactivo,1,1,1.0,66.0,15.0,3.0,0
003073,19,1,Urbano,Lima Metropolitana,Ladrillo o Bloque de cemento,Red publica dentro de la vivienda,Mujer,Ocupado,1,1,1.0,36.0,13.0,4.0,0
003074,3,1,Urbano,Lima Metropolitana,Ladrillo o Bloque de cemento,Red publica dentro de la vivienda,Hombre,Inactivo,5,3,1.67,66.0,14.0,4.0,0
003075,19,1,Urbano,Lima Metropolitana,Ladrillo o Bloque de cemento,,Hombre,Ocupado,6,4,1.5,50.0,13.0,8.0,0
003076,12,1,Urbano,Lima Metropolitana,Ladrillo o Bloque de cemento,Red publica dentro de la vivienda,Mujer,Ocupado,2,1,2.0,58.0,12.0,3.0,0
003077,14,1,Rural,Sierra Centro,Ladrillo o Bloque de cemento,"Rio, acequia o manantial",Mujer,Ocupado,6,4,1.5,21.0,10.0,4.0,1
003078,12,1,Urbano,Selva,Ladrillo o Bloque de cemento,Red publica dentro de la vivienda,Mujer,Inactivo,5,3,1.67,71.0,15.0,4.0,1
003079,6,1,Rural,Selva,Madera,Red publica dentro de la vivienda,Hombre,Desocupado,5,3,1.67,54.0,3.0,3.0,1
003080,19,1,Urbano,Sierra Norte,Ladrillo o Bloque de cemento,Red publica fuera de la vivienda,Hombre,Inactivo,5,2,2.5,74.0,14.0,5.0,1
003081,13,1,Urbano,Costa Sur,Ladrillo o Bloque de cemento,Red publica dentro de la vivienda,Hombre,Ocupado,6,6,1.0,64.0,11.0,2.0,0
003082,3,1,Urbano,Costa Centro,Ladrillo o Bloque de cemento,Red publica dentro de la vivienda,Hombre,Ocupado,3,2,1.5,19.0,7.0,3.0,0
003083,16,1,Urbano,Lima Metropolitana,Ladrillo o Bloque de cemento,Red publica dentro de la vivienda,Hombre,Inactivo,2,1,2.0,69.0,10.0,4.0,0
003084,7,1,Urbano,Lima Metropolitana,Madera,Red publica dentro de la vivienda,Mujer,Ocupado,3,2,1.5,51.0,11.0,3.0,0
003085,13,1,Urbano,Lima Metropolitana,Ladrillo o Bloque de cemento,Red publica dentro de la vivienda,Hombre,Ocupado,6,4,1.5,57.0,16.0,4.0,0
003086,2,1,Urbano,Sierra Norte,Ladrillo o Bloque de cemento,Red publica dentro de la vivienda,Mujer,Ocupado,4,3,1.33,56.0,8.0,4.0,0
003087,19,1,Urbano,Costa Sur,Ladrillo o Bloque de cemento,Red publica dentro de la vivienda,Hombre,Ocupado,6,2,3.0,47.0,5.0,4.0,1
003088,1,1,Urbano,Sierra Sur,Ladrillo o Bloque de cemento,Red publica dentro de la vivienda,Hombre,Ocupado,4,3,1.33,42.0,10.0,5.0,0
003089,13,1,Urbano,Selva,Ladrillo o Bloque de cemento,Red publica dentro de la vivienda,Mujer,Ocupado,5,4,1.25,58.0,9.0,3.0,0
003090,13,1,Urbano,Lima Metropolitana,Ladrillo o Bloque de cemento,Red publica dentro de la vivienda,Hombre,Ocupado,6,5,1.2,36.0,16.0,8.0,0
003091,7,1,Urbano,Lima Metropolitana,Ladrillo o Bloque de cemento,Red publica dentro de la vivienda,Mujer,Ocupado,3,2,1.5,48.0,13.0,4.0,0
003092,4,1,Urbano,Lima Metropolitana,Ladrillo o Bloque de cemento,Red publica dentro de la vivienda,Hombre,Inactivo,4,4,1.0,68.0,15.0,5.0,0
003093,9,1,Urbano,Lima Metropolitana,Ladrillo o Bloque de cemento,Red publica dentro de la vivienda,Hombre,Ocupado,4,4,1.0,31.0,11.0,4.0,0
003094,8,1,Urbano,Lima Metropolitana,Ladrillo o Bloque de cemento,Red publica fuera de la vivienda,Hombre,Ocupado,9,5,1.8,45.0,9.0,1.0,1
003095,6,1,Rural,Sierra Sur,Ladrillo o Bloque de cemento,Red publica dentro de la vivienda,Hombre,Ocupado,4,2,2.0,64.0,11.0,2.0,1
003096,18,1,Urbano,Costa Norte,Ladrillo o Bloque de cemento,Red publica dentro de la vivienda,Hombre,Ocupado,5,4,1.25,37.0,9.0,3.0,0
003097,5,1,Rural,Costa Norte,Adobe,Red publica dentro de la vivienda,Hombre,Desocupado,5,3,1.67,21.0,9.0,4.0,1
003098,8,1,Urbano,Sierra Centro,Ladrillo o Bloque de cemento,Red publica dentro de la vivienda,Hombre,Ocupado,2,1,2.0,20.0,10.0,7.0,0
003099,7,1,Rural,Sierra Norte,Ladrillo o Bloque de cemento,Red publica dentro de la vivienda,Hombre,Ocupado,4,2,2.0,41.0,9.0,,1
003100,15,1,Urbano,Costa Centro,Ladrillo o Bloque de cemento,Red publica dentro de la vivienda,Mujer,Inactivo,8,5,1.6,72.0,12.0,6.0,1
003101,14,1,Urbano,Lima Metropolitana,Otro material,Red publica dentro de la vivienda,Mujer,Ocupado,4,3,1.33,37.0,13.0,5.0,0
003102,11,1,Rural,Costa Sur,Adobe,Red publica fuera de la vivienda,Hombre,Ocupado,5,5,1.0,44.0,8.0,3.0,0
003103,1,1,Urbano,Lima Metropolitana,Ladrillo o Bloque de cemento,Red publica dentro de la vivienda,Mujer,Ocupado,9,5,1.8,49.0,12.0,6.0,0
003104,13,1,Urbano,Lima Metropolitana,Ladrillo o Bloque de cemento,Red publica dentro de la vivienda,Hombre,Ocupado,2,2,1.0,63.0,7.0,2.0,0
003105,16,1,Urbano,Lima Metropolitana,Madera,Red publica dentro de la vivienda,Hombre,Ocupado,4,2,2.0,60.0,13.0,4.0,0
003106,15,1,Urbano,Lima Metropolitana,Madera,Red publica dentro de la vivienda,Hombre,Ocupado,2,2,1.0,46.0,16.0,6.0,0
003107,3,1,Urbano,Sierra Centro,Ladrillo o Bloque de cemento,Red publica dentro de la vivienda,Mujer,Ocupado,2,1,2.0,56.0,11.0,1.0,0
003108,11,1,Urbano,Lima Metropolitana,Madera,Red publica dentro de la vivienda,Hombre,Ocupado,7,2,3.5,63.0,11.0,3.0,1
003109,7,1,Urbano,Costa Sur,Madera,Red publica dentro de la vivienda,Hombre,Ocupado,4,3,1.33,25.0,12.0,2.0,0
003110,17,1,Urbano,Lima Metropolitana,Ladrillo o Bloque de cemento,Red publica dentro de la vivienda,Mujer,Ocupado,3,3,1.0,43.0,16.0,5.0,0
003111,4,1,Rural,Sierra Norte,Adobe,Red publica dentro de la vivienda,Hombre,Ocupado,5,2,2.5,31.0,6.0,1.0,0
003112,14,1,Rural,Sierra Norte,Ladrillo o Bloque de cemento,,Mujer,Ocupado,2,1,2.0,38.0,2.0,3.0,0
003113,17,1,Urbano,Lima Metropolitana,Ladrillo o Bloque de cemento,Red publica dentro de la vivienda,Mujer,Ocupado,5,3,1.67,57.0,13.0,4.0,0
003114,18,1,Urbano,Lima Metropolitana,Ladrillo o Bloque de cemento,Red publica dentro de la vivienda,Mujer,Ocupado,6,4,1.5,31.0,14.0,6.0,0
003115,1,1,Urbano,Sierra Sur,Ladrillo o Bloque de cemento,Red publica dentro de la vivienda,Hombre,Inactivo,5,3,1.67,80.0,12.0,7.0,1
003116,3,1,Urbano,Lima Metropolitana,Madera,Otro,Hombre,Ocupado,7,4,1.75,57.0,11.0,3.0,1
003117,17,1,Rural,Costa Centro,Ladrillo o Bloque de cemento,Pozo,Hombre,Ocupado,8,5,1.6,40.0,8.0,4.0,0
003118,2,1,Urbano,Lima Metropolitana,Ladrillo o Bloque de cemento,Red publica dentro de la vivienda,Hombre,Ocupado,5,2,2.5,46.0,12.0,3.0,0
003119,5,1,Rural,Sierra Norte,Madera,Red publica fuera de la vivienda,Hombre,Ocupado,4,4,1.0,30.0,5.0,2.0,0
003120,7,1,Urbano,Sierra Norte,Ladrillo o Bloque de cemento,Red publica dentro de la vivienda,Hombre,Ocupado,3,2,1.5,27.0,10.0,4.0,0
003121,2,1,Urbano,Costa Centro,Adobe,Red publica dentro de la vivienda,Mujer,Ocupado,6,5,1.2,43.0,12.0,6.0,0
003122,1,1,Urbano,Sierra Centro,Ladrillo o Bloque de cemento,Red publica dentro de la vivienda,Mujer,Inactivo,2,2,1.0,66.0,12.0,2.0,0
003123,17,1,Urbano,Sierra Centro,Ladrillo o Bloque de cemento,Otro,Hombre,Ocupado,6,3,2.0,28.0,9.0,3.0,0
003124,18,1,Rural,Sierra Sur,Adobe,"Rio, acequia o manantial",Mujer,Inactivo,1,1,1.0,65.0,7.0,4.0,0
003125,15,1,Urbano,Costa Sur,Ladrillo o Bloque de cemento,Red publica fuera de la vivienda,Hombre,Ocupado,5,3,1.67,45.0,,,0
003126,3,1,Urbano,Costa Sur,Ladrillo o Bloque de cemento,Red publica dentro de la vivienda,Mujer,Ocupado,4,3,1.33,51.0,13.0,3.0,0
003127,10,1,Rural,Selva,Adobe,Red publica dentro de la vivienda,Hombre,Ocupado,8,4,2.0,49.0,8.0,5.0,0
003128,3,1,Urbano,Costa Centro,Ladrillo o Bloque de cemento,Red publica dentro de la vivienda,Hombre,Ocupado,6,4,1.5,59.0,15.0,5.0,0
003129,10,1,Urbano,Lima Metropolitana,Ladrillo o Bloque de cemento,Red publica dentro de la vivienda,Hombre,Ocupado,4,3,1.33,63.0,15.0,3.0,0
003130,16,1,Urbano,Lima Metropolitana,Ladrillo o Bloque de cemento,Red publica dentro de la vivienda,Hombre,Ocupado,2,2,1.0,45.0,18.0,4.0,0
003131,12,1,Rural,Sierra Sur,Adobe,Pozo,Hombre,Ocupado,5,1,5.0,55.0,10.0,3.0,1
003132,3,1,Urbano,Lima Metropolitana,Otro material,Red publica dentro de la vivienda,Hombre,Inactivo,8,5,1.6,66.0,16.0,7.0,0
003133,16,1,Rural,Costa Norte,Ladrillo o Bloque de cemento,Red publica dentro de la vivienda,Hombre,Ocupado,5,3,1.67,59.0,3.0,2.0,0
003134,17,1,Urbano,Costa Norte,Ladrillo o Bloque de cemento,Red publica dentro de la vivienda,Mujer,Ocupado,9,4,2.25,42.0,13.0,3.0,0
003135,10,1,Urbano,Lima Metropolitana,Adobe,Red publica dentro de la vivienda,Hombre,Ocupado,2,2,1.0,45.0,15.0,6.0,0
003136,2,1,Urbano,Lima Metropolitana,Ladrillo o Bloque de cemento,Red publica fuera de la vivienda,Hombre,Ocupado,5,3,1.67,34.0,,4.0,0
003137,15,1,Urbano,Lima Metropolitana,Ladrillo o Bloque de cemento,Red publica dentro de la vivienda,Hombre,Inactivo,8,7,1.14,73.0,6.0,3.0,1
003138,16,1,Urbano,Costa Norte,Ladrillo o Bloque de cemento,Red publica dentro de la vivienda,Mujer,Ocupado,7,3,2.33,52.0,4.0,5.0,1
003139,17,1,Urbano,Lima Metropolitana,Ladrillo o Bloque de cemento,Red publica dentro de la vivienda,Mujer,Ocupado,3,2,1.5,28.0,12.0,5.0,0
003140,4,1,Rural,Sierra Centro,Madera,Red publica dentro de la vivienda,Hombre,Ocupado,6,3,2.0,36.0,5.0,3.0,0
003141,12,1,Rural,Sierra Norte,Adobe,Otro,Hombre,Ocupado,7,2,3.5,46.0,2.0,4.0,0
003142,11,1,Urbano,Costa Centro,Ladrillo o Bloque de cemento,Red publica dentro de la vivienda,Hombre,Inactivo,5,5,1.0,67.0,12.0,3.0,0
003143,12,1,Urbano,Lima Metropolitana,Ladrillo o Bloque de cemento,Red publica dentro de la vivienda,Hombre,Ocupado,5,5,1.0,45.0,9.0,2.0,0
003144,9,1,Rural,Costa Norte,Adobe,Red publica fuera de la vivienda,Hombre,Desocupado,5,3,1.67,56.0,1.0,2.0,1
003145,11,1,Urbano,Lima Metropolitana,Ladrillo o Bloque de cemento,Red publica dentro de la vivienda,Hombre,Ocupado,5,4,1.25,38.0,18.0,3.0,0
003146,10,1,Urbano,Lima Metropolitana,Ladrillo o Bloque de cemento,Red publica dentro de la vivienda,Hombre,Ocupado,3,1,3.0,57.0,14.0,2.0,0
003147,18,1,Urbano,Lima Metropolitana,Ladrillo o Bloque de cemento,Red publica dentro de la vivienda,Hombre,Inactivo,5,2,2.5,66.0,11.0,4.0,1
003148,19,1,Urbano,Lima Metropolitana,Adobe,Red publica dentro de la vivienda,Hombre,Ocupado,7,4,1.75,,8.0,2.0,0
003149,6,1,Urbano,Lima Metropolitana,Ladrillo o Bloque de cemento,Red publica dentro de la vivienda,Mujer,Ocupado,2,2,1.0,18.0,10.0,4.0,0
003150,18,1,Urbano,Costa Sur,Otro material,Pozo,Hombre,Ocupado,6,2,3.0,46.0,9.0,4.0,1
003151,3,1,Rural,Costa Norte,Adobe,Red publica dentro de la vivienda,Hombre,Ocupado,5,4,1.25,33.0,5.0,4.0,1
003152,3,1,Rural,Selva,Ladrillo o Bloque de cemento,Red publica dentro de la vivienda,Hombre,Desocupado,5,2,2.5,57.0,5.0,3.0,1
003153,18,1,Rural,Sierra Centro,Adobe,Red publica dentro de la vivienda,Hombre,Desocupado,4,3,1.33,49.0,3.0,5.0,0
003154,7,1,Urbano,Costa Centro,Ladrillo o Bloque de cemento,Red publica dentro de la vivienda,Mujer,Inactivo,7,3,2.33,72.0,8.0,3.0,1
003155,2,1,Urbano,Costa Sur,Otro material,Red publica dentro de la vivienda,Mujer,Ocupado,2,1,2.0,43.0,6.0,1.0,0
003156,6,1,Rural,Sierra Centro,Ladrillo o Bloque de cemento,"Rio, acequia o manantial",Mujer,Ocupado,6,4,1.5,49.0,,5.0,1
003157,18,1,Urbano,Costa Norte,Ladrillo o Bloque de cemento,Red publica dentro de la vivienda,Hombre,Ocupado,9,5,1.8,46.0,6.0,3.0,1
003158,13,1,Urbano,Costa Norte,Otro material,Red publica dentro de la vivienda,Mujer,Ocupado,5,2,2.5,58.0,9.0,3.0,1
003159,11,1,Urbano,Lima Metropolitana,Ladrillo o Bloque de cemento,Red publica dentro de la vivienda,Hombre,Ocupado,2,2,1.0,34.0,12.0,3.0,0
003160,18,1,Rural,Sierra Norte,Otro material,Pozo,Hombre,Ocupado,6,1,6.0,34.0,8.0,4.0,1
003161,4,1,Urbano,Lima Metropolitana,Ladrillo o Bloque de cemento,Red publica dentro de la vivienda,Hombre,Ocupado,2,1,2.0,40.0,14.0,6.0,0
003162,3,1,Urbano,Lima Metropolitana,Ladrillo o Bloque de cemento,Red publica dentro de la vivienda,Hombre,Ocupado,5,2,2.5,56.0,14.0,4.0,0
003163,1,1,Urbano,Costa Centro,Ladrillo o Bloque de cemento,Red publica dentro de la vivienda,Hombre,Ocupado,7,4,1.75,63.0,10.0,4.0,0
003164,18,1,Urbano,Lima Metropolitana,Ladrillo o Bloque de cemento,Red publica dentro de la vivienda,Mujer,Desocupado,5,3,1.67,47.0,15.0,5.0,1
003165,5,1,Urbano,Selva,Ladrillo o Bloque de cemento,Red publica dentro de la vivienda,Hombre,Ocupado,5,2,2.5,56.0,4.0,6.0,0
003166,17,1,Urbano,Lima Metropolitana,Ladrillo o Bloque de cemento,Red publica fuera de la vivienda,Hombre,Ocupado,3,2,1.5,55.0,14.0,4.0,0
003167,14,1,Rural,Costa Norte,Madera,"Rio, acequia o manantial",Hombre,Ocupado,5,4,1.25,47.0,6.0,1.0,0
003168,8,1,Urbano,Costa Sur,Ladrillo o Bloque de cemento,Red publica dentro de la vivienda,Hombre,Desocupado,4,3,1.33,47.0,14.0,6.0,1
003169,19,1,Urbano,Costa Norte,Otro material,Red publica fuera de la vivienda,Hombre,Ocupado,4,4,1.0,59.0,2.0,4.0,0
003170,9,1,Urbano,Selva,Ladrillo o Bloque de cemento,Red publica dentro de la vivienda,Hombre,Inactivo,4,2,2.0,75.0,14.0,7.0,0
003171,8,1,Urbano,Lima Metropolitana,Adobe,Otro,Hombre,Ocupado,4,3,1.33,62.0,7.0,6.0,0
003172,3,1,Urbano,Lima Metropolitana,Ladrillo o Bloque de cemento,Red publica dentro de la vivienda,Hombre,Inactivo,4,3,1.33,65.0,16.0,3.0,1
003173,10,1,Urbano,Lima Metropolitana,Ladrillo o Bloque de cemento,Red publica dentro de la vivienda,Hombre,Inactivo,3,2,1.5,77.0,10.0,4.0,1
003174,8,1,Urbano,Lima Metropolitana,Otro material,Red publica dentro de la vivienda,Hombre,Ocupado,5,2,2.5,38.0,14.0,5.0,0
003175,9,1,Urbano,Lima Metropolitana,Ladrillo o Bloque de cemento,Red publica dentro de la vivienda,Mujer,Ocupado,5,2,2.5,58.0,12.0,3.0,0
003176,10,1,Urbano,Costa Norte,Madera,Red publica dentro de la vivienda,Hombre,Inactivo,3,3,1.0,68.0,14.0,7.0,1
003177,13,1,Urbano,Lima Metropolitana,Ladrillo o Bloque de cemento,Red publica dentro de la vivienda,Hombre,Ocupado,4,3,1.33,61.0,13.0,6.0,0
003178,12,1,Urbano,Sierra Centro,Ladrillo o Bloque de cemento,Red publica dentro de la vivienda,Hombre,Ocupado,3,2,1.5,40.0,16.0,4.0,0
003179,12,1,Urbano,Costa Norte,Ladrillo o Bloque de cemento,Red publica dentro de la vivienda,Hombre,Ocupado,3,2,1.5,37.0,9.0,2.0,0
003180,1,1,Urbano,Selva,Otro material,Red publica dentro de la vivienda,Mujer,Inactivo,6,5,1.2,71.0,8.0,4.0,1
003181,5,1,Urbano,Lima Metropolitana,Ladrillo o Bloque de cemento,Red publica dentro de la vivienda,Hombre,Ocupado,4,3,1.33,54.0,10.0,1.0,1
003182,13,1,Rural,Sierra Norte,Adobe,Otro,Mujer,Ocupado,2,1,2.0,52.0,9.0,3.0,1
003183,10,1,Urbano,Sierra Sur,Ladrillo o Bloque de cemento,Red publica dentro de la vivienda,Mujer,Ocupado,6,3,2.0,48.0,13.0,2.0,0
003184,15,1,Urbano,Costa Centro,Adobe,Red publica dentro de la vivienda,Mujer,Inactivo,2,2,1.0,69.0,7.0,2.0,1
003185,8,1,Rural,Costa Norte,Adobe,"Rio, acequia o manantial",Hombre,Ocupado,4,3,1.33,62.0,4.0,3.0,0
003186,4,1,Urbano,Costa Norte,Ladrillo o Bloque de cemento,Red publica dentro de la vivienda,Hombre,Desocupado,4,1,4.0,45.0,12.0,3.0,1
003187,11,1,Urbano,Lima Metropolitana,Ladrillo o Bloque de cemento,Red publica dentro de la vivienda,Hombre,Ocupado,4,4,1.0,61.0,16.0,8.0,1
003188,8,1,Urbano,Lima Metropolitana,Ladrillo o Bloque de cemento,Red publica dentro de la vivienda,Mujer,Ocupado,3,2,1.5,50.0,10.0,5.0,0
003189,16,1,Urbano,Costa Centro,Adobe,Red publica dentro de la vivienda,Hombre,Ocupado,5,4,1.25,60.0,6.0,5.0,0
003190,9,1,Rural,Sierra Norte,Otro material,Red publica dentro de la vivienda,Mujer,Inactivo,8,8,1.0,67.0,10.0,4.0,1
003191,8,1,Urbano,Costa Sur,Ladrillo o Bloque de cemento,Red publica dentro de la vivienda,Mujer,Inactivo,1,1,1.0,65.0,5.0,5.0,0
003192,4,1,Rural,Costa Norte,Adobe,Red publica dentro de la vivienda,Hombre,Ocupado,9,4,2.25,24.0,8.0,8.0,1
003193,5,1,Urbano,Selva,Ladrillo o Bloque de cemento,Red publica dentro de la vivienda,Mujer,Ocupado,9,4,2.25,55.0,4.0,1.0,1
003194,13,1,Urbano,Lima Metropolitana,Madera,Red publica dentro de la vivienda,Mujer,Inactivo,8,3,2.67,69.0,12.0,4.0,1
003195,2,1,Urbano,Lima Metropolitana,Adobe,Red publica dentro de la vivienda,Mujer,Ocupado,7,5,1.4,38.0,11.0,4.0,0
003196,1,1,Urbano,Sierra Centro,Ladrillo o Bloque de cemento,Otro,Hombre,Inactivo,2,1,2.0,76.0,8.0,1.0,1
003197,14,1,Rural,Selva,Madera,Pozo,Hombre,Ocupado,5,5,1.0,57.0,11.0,6.0,0
003198,5,1,Rural,Costa Norte,Adobe,Red publica fuera de la vivienda,Hombre,Ocupado,4,3,1.33,61.0,6.0,3.0,1
003199,14,1,Rural,Costa Centro,Madera,Red publica dentro de la vivienda,Mujer,Ocupado,4,2,2.0,61.0,6.0,2.0,0
003200,19,1,Urbano,Lima Metropolitana,Ladrillo o Bloque de cemento,Red publica dentro de la vivienda,Hombre,Ocupado,4,3,1.33,29.0,12.0,5.0,0
003201,13,1,Urbano,Lima Metropolitana,Ladrillo o Bloque de cemento,Red publica dentro de la vivienda,Hombre,Ocupado,2,1,2.0,62.0,10.0,5.0,0
003202,3,1,Urbano,Lima Metropolitana,Madera,Pozo,Mujer,Ocupado,7,5,1.4,55.0,18.0,4.0,0
003203,19,1,Urbano,Lima Metropolitana,Ladrillo o Bloque de cemento,Red publica dentro de la vivienda,Mujer,Ocupado,6,5,1.2,42.0,11.0,4.0,0
003204,15,1,Urbano,Lima Metropolitana,Ladrillo o Bloque de cemento,Red publica dentro de la vivienda,Hombre,Inactivo,5,4,1.25,71.0,18.0,7.0,0
003205,19,1,Urbano,Lima Metropolitana,Otro material,Red publica dentro de la vivienda,Hombre,Ocupado,4,2,2.0,21.0,10.0,7.0,0
003206,16,1,Rural,Sierra Sur,Ladrillo o Bloque de cemento,Red publica fuera de la vivienda,Hombre,Ocupado,5,3,1.67,39.0,7.0,2.0,0
003207,16,1,Urbano,Costa Norte,Ladrillo o Bloque de cemento,Red publica dentro de la vivienda,Hombre,Inactivo,5,4,1.25,68.0,9.0,8.0,1
003208,5,1,Urbano,Costa Norte,Ladrillo o Bloque de cemento,Red publica dentro de la vivienda,Hombre,Ocupado,4,2,2.0,62.0,8.0,2.0,0
003209,5,1,Urbano,Costa Centro,Adobe,Red publica dentro de la vivienda,Hombre,Ocupado,4,3,1.33,40.0,,5.0,0
003210,5,1,Rural,Costa Norte,Adobe,Pozo,Hombre,Ocupado,6,3,2.0,38.0,12.0,3.0,0
003211,4,1,Urbano,Sierra Centro,Ladrillo o Bloque de cemento,Pozo,Mujer,Ocupado,4,4,1.0,46.0,15.0,6.0,0
003212,14,1,Urbano,Lima Metropolitana,Ladrillo o Bloque de cemento,Red publica dentro de la vivienda,Hombre,Ocupado,8,5,1.6,53.0,,8.0,0
003213,7,1,Urbano,Lima Metropolitana,Ladrillo o Bloque de cemento,Otro,Mujer,Ocupado,3,3,1.0,43.0,8.0,2.0,0
003214,9,1,Rural,Selva,Adobe,Pozo,Mujer,Ocupado,5,3,1.67,48.0,8.0,3.0,0
003215,17,1,Rural,Costa Centro,Otro material,"Rio, acequia o manantial",Hombre,Ocupado,8,5,1.6,51.0,5.0,4.0,0
003216,16,1,Urbano,Lima Metropolitana,Ladrillo o Bloque de cemento,Red publica dentro de la vivienda,Hombre,Ocupado,7,3,2.33,45.0,9.0,2.0,1
003217,16,1,Urbano,Sierra Centro,Ladrillo o Bloque de cemento,Red publica dentro de la vivienda,Hombre,Ocupado,7,4,1.75,43.0,13.0,3.0,0
003218,18,1,Urbano,Costa Norte,Ladrillo o Bloque de cemento,Red publica dentro de la vivienda,Mujer,Ocupado,4,2,2.0,33.0,7.0,7.0,0
003219,12,1,Rural,Sierra Norte,Madera,Pozo,Mujer,Ocupado,4,1,4.0,49.0,7.0,4.0,0
003220,17,1,Urbano,Sierra Centro,,Red publica dentro de la vivienda,Mujer,Ocupado,2,1,2.0,49.0,12.0,4.0,0
003221,5,1,Rural,Sierra Norte,Adobe,Red publica dentro de la vivienda,Hombre,Ocupado,9,6,1.5,37.0,9.0,6.0,1
003222,2,1,Urbano,Lima Metropolitana,Adobe,Red publica dentro de la vivienda,Mujer,Ocupado,6,4,1.5,54.0,8.0,1.0,0
003223,15,1,Urbano,Lima Metropolitana,Ladrillo o Bloque de cemento,Red publica dentro de la vivienda,Mujer,Inactivo,6,3,2.0,66.0,18.0,3.0,1
003224,4,1,Urbano,Lima Metropolitana,Ladrillo o Bloque de cemento,Red publica dentro de la vivienda,Hombre,Ocupado,3,3,1.0,51.0,13.0,4.0,0
003225,19,1,Rural,Costa Centro,Adobe,"Rio, acequia o manantial",Hombre,Ocupado,7,4,1.75,56.0,6.0,3.0,0
003226,11,1,Urbano,Lima Metropolitana,Ladrillo o Bloque de cemento,Red publica dentro de la vivienda,Hombre,Ocupado,3,2,1.5,64.0,8.0,4.0,0
003227,14,1,Urbano,Lima Metropolitana,Ladrillo o Bloque de cemento,Red publica dentro de la vivienda,Hombre,Ocupado,2,2,1.0,49.0,10.0,3.0,0
003228,19,1,Urbano,Costa Sur,Adobe,Red publica dentro de la vivienda,Hombre,Ocupado,4,4,1.0,62.0,10.0,1.0,0
003229,6,1,Urbano,Lima Metropolitana,Ladrillo o Bloque de cemento,Red publica dentro de la vivienda,Hombre,Ocupado,6,4,1.5,18.0,12.0,5.0,0
003230,6,1,Urbano,Sierra Sur,Ladrillo o Bloque de cemento,Red publica dentro de la vivienda,Mujer,Ocupado,3,2,1.5,40.0,12.0,3.0,0
003231,9,1,Rural,Sierra Sur,Adobe,Otro,Mujer,Ocupado,4,2,2.0,34.0,5.0,2.0,0
003232,8,1,Urbano,Costa Centro,Ladrillo o Bloque de cemento,Red publica dentro de la vivienda,Hombre,Inactivo,9,6,1.5,70.0,16.0,2.0,1
003233,12,1,Rural,Selva,Adobe,"Rio, acequia o manantial",Hombre,Ocupado,2,2,1.0,59.0,5.0,4.0,0
003234,3,1,Urbano,Costa Norte,Ladrillo o Bloque de cemento,Otro,Hombre,Ocupado,2,2,1.0,33.0,12.0,7.0,0
003235,9,1,Urbano,Costa Centro,Ladrillo o Bloque de cemento,Red publica dentro de la vivienda,Hombre,Ocupado,4,3,1.33,36.0,15.0,3.0,0
003236,12,1,Urbano,Costa Centro,Ladrillo o Bloque de cemento,Red publica fuera de la vivienda,Hombre,Ocupado,8,3,2.67,31.0,9.0,4.0,1
003237,15,1,Urbano,Lima Metropolitana,Madera,Pozo,Hombre,Ocupado,2,1,2.0,54.0,8.0,5.0,0
003238,10,1,Urbano,Sierra Norte,Ladrillo o Bloque de cemento,Red publica dentro de la vivienda,Hombre,Ocupado,7,2,3.5,52.0,10.0,1.0,1
003239,15,1,Urbano,Sierra Centro,Otro material,,Mujer,Ocupado,3,3,1.0,44.0,14.0,4.0,0
003240,3,1,Rural,Sierra Norte,Adobe,"Rio, acequia o manantial",Hombre,Ocupado,3,3,1.0,37.0,7.0,1.0,0
003241,6,1,Urbano,Lima Metropolitana,Madera,Red publica dentro de la vivienda,Hombre,Ocupado,4,2,2.0,49.0,15.0,6.0,0
003242,13,1,Rural,Selva,Adobe,Pozo,Mujer,Inactivo,4,4,1.0,86.0,2.0,6.0,1
003243,16,1,Urbano,Lima Metropolitana,Ladrillo o Bloque de cemento,Red publica dentro de la vivienda,Mujer,Desocupado,6,5,1.2,44.0,7.0,3.0,1
003244,15,1,Urbano,Sierra Norte,Ladrillo o Bloque de cemento,Red publica fuera de la vivienda,Hombre,Inactivo,5,1,5.0,66.0,13.0,4.0,1
003245,15,1,Urbano,Costa Centro,Ladrillo o Bloque de cemento,Red publica dentro de la vivienda,Hombre,Ocupado,2,2,1.0,46.0,12.0,3.0,0
003246,5,1,Urbano,Selva,Adobe,Red publica fuera de la vivienda,Hombre,Ocupado,5,2,2.5,63.0,8.0,3.0,0
003247,11,1,Rural,Sierra Centro,Ladrillo o Bloque de cemento,"Rio, acequia o manantial",Hombre,Ocupado,4,2,2.0,58.0,3.0,3.0,1
003248,3,1,Urbano,Lima Metropolitana,Ladrillo o Bloque de cemento,Red publica dentro de la vivienda,Mujer,Ocupado,4,3,1.33,49.0,12.0,6.0,0
003249,13,1,Urbano,Lima Metropolitana,Ladrillo o Bloque de cemento,Red publica dentro de la vivienda,Hombre,Ocupado,7,5,1.4,59.0,12.0,5.0,0
003250,13,1,Rural,Sierra Sur,Adobe,Red publica fuera de la vivienda,Hombre,Inactivo,5,4,1.25,66.0,3.0,4.0,1
003251,16,1,Urbano,Lima Metropolitana,Adobe,Red publica dentro de la vivienda,Hombre,Ocupado,8,3,2.67,51.0,12.0,4.0,1
003252,7,1,Urbano,Selva,Ladrillo o Bloque de cemento,Red publica dentro de la vivienda,Hombre,Ocupado,6,4,1.5,47.0,,3.0,0
003253,4,1,Rural,Sierra Norte,Adobe,Red publica fuera de la vivienda,Mujer,Ocupado,5,2,2.5,59.0,4.0,4.0,1
003254,2,1,Rural,Sierra Sur,Adobe,Red publica dentro de la vivienda,Hombre,Inactivo,2,2,1.0,73.0,2.0,2.0,0
003255,13,1,Urbano,Costa Norte,Ladrillo o Bloque de cemento,Red publica fuera de la vivienda,Hombre,Ocupado,6,3,2.0,30.0,11.0,,1
003256,14,1,Urbano,Lima Metropolitana,Ladrillo o Bloque de cemento,Red publica dentro de la vivienda,Hombre,Ocupado,2,1,2.0,32.0,,4.0,0
003257,2,1,Urbano,Costa Centro,Ladrillo o Bloque de cemento,Red publica dentro de la vivienda,Hombre,Inactivo,4,3,1.33,70.0,15.0,3.0,0
003258,14,1,Rural,Sierra Norte,Adobe,Red publica dentro de la vivienda,Hombre,Ocupado,1,1,1.0,42.0,7.0,2.0,0
003259,18,1,Urbano,Selva,Ladrillo o Bloque de cemento,Red publica dentro de la vivienda,Mujer,Inactivo,4,1,4.0,67.0,7.0,4.0,1
003260,6,1,Urbano,Costa Norte,Madera,Red publica dentro de la vivienda,Mujer,Ocupado,4,3,1.33,40.0,14.0,7.0,0
003261,3,1,Urbano,Costa Norte,Ladrillo o Bloque de cemento,Red publica dentro de la vivienda,Hombre,Ocupado,3,3,1.0,43.0,10.0,4.0,0
003262,15,1,Urbano,Lima Metropolitana,Ladrillo o Bloque de cemento,Red publica dentro de la vivienda,Hombre,Ocupado,3,3,1.0,64.0,15.0,3.0,0
003263,9,1,Urbano,Costa Norte,Ladrillo o Bloque de cemento,Red publica dentro de la vivienda,Mujer,Ocupado,4,2,2.0,60.0,7.0,2.0,0
003264,11,1,Rural,Sierra Sur,Adobe,Red publica dentro de la vivienda,Hombre,Desocupado,2,2,1.0,34.0,8.0,8.0,0
003265,7,1,Rural,Sierra Centro,Adobe,Red publica dentro de la vivienda,Hombre,Ocupado,3,2,1.5,58.0,13.0,4.0,1
003266,17,1,Rural,Costa Sur,Madera,"Rio, acequia o manantial",Mujer,Ocupado,4,1,4.0,40.0,8.0,3.0,1
003267,11,1,Urbano,Costa Sur,Madera,Red publica dentro de la vivienda,Mujer,Ocupado,2,1,2.0,56.0,9.0,2.0,0
003268,18,1,Urbano,Lima Metropolitana,Ladrillo o Bloque de cemento,Red publica dentro de la vivienda,Hombre,Ocupado,1,1,1.0,51.0,16.0,7.0,0
003269,11,1,Urbano,Lima Metropolitana,Ladrillo o Bloque de cemento,Red publica dentro de la vivienda,Hombre,Ocupado,1,1,1.0,47.0,10.0,7.0,0
003270,10,1,Urbano,Costa Centro,Adobe,Red publica dentro de la vivienda,Hombre,Desocupado,2,2,1.0,41.0,12.0,6.0,0
003271,19,1,Urbano,Lima Metropolitana,Ladrillo o Bloque de cemento,Red publica fuera de la vivienda,Hombre,Desocupado,4,2,2.0,26.0,18.0,4.0,1
003272,17,1,Rural,Selva,Ladrillo o Bloque de cemento,Otro,Hombre,Ocupado,4,3,1.33,41.0,5.0,4.0,0
003273,8,1,Urbano,Lima Metropolitana,Ladrillo o Bloque de cemento,Red publica dentro de la vivienda,Mujer,Ocupado,3,2,1.5,59.0,14.0,4.0,0
003274,11,1,Urbano,Lima Metropolitana,Ladrillo o Bloque de cemento,"Rio, acequia o manantial",Hombre,Ocupado,5,2,2.5,56.0,18.0,6.0,0
003275,5,1,Urbano,Lima Metropolitana,Ladrillo o Bloque de cemento,Red publica dentro de la vivienda,Hombre,Ocupado,4,3,1.33,38.0,16.0,7.0,0
003276,13,1,Urbano,Lima Metropolitana,Ladrillo o Bloque de cemento,Pozo,Hombre,Inactivo,6,5,1.2,65.0,15.0,5.0,0
003277,19,1,Rural,Sierra Sur,Ladrillo o Bloque de cemento,"Rio, acequia o manantial",Hombre,Ocupado,5,2,2.5,55.0,0.0,6.0,1
003278,8,1,Rural,Selva,Ladrillo o Bloque de cemento,Pozo,Hombre,Ocupado,6,4,1.5,58.0,3.0,4.0,1
003279,4,1,Rural,Sierra Norte,Ladrillo o Bloque de cemento,Red publica dentro de la vivienda,Hombre,Ocupado,7,3,2.33,35.0,9.0,6.0,1
003280,2,1,Urbano,Costa Centro,Ladrillo o Bloque de cemento,Red publica dentro de la vivienda,Hombre,Inactivo,5,2,2.5,75.0,10.0,4.0,1
003281,19,1,Urbano,Lima Metropolitana,Ladrillo o Bloque de cemento,Red publica dentro de la vivienda,Hombre,Ocupado,1,1,1.0,57.0,11.0,5.0,0
003282,4,1,Urbano,Costa Norte,Ladrillo o Bloque de cemento,Red publica dentro de la vivienda,Hombre,Inactivo,2,1,2.0,71.0,15.0,7.0,0
003283,11,1,Rural,Sierra Norte,Adobe,Red publica dentro de la vivienda,Hombre,Ocupado,2,1,2.0,41.0,9.0,1.0,0
003284,18,1,Rural,Costa Norte,Adobe,Red publica dentro de la vivienda,Hombre,Ocupado,9,7,1.29,24.0,4.0,5.0,0
003285,5,1,Urbano,Costa Sur,Ladrillo o Bloque de cemento,Red publica dentro de la vivienda,Hombre,Ocupado,6,1,6.0,,,5.0,1
003286,1,1,Urbano,Lima Metropolitana,Ladrillo o Bloque de cemento,Red publica dentro de la vivienda,Hombre,Inactivo,3,1,3.0,65.0,9.0,2.0,1
003287,15,1,Urbano,Lima Metropolitana,Ladrillo o Bloque de cemento,Red publica dentro de la vivienda,Mujer,Ocupado,7,3,2.33,34.0,7.0,,0
003288,10,1,Urbano,Sierra Sur,Ladrillo o Bloque de cemento,Red publica dentro de la vivienda,Mujer,Inactivo,5,4,1.25,71.0,12.0,5.0,1
003289,18,1,Urbano,Costa Norte,Ladrillo o Bloque de cemento,Red publica dentro de la vivienda,Hombre,Ocupado,3,1,3.0,40.0,7.0,4.0,0
003290,6,1,Rural,Sierra Sur,Ladrillo o Bloque de cemento,Red publica fuera de la vivienda,Mujer,Ocupado,5,4,1.25,55.0,2.0,4.0,0
003291,4,1,Urbano,Sierra Centro,Ladrillo o Bloque de cemento,Red publica dentro de la vivienda,Hombre,Ocupado,4,3,1.33,53.0,8.0,2.0,0
003292,12,1,Urbano,Lima Metropolitana,Ladrillo o Bloque de cemento,Red publica fuera de la vivienda,Mujer,Ocupado,5,3,1.67,46.0,13.0,5.0,0
003293,16,1,Rural,Selva,Otro material,Red publica dentro de la vivienda,Hombre,Ocupado,5,2,2.5,46.0,9.0,4.0,1
003294,18,1,Rural,Sierra Sur,Madera,Red publica dentro de la vivienda,Hombre,Ocupado,5,3,1.67,36.0,5.0,3.0,0
003295,18,1,Rural,Sierra Sur,Adobe,Pozo,Hombre,Inactivo,7,3,2.33,77.0,,5.0,1
003296,10,1,Urbano,Lima Metropolitana,Madera,Red publica dentro de la vivienda,Mujer,Ocupado,6,3,2.0,57.0,9.0,3.0,0
003297,5,1,Urbano,Lima Metropolitana,Ladrillo o Bloque de cemento,,Hombre,Ocupado,7,6,1.17,27.0,7.0,1.0,0
003298,11,1,Urbano,Sierra Sur,Ladrillo o Bloque de cemento,Red publica dentro de la vivienda,Mujer,Ocupado,7,4,1.75,31.0,13.0,7.0,0
003299,11,1,Urbano,Sierra Sur,Ladrillo o Bloque de cemento,Red publica dentro de la vivienda,Mujer,Ocupado,3,2,1.5,57.0,8.0,2.0,0
003300,1,1,Urbano,Costa Norte,Ladrillo o Bloque de cemento,Red publica dentro de la vivienda,Mujer,Ocupado,4,3,1.33,50.0,12.0,5.0,0
003301,14,1,Urbano,Lima Metropolitana,Adobe,Red publica dentro de la vivienda,Hombre,Ocupado,3,2,1.5,25.0,7.0,6.0,0
003302,17,1,Urbano,Sierra Norte,Adobe,Red publica dentro de la vivienda,Mujer,Inactivo,5,2,2.5,86.0,15.0,4.0,1
003303,18,1,Urbano,Sierra Norte,Ladrillo o Bloque de cemento,Red publica dentro de la vivienda,Mujer,Ocupado,7,3,2.33,18.0,11.0,1.0,0
003304,16,1,Urbano,Lima Metropolitana,Ladrillo o Bloque de cemento,Red publica dentro de la vivienda,Mujer,Ocupado,4,2,2.0,44.0,7.0,4.0,0
003305,4,1,Urbano,Lima Metropolitana,Ladrillo o Bloque de cemento,Red publica dentro de la vivienda,Hombre,Ocupado,9,3,3.0,50.0,10.0,3.0,0
003306,12,1,Urbano,Costa Norte,Ladrillo o Bloque de cemento,Red publica dentro de la vivienda,Hombre,Ocupado,7,6,1.17,40.0,11.0,4.0,1
003307,16,1,Urbano,Costa Norte,Ladrillo o Bloque de cemento,Red publica dentro de la vivienda,Mujer,Ocupado,2,1,2.0,,8.0,5.0,0
003308,14,1,Urbano,Costa Norte,Ladrillo o Bloque de cemento,Red publica dentro de la vivienda,Hombre,Ocupado,6,5,1.2,57.0,12.0,4.0,0
003309,10,1,Rural,Selva,Madera,Red publica dentro de la vivienda,Hombre,Ocupado,2,2,1.0,52.0,10.0,4.0,0
003310,1,1,Urbano,Costa Norte,Madera,"Rio, acequia o manantial",Hombre,Ocupado,6,3,2.0,49.0,14.0,4.0,0
003311,6,1,Urbano,Lima Metropolitana,Ladrillo o Bloque de cemento,Red publica dentro de la vivienda,Hombre,Ocupado,6,3,2.0,58.0,12.0,7.0,0
003312,3,1,Urbano,Lima Metropolitana,Ladrillo o Bloque de cemento,Red publica dentro de la vivienda,Hombre,Ocupado,3,1,3.0,47.0,17.0,3.0,0
003313,6,1,Urbano,Selva,Ladrillo o Bloque de cemento,Red publica dentro de la vivienda,Hombre,Ocupado,6,3,2.0,29.0,11.0,5.0,0
003314,6,1,Rural,Selva,Madera,Red publica fuera de la vivienda,Hombre,Ocupado,3,2,1.5,64.0,6.0,4.0,0
003315,18,1,Rural,Sierra Norte,Adobe,Red publica dentro de la vivienda,Mujer,Inactivo,5,2,2.5,75.0,6.0,4.0,0
003316,5,1,Urbano,Costa Norte,Ladrillo o Bloque de cemento,Red publica dentro de la vivienda,Hombre,Ocupado,6,2,3.0,51.0,11.0,2.0,1
003317,16,1,Urbano,Lima Metropolitana,Ladrillo o Bloque de cemento,Red publica dentro de la vivienda,Hombre,Ocupado,5,3,1.67,51.0,14.0,6.0,0
003318,10,1,Rural,Costa Centro,Otro material,Red publica dentro de la vivienda,Hombre,Ocupado,8,4,2.0,50.0,3.0,2.0,0
003319,12,1,Urbano,Costa Norte,Madera,Red publica dentro de la vivienda,Mujer,Ocupado,4,2,2.0,32.0,14.0,6.0,0
003320,16,1,Rural,Sierra Norte,Adobe,"Rio, acequia o manantial",Hombre,Ocupado,4,4,1.0,42.0,10.0,4.0,0
003321,1,1,Urbano,Costa Norte,Ladrillo o Bloque de cemento,Red publica dentro de la vivienda,Hombre,Ocupado,4,2,2.0,61.0,18.0,5.0,0
003322,8,1,Rural,Sierra Sur,Adobe,Pozo,Hombre,Ocupado,4,3,1.33,54.0,1.0,4.0,1
003323,3,1,Urbano,Lima Metropolitana,Ladrillo o Bloque de cemento,Red publica fuera de la vivienda,Mujer,Inactivo,4,4,1.0,74.0,12.0,2.0,0
003324,15,1,Urbano,Lima Metropolitana,Ladrillo o Bloque de cemento,Red publica dentro de la vivienda,Mujer,Ocupado,2,2,1.0,61.0,10.0,5.0,0
003325,12,1,Rural,Selva,Otro material,Pozo,Hombre,Ocupado,5,4,1.25,44.0,8.0,7.0,0
003326,4,1,Urbano,Lima Metropolitana,Ladrillo o Bloque de cemento,Red publica dentro de la vivienda,Hombre,Ocupado,7,5,1.4,60.0,16.0,3.0,0
003327,18,1,Urbano,Sierra Centro,Ladrillo o Bloque de cemento,Red publica dentro de la vivienda,Hombre,Ocupado,6,2,3.0,47.0,,4.0,0
003328,11,1,Urbano,Lima Metropolitana,Ladrillo o Bloque de cemento,Pozo,Hombre,Ocupado,5,2,2.5,27.0,11.0,2.0,0
003329,6,1,Urbano,Selva,Adobe,Red publica dentro de la vivienda,Hombre,Inactivo,5,3,1.67,65.0,9.0,3.0,1
003330,11,1,Urbano,Costa Sur,Ladrillo o Bloque de cemento,Red publica dentro de la vivienda,Mujer,Ocupado,3,1,3.0,57.0,10.0,2.0,0
003331,13,1,Urbano,Lima Metropolitana,Ladrillo o Bloque de cemento,Red publica dentro de la vivienda,Mujer,Inactivo,5,4,1.25,90.0,14.0,6.0,1
003332,6,1,Urbano,Sierra Norte,Ladrillo o Bloque de cemento,Red publica dentro de la vivienda,Hombre,Ocupado,8,6,1.33,43.0,12.0,2.0,0
003333,19,1,Urbano,Costa Norte,Ladrillo o Bloque de cemento,Red publica dentro de la vivienda,Hombre,Ocupado,3,3,1.0,60.0,16.0,4.0,0
003334,15,1,Rural,Sierra Norte,Ladrillo o Bloque de cemento,"Rio, acequia o manantial",Hombre,Ocupado,7,4,1.75,40.0,6.0,4.0,1
003335,14,1,Rural,Sierra Centro,Adobe,Red publica dentro de la vivienda,Mujer,Desocupado,3,2,1.5,38.0,9.0,4.0,1
003336,14,1,Rural,Sierra Centro,Ladrillo o Bloque de cemento,Red publica dentro de la vivienda,Hombre,Inactivo,2,2,1.0,83.0,4.0,5.0,1
003337,18,1,Rural,Selva,Ladrillo o Bloque de cemento,Pozo,Hombre,Ocupado,5,4,1.25,21.0,2.0,2.0,0
003338,4,1,Urbano,Lima Metropolitana,Ladrillo o Bloque de cemento,Red publica dentro de la vivienda,Mujer,Ocupado,7,4,1.75,50.0,16.0,3.0,1
003339,6,1,Rural,Sierra Norte,Adobe,Otro,Hombre,Inactivo,8,4,2.0,74.0,8.0,4.0,1
003340,5,1,Rural,Selva,Adobe,Red publica dentro de la vivienda,Mujer,Ocupado,5,5,1.0,28.0,5.0,2.0,1
003341,18,1,Urbano,Sierra Centro,Ladrillo o Bloque de cemento,Red publica dentro de la vivienda,Mujer,Ocupado,5,3,1.67,43.0,8.0,5.0,0
003342,16,1,Urbano,Lima Metropolitana,,Red publica dentro de la vivienda,Hombre,Ocupado,6,3,2.0,63.0,11.0,4.0,0
003343,7,1,Urbano,Costa Centro,Ladrillo o Bloque de cemento,Red publica dentro de la vivienda,Hombre,Ocupado,4,2,2.0,33.0,12.0,5.0,1
003344,5,1,Urbano,Costa Centro,Ladrillo o Bloque de cemento,Red publica dentro de la vivienda,Hombre,Ocupado,4,3,1.33,55.0,11.0,5.0,0
003345,5,1,Urbano,Selva,Ladrillo o Bloque de cemento,Red publica dentro de la vivienda,Hombre,Ocupado,8,5,1.6,39.0,6.0,4.0,1
003346,16,1,Urbano,Lima Metropolitana,Ladrillo o Bloque de cemento,Red publica dentro de la vivienda,Hombre,Inactivo,5,3,1.67,69.0,8.0,3.0,1
003347,13,1,Urbano,Lima Metropolitana,Ladrillo o Bloque de cemento,Red publica fuera de la vivienda,Hombre,Inactivo,3,3,1.0,68.0,13.0,6.0,0
003348,19,1,Rural,Selva,Adobe,Red publica fuera de la vivienda,Hombre,Ocupado,4,4,1.0,43.0,8.0,1.0,0
003349,17,1,Urbano,Lima Metropolitana,Ladrillo o Bloque de cemento,Red publica dentro de la vivienda,Hombre,Ocupado,4,4,1.0,18.0,10.0,5.0,0
003350,1,1,Urbano,Sierra Centro,Ladrillo o Bloque de cemento,Red publica dentro de la vivienda,Mujer,Ocupado,3,3,1.0,57.0,6.0,4.0,0
003351,15,1,Rural,Costa Norte,Ladrillo o Bloque de cemento,Pozo,Mujer,Ocupado,3,3,1.0,64.0,7.0,1.0,0
003352,2,1,Urbano,Costa Centro,Ladrillo o Bloque de cemento,Red publica dentro de la vivienda,Hombre,Ocupado,6,4,1.5,57.0,4.0,6.0,1
003353,19,1,Rural,Costa Norte,Ladrillo o Bloque de cemento,"Rio, acequia o manantial",Hombre,Ocupado,5,3,1.67,56.0,5.0,5.0,0
003354,2,1,Rural,Sierra Norte,Adobe,Pozo,Hombre,Desocupado,7,4,1.75,54.0,8.0,5.0,1
003355,10,1,Rural,Sierra Sur,Madera,Red publica dentro de la vivienda,Mujer,Ocupado,4,2,2.0,45.0,6.0,6.0,1
003356,17,1,Rural,Sierra Centro,Madera,Red publica dentro de la vivienda,Hombre,Ocupado,4,3,1.33,39.0,1.0,2.0,0
003357,2,1,Urbano,Selva,Ladrillo o Bloque de cemento,Red publica dentro de la vivienda,Mujer,Ocupado,3,3,1.0,50.0,16.0,4.0,0
003358,6,1,Urbano,Sierra Sur,Ladrillo o Bloque de cemento,Red publica dentro de la vivienda,Mujer,Ocupado,3,1,3.0,47.0,11.0,2.0,1
003359,12,1,Urbano,Lima Metropolitana,Ladrillo o Bloque de cemento,Otro,Hombre,Ocupado,4,1,4.0,59.0,13.0,6.0,0
003360,7,1,Urbano,Lima Metropolitana,Madera,Red publica dentro de la vivienda,Hombre,Ocupado,4,3,1.33,38.0,15.0,6.0,0
003361,1,1,Urbano,Sierra Norte,,Red publica dentro de la vivienda,Mujer,Ocupado,4,3,1.33,44.0,10.0,3.0,0
003362,6,1,Rural,Sierra Centro,Adobe,Pozo,Hombre,Ocupado,6,3,2.0,51.0,6.0,5.0,1
003363,5,1,Urbano,Selva,Ladrillo o Bloque de cemento,Red publica dentro de la vivienda,Hombre,Ocupado,3,2,1.5,39.0,15.0,3.0,0
003364,18,1,Rural,Selva,Madera,Red publica dentro de la vivienda,Hombre,Ocupado,5,4,1.25,30.0,4.0,4.0,1
003365,8,1,Urbano,Sierra Norte,Madera,Red publica dentro de la vivienda,Hombre,Ocupado,4,3,1.33,58.0,14.0,3.0,0
003366,6,1,Urbano,Sierra Centro,Ladrillo o Bloque de cemento,Red publica dentro de la vivienda,Hombre,Ocupado,5,3,1.67,31.0,7.0,7.0,0
003367,3,1,Urbano,Lima Metropolitana,Ladrillo o Bloque de cemento,Red publica dentro de la vivienda,Hombre,Ocupado,3,2,1.5,52.0,10.0,4.0,0
003368,4,1,Urbano,Lima Metropolitana,Ladrillo o Bloque de cemento,Otro,Mujer,Ocupado,3,1,3.0,57.0,13.0,4.0,0
003369,3,1,Urbano,Costa Centro,Ladrillo o Bloque de cemento,Red publica dentro de la vivienda,Hombre,Inactivo,6,3,2.0,69.0,16.0,5.0,1
003370,19,1,Urbano,Sierra Sur,Ladrillo o Bloque de cemento,Red publica dentro de la vivienda,Mujer,Inactivo,4,4,1.0,82.0,11.0,2.0,0
003371,10,1,Urbano,Lima Metropolitana,Ladrillo o Bloque de cemento,Red publica dentro de la vivienda,Mujer,Inactivo,3,1,3.0,68.0,8.0,3.0,0
003372,6,1,Urbano,Costa Norte,Ladrillo o Bloque de cemento,Red publica dentro de la vivienda,Hombre,Ocupado,6,2,3.0,40.0,13.0,4.0,1
003373,1,1,Urbano,Lima Metropolitana,Ladrillo o Bloque de cemento,Red publica fuera de la vivienda,Hombre,Ocupado,3,1,3.0,45.0,10.0,1.0,0
003374,5,1,Urbano,Costa Centro,Ladrillo o Bloque de cemento,Red publica dentro de la vivienda,Hombre,Ocupado,6,4,1.5,54.0,13.0,2.0,0
003375,15,1,Rural,Selva,Madera,Pozo,Hombre,Ocupado,4,3,1.33,49.0,7.0,4.0,1
003376,12,1,Rural,Sierra Sur,Adobe,Otro,Hombre,Ocupado,3,3,1.0,52.0,2.0,5.0,0
003377,1,1,Urbano,Costa Norte,Ladrillo o Bloque de cemento,Red publica dentro de la vivienda,Mujer,Inactivo,2,2,1.0,67.0,12.0,6.0,0
003378,10,1,Urbano,Lima Metropolitana,Ladrillo o Bloque de cemento,Red publica fuera de la vivienda,Mujer,Ocupado,2,2,1.0,51.0,9.0,3.0,0
003379,11,1,Urbano,Sierra Sur,Madera,Red publica dentro de la vivienda,Mujer,Ocupado,3,3,1.0,62.0,15.0,4.0,0
003380,9,1,Urbano,Lima Metropolitana,Ladrillo o Bloque de cemento,Pozo,Hombre,Ocupado,3,3,1.0,34.0,7.0,2.0,0
003381,3,1,Urbano,Sierra Norte,Ladrillo o Bloque de cemento,Red publica dentro de la vivienda,Hombre,Ocupado,6,4,1.5,56.0,,3.0,0
003382,3,1,Urbano,Lima Metropolitana,Adobe,Red publica fuera de la vivienda,Hombre,Desocupado,4,2,2.0,26.0,9.0,6.0,1
003383,19,1,Urbano,Lima Metropolitana,Ladrillo o Bloque de cemento,Red publica dentro de la vivienda,Hombre,Inactivo,5,2,2.5,65.0,17.0,2.0,0
003384,16,1,Urbano,Selva,Ladrillo o Bloque de cemento,Red publica dentro de la vivienda,Hombre,Ocupado,2,2,1.0,47.0,6.0,1.0,0
003385,3,1,Urbano,Costa Sur,Madera,Red publica dentro de la vivienda,Hombre,Ocupado,7,6,1.17,30.0,18.0,5.0,0
003386,16,1,Urbano,Lima Metropolitana,Ladrillo o Bloque de cemento,"Rio, acequia o manantial",Mujer,Ocupado,6,5,1.2,,11.0,6.0,0
003387,18,1,Rural,Selva,Ladrillo o Bloque de cemento,Red publica dentro de la vivienda,Mujer,Ocupado,4,2,2.0,56.0,5.0,5.0,0
003388,2,1,Urbano,Lima Metropolitana,Madera,Red publica dentro de la vivienda,Mujer,Ocupado,3,2,1.5,32.0,15.0,3.0,0
003389,4,1,Rural,Sierra Sur,Adobe,Red publica dentro de la vivienda,Mujer,Ocupado,4,2,2.0,37.0,6.0,5.0,1
003390,3,1,Rural,Sierra Norte,Otro material,Red publica dentro de la vivienda,Mujer,Ocupado,2,1,2.0,44.0,4.0,5.0,0
003391,1,1,Urbano,Costa Centro,Ladrillo o Bloque de cemento,Red publica dentro de la vivienda,Mujer,Desocupado,4,2,2.0,61.0,9.0,4.0,0
003392,14,1,Urbano,Lima Metropolitana,Ladrillo o Bloque de cemento,Red publica dentro de la vivienda,Hombre,Ocupado,2,1,2.0,21.0,11.0,5.0,0
003393,19,1,Urbano,Lima Metropolitana,Madera,Red publica dentro de la vivienda,Hombre,Ocupado,5,3,1.67,56.0,10.0,1.0,0
003394,8,1,Urbano,Costa Norte,Ladrillo o Bloque de cemento,Red publica dentro de la vivienda,Mujer,Ocupado,6,5,1.2,46.0,14.0,6.0,0
003395,8,1,Urbano,Lima Metropolitana,Ladrillo o Bloque de cemento,Red publica dentro de la vivienda,Mujer,Ocupado,2,1,2.0,64.0,13.0,5.0,0
003396,8,1,Urbano,Lima Metropolitana,Adobe,Red publica dentro de la vivienda,Mujer,Ocupado,4,2,2.0,55.0,14.0,5.0,0
003397,5,1,Urbano,Costa Norte,Otro material,Red publica dentro de la vivienda,Hombre,Inactivo,2,2,1.0,68.0,10.0,4.0,0
003398,19,1,Urbano,Costa Centro,Otro material,Red publica dentro de la vivienda,Hombre,Ocupado,6,3,2.0,55.0,13.0,6.0,0
003399,17,1,Urbano,Lima Metropolitana,Ladrillo o Bloque de cemento,Red publica dentro de la vivienda,Hombre,Ocupado,8,6,1.33,32.0,10.0,1.0,0
003400,19,1,Urbano,Lima Metropolitana,Ladrillo o Bloque de cemento,,Hombre,Ocupado,4,2,2.0,55.0,10.0,4.0,1
003401,17,1,Urbano,Costa Norte,Ladrillo o Bloque de cemento,Red publica fuera de la vivienda,Mujer,Ocupado,5,2,2.5,56.0,9.0,4.0,0
003402,16,1,Urbano,Lima Metropolitana,Ladrillo o Bloque de cemento,Red publica dentro de la vivienda,Hombre,Ocupado,5,4,1.25,39.0,17.0,3.0,0
003403,7,1,Rural,Selva,Adobe,"Rio, acequia o manantial",Mujer,Ocupado,7,5,1.4,42.0,5.0,3.0,0
003404,18,1,Urbano,Lima Metropolitana,Ladrillo o Bloque de cemento,Red publica dentro de la vivienda,Hombre,Ocupado,2,2,1.0,18.0,11.0,2.0,0
003405,3,1,Urbano,Lima Metropolitana,Ladrillo o Bloque de cemento,Red publica dentro de la vivienda,Hombre,Ocupado,5,4,1.25,59.0,13.0,4.0,0
003406,6,1,Urbano,Lima Metropolitana,Ladrillo o Bloque de cemento,Red publica dentro de la vivienda,Hombre,Ocupado,9,5,1.8,47.0,12.0,,0
003407,9,1,Urbano,Selva,Ladrillo o Bloque de cemento,Red publica dentro de la vivienda,Hombre,Ocupado,3,3,1.0,41.0,8.0,2.0,0
003408,9,1,Rural,Sierra Norte,Adobe,Red publica dentro de la vivienda,Hombre,Ocupado,4,4,1.0,35.0,3.0,2.0,0
003409,18,1,Urbano,Selva,Ladrillo o Bloque de cemento,Red publica fuera de la vivienda,Hombre,Ocupado,3,1,3.0,42.0,13.0,5.0,0
003410,19,1,Urbano,Costa Centro,Ladrillo o Bloque de cemento,Red publica dentro de la vivienda,Hombre,Desocupado,4,2,2.0,55.0,7.0,3.0,1
003411,16,1,Urbano,Lima Metropolitana,Ladrillo o Bloque de cemento,Red publica dentro de la vivienda,Mujer,Ocupado,5,4,1.25,51.0,15.0,5.0,0
003412,16,1,Rural,Costa Centro,Madera,Red publica fuera de la vivienda,Hombre,Ocupado,9,6,1.5,44.0,5.0,4.0,0
003413,17,1,Urbano,Selva,Adobe,Pozo,Mujer,Ocupado,2,2,1.0,32.0,,3.0,0
003414,4,1,Urbano,Costa Norte,Ladrillo o Bloque de cemento,Red publica dentro de la vivienda,Hombre,Ocupado,5,1,5.0,44.0,13.0,8.0,1
003415,11,1,Urbano,Sierra Norte,Ladrillo o Bloque de cemento,Red publica dentro de la vivienda,Hombre,Ocupado,5,5,1.0,37.0,14.0,3.0,0
003416,12,1,Urbano,Costa Sur,Ladrillo o Bloque de cemento,Red publica dentro de la vivienda,Hombre,Ocupado,3,3,1.0,46.0,13.0,5.0,0
003417,12,1,Urbano,Lima Metropolitana,Ladrillo o Bloque de cemento,Red publica dentro de la vivienda,Hombre,Ocupado,6,3,2.0,57.0,11.0,3.0,0
003418,4,1,Urbano,Lima Metropolitana,Otro material,Red publica dentro de la vivienda,Hombre,Ocupado,4,3,1.33,41.0,11.0,7.0,1
003419,19,1,Urbano,Costa Norte,Ladrillo o Bloque de cemento,Red publica dentro de la vivienda,Hombre,Inactivo,5,4,1.25,72.0,10.0,3.0,1
003420,6,1,Urbano,Lima Metropolitana,Ladrillo o Bloque de cemento,Red publica dentro de la vivienda,Hombre,Ocupado,6,4,1.5,41.0,10.0,4.0,0
003421,6,1,Urbano,Lima Metropolitana,Ladrillo o Bloque de cemento,Red publica dentro de la vivienda,Hombre,Ocupado,4,4,1.0,25.0,13.0,6.0,0
003422,18,1,Rural,Sierra Centro,Otro material,"Rio, acequia o manantial",Mujer,Ocupado,2,2,1.0,46.0,6.0,5.0,0
003423,10,1,Urbano,Lima Metropolitana,Ladrillo o Bloque de cemento,Red publica dentro de la vivienda,Hombre,Ocupado,4,2,2.0,40.0,11.0,5.0,0
003424,14,1,Rural,Sierra Centro,Adobe,Red publica fuera de la vivienda,Hombre,Inactivo,4,2,2.0,90.0,4.0,5.0,1
003425,15,1,Rural,Costa Centro,Adobe,Red publica dentro de la vivienda,Mujer,Ocupado,5,5,1.0,42.0,7.0,5.0,0
003426,15,1,Urbano,Selva,Ladrillo o Bloque de cemento,Red publica dentro de la vivienda,Hombre,Ocupado,4,3,1.33,27.0,15.0,5.0,0
003427,19,1,Urbano,Costa Norte,Ladrillo o Bloque de cemento,Red publica dentro de la vivienda,Mujer,Ocupado,5,3,1.67,49.0,11.0,2.0,0
003428,8,1,Urbano,Lima Metropolitana,Ladrillo o Bloque de cemento,Red publica dentro de la vivienda,Hombre,Ocupado,7,3,2.33,46.0,8.0,5.0,1
003429,11,1,Urbano,Lima Metropolitana,Adobe,Red publica dentro de la vivienda,Hombre,Ocupado,6,6,1.0,32.0,12.0,4.0,0
003430,5,1,Urbano,Lima Metropolitana,Ladrillo o Bloque de cemento,Red publica dentro de la vivienda,Hombre,Desocupado,3,3,1.0,53.0,14.0,5.0,1
003431,6,1,Rural,Selva,Madera,"Rio, acequia o manantial",Hombre,Ocupado,2,2,1.0,56.0,9.0,3.0,0
003432,11,1,Rural,Selva,Madera,"Rio, acequia o manantial",Hombre,Ocupado,6,3,2.0,49.0,8.0,2.0,0
003433,15,1,Urbano,Lima Metropolitana,Ladrillo o Bloque de cemento,Red publica dentro de la vivienda,Hombre,Ocupado,4,2,2.0,44.0,13.0,6.0,0
003434,10,1,Urbano,Sierra Norte,Ladrillo o Bloque de cemento,Otro,Hombre,Ocupado,4,4,1.0,43.0,18.0,4.0,0
003435,3,1,Urbano,Costa Norte,Ladrillo o Bloque de cemento,Red publica dentro de la vivienda,Hombre,Ocupado,6,4,1.5,39.0,7.0,2.0,0
003436,1,1,Urbano,Selva,Ladrillo o Bloque de cemento,Red publica dentro de la vivienda,Mujer,Ocupado,7,5,1.4,30.0,16.0,3.0,0
003437,5,1,Rural,Sierra Norte,Adobe,Red publica dentro de la vivienda,Mujer,Inactivo,5,3,1.67,69.0,8.0,5.0,1
003438,8,1,Rural,Sierra Norte,Ladrillo o Bloque de cemento,Red publica dentro de la vivienda,Hombre,Inactivo,4,3,1.33,82.0,14.0,5.0,1
003439,17,1,Urbano,Costa Norte,Otro material,Pozo,Mujer,Ocupado,8,6,1.33,34.0,6.0,1.0,0
003440,6,1,Urbano,Selva,Ladrillo o Bloque de cemento,Red publica fuera de la vivienda,Hombre,Ocupado,3,3,1.0,40.0,16.0,8.0,0
003441,10,1,Rural,Sierra Norte,Adobe,Pozo,Hombre,Ocupado,7,4,1.75,33.0,12.0,3.0,1
003442,3,1,Urbano,Costa Sur,Ladrillo o Bloque de cemento,Red publica dentro de la vivienda,Hombre,Ocupado,2,1,2.0,60.0,10.0,5.0,1
003443,2,1,Urbano,Costa Norte,Ladrillo o Bloque de cemento,Red publica dentro de la vivienda,Mujer,Ocupado,3,2,1.5,34.0,8.0,3.0,1
003444,9,1,Rural,Sierra Centro,Madera,Pozo,Hombre,Ocupado,3,2,1.5,58.0,13.0,2.0,0
003445,14,1,Urbano,Lima Metropolitana,Madera,Red publica dentro de la vivienda,Hombre,Ocupado,7,4,1.75,54.0,10.0,4.0,0
003446,18,1,Rural,Sierra Centro,Ladrillo o Bloque de cemento,"Rio, acequia o manantial",Hombre,Ocupado,4,3,1.33,46.0,,2.0,1
003447,9,1,Urbano,Lima Metropolitana,Ladrillo o Bloque de cemento,Red publica dentro de la vivienda,Mujer,Inactivo,5,4,1.25,67.0,17.0,4.0,0
003448,2,1,Urbano,Lima Metropolitana,Madera,Red publica dentro de la vivienda,Mujer,Ocupado,8,3,2.67,43.0,12.0,8.0,1
003449,10,1,Urbano,Sierra Norte,Ladrillo o Bloque de cemento,Red publica dentro de la vivienda,Mujer,Ocupado,4,2,2.0,48.0,10.0,3.0,0
003450,11,1,Urbano,Lima Metropolitana,Madera,Red publica dentro de la vivienda,Hombre,Ocupado,5,3,1.67,31.0,18.0,5.0,0
003451,19,1,Urbano,Lima Metropolitana,Ladrillo o Bloque de cemento,Red publica dentro de la vivienda,Hombre,Ocupado,7,5,1.4,18.0,12.0,4.0,0
003452,2,1,Urbano,Selva,Madera,Red publica dentro de la vivienda,Hombre,Ocupado,4,2,2.0,63.0,9.0,4.0,1
003453,8,1,Urbano,Costa Norte,Ladrillo o Bloque de cemento,Red publica dentro de la vivienda,Mujer,Ocupado,6,3,2.0,,2.0,4.0,0
003454,19,1,Rural,Costa Norte,Madera,Red publica dentro de la vivienda,Mujer,Ocupado,5,2,2.5,64.0,10.0,4.0,0
003455,16,1,Urbano,Lima Metropolitana,Adobe,Red publica dentro de la vivienda,Hombre,Ocupado,4,4,1.0,43.0,11.0,2.0,0
003456,4,1,Urbano,Lima Metropolitana,Ladrillo o Bloque de cemento,Red publica fuera de la vivienda,Mujer,Ocupado,8,4,2.0,46.0,15.0,4.0,0
003457,8,1,Urbano,Lima Metropolitana,,Pozo,Mujer,Ocupado,3,2,1.5,51.0,12.0,5.0,0
003458,14,1,Urbano,Lima Metropolitana,Ladrillo o Bloque de cemento,Red publica dentro de la vivienda,Hombre,Ocupado,2,2,1.0,40.0,17.0,5.0,0
003459,17,1,Urbano,Costa Norte,Ladrillo o Bloque de cemento,Red publica dentro de la vivienda,Mujer,Ocupado,5,3,1.67,25.0,15.0,7.0,0
003460,17,1,Rural,Lima Metropolitana,,Red publica dentro de la vivienda,Hombre,Ocupado,5,3,1.67,36.0,5.0,5.0,1
003461,16,1,Rural,Sierra Sur,Adobe,Red publica fuera de la vivienda,Hombre,Ocupado,6,3,2.0,35.0,5.0,2.0,1
003462,14,1,Urbano,Lima Metropolitana,Ladrillo o Bloque de cemento,Red publica dentro de la vivienda,Hombre,Desocupado,2,2,1.0,48.0,14.0,8.0,0
003463,3,1,Urbano,Costa Norte,Ladrillo o Bloque de cemento,Red publica dentro de la vivienda,Mujer,Ocupado,6,4,1.5,64.0,16.0,4.0,0
003464,1,1,Rural,Sierra Norte,Madera,Red publica dentro de la vivienda,Hombre,Ocupado,2,2,1.0,38.0,7.0,4.0,0
003465,14,1,Urbano,Lima Metropolitana,Ladrillo o Bloque de cemento,Red publica dentro de la vivienda,Mujer,Ocupado,5,2,2.5,47.0,13.0,4.0,0
003466,13,1,Urbano,Lima Metropolitana,Ladrillo o Bloque de cemento,Red publica dentro de la vivienda,Hombre,Ocupado,4,1,4.0,51.0,14.0,3.0,1
003467,7,1,Rural,Selva,Ladrillo o Bloque de cemento,Red publica dentro de la vivienda,Hombre,Ocupado,6,4,1.5,37.0,4.0,2.0,0
003468,6,1,Rural,Sierra Norte,Adobe,Red publica fuera de la vivienda,Hombre,Ocupado,4,2,2.0,53.0,5.0,3.0,1
003469,10,1,Urbano,Sierra Norte,,Red publica dentro de la vivienda,Mujer,Ocupado,2,2,1.0,63.0,10.0,5.0,0
003470,10,1,Urbano,Lima Metropolitana,Ladrillo o Bloque de cemento,,Mujer,Desocupado,5,2,2.5,54.0,16.0,5.0,1
003471,3,1,Rural,Sierra Sur,Adobe,Red publica fuera de la vivienda,Hombre,Ocupado,5,4,1.25,47.0,12.0,5.0,0
003472,15,1,Rural,Sierra Sur,Otro material,Red publica dentro de la vivienda,Hombre,Ocupado,6,4,1.5,36.0,4.0,1.0,0
003473,14,1,Rural,Selva,Adobe,Red publica fuera de la vivienda,Mujer,Ocupado,4,2,2.0,46.0,9.0,2.0,0
003474,8,1,Rural,Sierra Centro,,"Rio, acequia o manantial",Mujer,Ocupado,3,2,1.5,37.0,7.0,2.0,0
003475,9,1,Rural,Selva,Adobe,Otro,Hombre,Ocupado,5,2,2.5,40.0,5.0,6.0,0
003476,4,1,Rural,Sierra Sur,Ladrillo o Bloque de cemento,"Rio, acequia o manantial",Hombre,Ocupado,4,3,1.33,46.0,3.0,4.0,0
003477,15,1,Urbano,Lima Metropolitana,Ladrillo o Bloque de cemento,Red publica dentro de la vivienda,Hombre,Desocupado,3,3,1.0,45.0,13.0,4.0,0
003478,13,1,Urbano,Lima Metropolitana,Ladrillo o Bloque de cemento,Red publica dentro de la vivienda,Mujer,Ocupado,6,2,3.0,62.0,11.0,6.0,1
003479,13,1,Urbano,Lima Metropolitana,Madera,Red publica dentro de la vivienda,Hombre,Ocupado,8,6,1.33,40.0,14.0,6.0,0
003480,4,1,Urbano,Selva,Ladrillo o Bloque de cemento,Red publica dentro de la vivienda,Hombre,Ocupado,4,3,1.33,53.0,8.0,1.0,0
003481,18,1,Urbano,Sierra Sur,Ladrillo o Bloque de cemento,Red publica dentro de la vivienda,Mujer,Ocupado,3,1,3.0,41.0,7.0,1.0,1
003482,18,1,Urbano,Lima Metropolitana,Ladrillo o Bloque de cemento,Red publica dentro de la vivienda,Mujer,Ocupado,6,2,3.0,35.0,16.0,7.0,1
003483,3,1,Urbano,Lima Metropolitana,Ladrillo o Bloque de cemento,Red publica dentro de la vivienda,Hombre,Desocupado,3,2,1.5,56.0,13.0,4.0,1
003484,8,1,Urbano,Selva,Ladrillo o Bloque de cemento,Red publica dentro de la vivienda,Mujer,Ocupado,5,2,2.5,54.0,12.0,7.0,0
003485,3,1,Urbano,Lima Metropolitana,Madera,Red publica dentro de la vivienda,Mujer,Ocupado,6,4,1.5,40.0,11.0,4.0,0
003486,17,1,Urbano,Lima Metropolitana,Adobe,Red publica dentro de la vivienda,Mujer,Ocupado,4,3,1.33,18.0,15.0,6.0,0
003487,12,1,Urbano,Lima Metropolitana,Otro material,Red publica dentro de la vivienda,Hombre,Ocupado,5,2,2.5,64.0,12.0,6.0,1
003488,7,1,Urbano,Lima Metropolitana,Madera,Red publica fuera de la vivienda,Hombre,Ocupado,6,2,3.0,59.0,15.0,6.0,0
003489,6,1,Urbano,Costa Sur,Ladrillo o Bloque de cemento,Red publica fuera de la vivienda,Hombre,Ocupado,4,3,1.33,64.0,10.0,2.0,0
003490,4,1,Urbano,Sierra Sur,Ladrillo o Bloque de cemento,Pozo,Hombre,Inactivo,5,5,1.0,65.0,8.0,6.0,0
003491,18,1,Rural,Selva,Adobe,Red publica fuera de la vivienda,Mujer,Ocupado,4,3,1.33,48.0,4.0,2.0,1
003492,10,1,Rural,Costa Norte,Madera,"Rio, acequia o manantial",Hombre,Ocupado,7,3,2.33,42.0,8.0,6.0,1
003493,7,1,Urbano,Lima Metropolitana,Ladrillo o Bloque de cemento,Red publica dentro de la vivienda,Hombre,Desocupado,5,3,1.67,23.0,9.0,3.0,1
003494,16,1,Rural,Selva,Ladrillo o Bloque de cemento,Red publica fuera de la vivienda,Mujer,Ocupado,2,1,2.0,50.0,12.0,4.0,0
003495,4,1,Urbano,Costa Centro,Ladrillo o Bloque de cemento,Red publica fuera de la vivienda,Hombre,Ocupado,7,6,1.17,42.0,7.0,3.0,0
003496,5,1,Urbano,Lima Metropolitana,Ladrillo o Bloque de cemento,Red publica fuera de la vivienda,Mujer,Ocupado,3,2,1.5,37.0,12.0,5.0,0
003497,19,1,Urbano,Lima Metropolitana,Ladrillo o Bloque de cemento,Red publica dentro de la vivienda,Hombre,Ocupado,3,1,3.0,29.0,16.0,5.0,0
003498,9,1,Urbano,Lima Metropolitana,Ladrillo o Bloque de cemento,Red publica dentro de la vivienda,Mujer,Ocupado,5,4,1.25,34.0,13.0,4.0,0
003499,17,1,Urbano,Sierra Centro,Madera,Red publica dentro de la vivienda,Mujer,Ocupado,6,5,1.2,29.0,10.0,8.0,0
003500,15,1,Urbano,Lima Metropolitana,Ladrillo o Bloque de cemento,Red publica dentro de la vivienda,Mujer,Ocupado,6,4,1.5,62.0,16.0,3.0,0
003501,19,1,Rural,Sierra Sur,Adobe,Pozo,Mujer,Ocupado,4,3,1.33,64.0,4.0,6.0,0
003502,15,1,Urbano,Selva,Ladrillo o Bloque de cemento,Red publica dentro de la vivienda,Mujer,Ocupado,2,1,2.0,38.0,10.0,3.0,0
003503,4,1,Urbano,Costa Norte,Ladrillo o Bloque de cemento,Red publica dentro de la vivienda,Hombre,Inactivo,2,1,2.0,65.0,6.0,2.0,1
003504,10,1,Urbano,Lima Metropolitana,Ladrillo o Bloque de cemento,Red publica dentro de la vivienda,Hombre,Ocupado,5,3,1.67,49.0,15.0,3.0,0
003505,9,1,Urbano,Lima Metropolitana,Ladrillo o Bloque de cemento,Red publica dentro de la vivienda,Hombre,Inactivo,2,2,1.0,69.0,14.0,5.0,1
003506,9,1,Rural,Selva,Madera,Red publica dentro de la vivienda,Hombre,Ocupado,3,3,1.0,56.0,8.0,5.0,0
003507,13,1,Rural,Sierra Sur,Ladrillo o Bloque de cemento,Red publica dentro de la vivienda,Hombre,Ocupado,4,3,1.33,57.0,7.0,2.0,0
003508,5,1,Rural,Lima Metropolitana,Madera,Otro,Hombre,Ocupado,3,3,1.0,51.0,8.0,6.0,0
003509,15,1,Urbano,Lima Metropolitana,Ladrillo o Bloque de cemento,Red publica dentro de la vivienda,Hombre,Ocupado,5,3,1.67,38.0,,6.0,0
003510,13,1,Rural,Sierra Norte,Adobe,,Hombre,Ocupado,7,3,2.33,30.0,7.0,5.0,1
003511,14,1,Urbano,Lima Metropolitana,,Red publica dentro de la vivienda,Hombre,Ocupado,4,2,2.0,51.0,13.0,5.0,0
003512,4,1,Urbano,Lima Metropolitana,Ladrillo o Bloque de cemento,Red publica dentro de la vivienda,Hombre,Ocupado,2,2,1.0,47.0,10.0,2.0,0
003513,17,1,Urbano,Lima Metropolitana,Ladrillo o Bloque de cemento,Red publica dentro de la vivienda,Hombre,Inactivo,4,3,1.33,84.0,,4.0,1
003514,6,1,Urbano,Lima Metropolitana,Ladrillo o Bloque de cemento,Red publica dentro de la vivienda,Hombre,Ocupado,9,5,1.8,58.0,18.0,7.0,1
003515,8,1,Urbano,Lima Metropolitana,Adobe,Red publica dentro de la vivienda,Mujer,Ocupado,3,2,1.5,36.0,10.0,2.0,0
003516,1,1,Urbano,Lima Metropolitana,Ladrillo o Bloque de cemento,Otro,Mujer,Ocupado,3,1,3.0,47.0,12.0,5.0,0
003517,1,1,Urbano,Selva,Madera,Red publica dentro de la vivienda,Hombre,Ocupado,3,2,1.5,43.0,15.0,5.0,0
003518,12,1,Urbano,Costa Centro,Ladrillo o Bloque de cemento,Red publica fuera de la vivienda,Hombre,Ocupado,3,2,1.5,47.0,12.0,4.0,0
003519,13,1,Rural,Selva,Adobe,Red publica dentro de la vivienda,Hombre,Ocupado,3,3,1.0,30.0,2.0,8.0,0
003520,14,1,Urbano,Lima Metropolitana,Ladrillo o Bloque de cemento,Red publica fuera de la vivienda,Mujer,Ocupado,3,3,1.0,61.0,9.0,3.0,0
003521,2,1,Rural,Selva,Otro material,Otro,Hombre,Ocupado,1,1,1.0,42.0,9.0,,0
003522,5,1,Urbano,Lima Metropolitana,Ladrillo o Bloque de cemento,Red publica dentro de la vivienda,Mujer,Desocupado,4,2,2.0,57.0,14.0,3.0,1
003523,6,1,Urbano,Costa Centro,Ladrillo o Bloque de cemento,Pozo,Hombre,Ocupado,7,3,2.33,40.0,9.0,4.0,0
003524,8,1,Rural,Sierra Centro,Adobe,"Rio, acequia o manantial",Hombre,Ocupado,5,4,1.25,42.0,6.0,4.0,1
003525,17,1,Urbano,Selva,Ladrillo o Bloque de cemento,Red publica dentro de la vivienda,Hombre,Ocupado,4,3,1.33,56.0,11.0,5.0,0
003526,8,1,Urbano,Sierra Sur,Ladrillo o Bloque de cemento,Red publica dentro de la vivienda,Mujer,Ocupado,3,2,1.5,19.0,12.0,5.0,0
003527,4,1,Rural,Costa Centro,Madera,Red publica dentro de la vivienda,Hombre,Ocupado,3,2,1.5,62.0,8.0,3.0,0
003528,15,1,Urbano,Costa Centro,Madera,Red publica dentro de la vivienda,Hombre,Inactivo,3,3,1.0,69.0,10.0,2.0,1
003529,2,1,Urbano,Lima Metropolitana,Adobe,Red publica fuera de la vivienda,Hombre,Inactivo,9,6,1.5,68.0,15.0,,1
003530,16,1,Urbano,Sierra Sur,Ladrillo o Bloque de cemento,Red publica dentro de la vivienda,Hombre,Ocupado,3,3,1.0,38.0,13.0,2.0,0
003531,16,1,Urbano,Costa Norte,Ladrillo o Bloque de cemento,Red publica dentro de la vivienda,Hombre,Ocupado,2,2,1.0,52.0,14.0,5.0,0
003532,18,1,Rural,Costa Norte,Madera,Red publica fuera de la vivienda,Hombre,Ocupado,3,2,1.5,42.0,9.0,2.0,1
003533,17,1,Rural,Sierra Sur,Adobe,Red publica dentro de la vivienda,Hombre,Ocupado,7,3,2.33,27.0,9.0,3.0,0
003534,3,1,Urbano,Costa Centro,Ladrillo o Bloque de cemento,Red publica dentro de la vivienda,Hombre,Ocupado,4,2,2.0,49.0,10.0,5.0,0
003535,15,1,Urbano,Lima Metropolitana,Ladrillo o Bloque de cemento,Red publica dentro de la vivienda,Hombre,Ocupado,7,6,1.17,28.0,12.0,4.0,0
003536,3,1,Urbano,Lima Metropolitana,Ladrillo o Bloque de cemento,Red publica dentro de la vivienda,Mujer,Ocupado,2,1,2.0,56.0,10.0,4.0,0
003537,1,1,Urbano,Costa Sur,Ladrillo o Bloque de cemento,Red publica dentro de la vivienda,Hombre,Ocupado,2,2,1.0,59.0,12.0,3.0,0
003538,10,1,Rural,Selva,Madera,"Rio, acequia o manantial",Mujer,Inactivo,4,2,2.0,66.0,4.0,3.0,0
003539,12,1,Urbano,Costa Centro,Ladrillo o Bloque de cemento,Red publica dentro de la vivienda,Mujer,Ocupado,2,1,2.0,55.0,13.0,5.0,0
003540,9,1,Urbano,Sierra Norte,Ladrillo o Bloque de cemento,,Mujer,Ocupado,4,2,2.0,42.0,15.0,6.0,0
003541,6,1,Urbano,Lima Metropolitana,Madera,Red publica dentro de la vivienda,Hombre,Ocupado,4,4,1.0,45.0,12.0,5.0,0
003542,5,1,Rural,Selva,Ladrillo o Bloque de cemento,Red publica dentro de la vivienda,Mujer,Ocupado,5,2,2.5,50.0,5.0,3.0,1
003543,18,1,Urbano,Lima Metropolitana,Ladrillo o Bloque de cemento,,Hombre,Inactivo,3,1,3.0,68.0,14.0,3.0,0
003544,16,1,Urbano,Costa Sur,Otro material,"Rio, acequia o manantial",Hombre,Inactivo,6,4,1.5,69.0,14.0,5.0,1
003545,10,1,Rural,Sierra Centro,Madera,Pozo,Mujer,Ocupado,6,5,1.2,47.0,4.0,3.0,1
003546,18,1,Urbano,Sierra Sur,Ladrillo o Bloque de cemento,Red publica dentro de la vivienda,Hombre,Ocupado,6,5,1.2,62.0,11.0,6.0,0
003547,9,1,Urbano,Sierra Sur,Adobe,Red publica dentro de la vivienda,Mujer,Ocupado,6,2,3.0,41.0,12.0,6.0,0
003548,2,1,Urbano,Lima Metropolitana,Adobe,Red publica dentro de la vivienda,Mujer,Ocupado,6,4,1.5,54.0,12.0,,0
003549,13,1,Urbano,Costa Centro,Ladrillo o Bloque de cemento,Red publica dentro de la vivienda,Mujer,Ocupado,3,2,1.5,43.0,13.0,8.0,0
003550,4,1,Urbano,Lima Metropolitana,Adobe,Red publica dentro de la vivienda,Hombre,Ocupado,2,2,1.0,51.0,7.0,4.0,0
003551,10,1,Urbano,Lima Metropolitana,Adobe,Red publica dentro de la vivienda,Hombre,Ocupado,5,4,1.25,36.0,14.0,7.0,0
003552,7,1,Urbano,Selva,Ladrillo o Bloque de cemento,Red publica fuera de la vivienda,Mujer,Ocupado,5,3,1.67,28.0,17.0,3.0,0
003553,1,1,Urbano,Sierra Centro,Ladrillo o Bloque de cemento,Red publica dentro de la vivienda,Hombre,Ocupado,6,3,2.0,31.0,13.0,4.0,0
003554,18,1,Rural,Selva,Adobe,Pozo,Mujer,Ocupado,2,2,1.0,56.0,7.0,2.0,0
003555,12,1,Urbano,Sierra Norte,Adobe,Red publica dentro de la vivienda,Hombre,Ocupado,2,1,2.0,32.0,,1.0,0
003556,6,1,Urbano,Lima Metropolitana,Adobe,Red publica dentro de la vivienda,Hombre,Ocupado,3,3,1.0,43.0,11.0,2.0,0
003557,11,1,Rural,Sierra Sur,Adobe,Red publica dentro de la vivienda,Mujer,Ocupado,3,1,3.0,60.0,7.0,6.0,0
003558,13,1,Urbano,Lima Metropolitana,Ladrillo o Bloque de cemento,Red publica dentro de la vivienda,Mujer,Ocupado,7,5,1.4,64.0,13.0,7.0,1
003559,13,1,Urbano,Lima Metropolitana,Ladrillo o Bloque de cemento,Red publica dentro de la vivienda,Hombre,Ocupado,8,6,1.33,34.0,9.0,5.0,0
003560,17,1,Urbano,Selva,Ladrillo o Bloque de cemento,Red publica dentro de la vivienda,Hombre,Ocupado,4,2,2.0,18.0,12.0,3.0,0
003561,11,1,Urbano,Lima Metropolitana,Adobe,Red publica dentro de la vivienda,Hombre,Ocupado,7,2,3.5,37.0,10.0,4.0,0
003562,14,1,Urbano,Selva,Ladrillo o Bloque de cemento,Red publica dentro de la vivienda,Hombre,Ocupado,2,1,2.0,51.0,9.0,2.0,0
003563,9,1,Urbano,Lima Metropolitana,Ladrillo o Bloque de cemento,Red publica dentro de la vivienda,Mujer,Ocupado,8,5,1.6,57.0,15.0,,0
003564,1,1,Rural,Costa Sur,Ladrillo o Bloque de cemento,"Rio, acequia o manantial",Hombre,Ocupado,3,3,1.0,31.0,6.0,3.0,0
003565,7,1,Urbano,Lima Metropolitana,Madera,Red publica dentro de la vivienda,Mujer,Ocupado,5,2,2.5,23.0,10.0,5.0,0
003566,17,1,Urbano,Lima Metropolitana,Ladrillo o Bloque de cemento,Red publica dentro de la vivienda,Mujer,Ocupado,8,2,4.0,35.0,9.0,2.0,1
003567,16,1,Urbano,Lima Metropolitana,Ladrillo o Bloque de cemento,Red publica dentro de la vivienda,Hombre,Ocupado,6,4,1.5,41.0,10.0,1.0,0
003568,10,1,Urbano,Sierra Sur,Ladrillo o Bloque de cemento,Red publica dentro de la vivienda,Hombre,Inactivo,5,2,2.5,77.0,9.0,1.0,1
003569,12,1,Urbano,Lima Metropolitana,Ladrillo o Bloque de cemento,Red publica fuera de la vivienda,Hombre,Ocupado,9,5,1.8,50.0,15.0,7.0,0
003570,6,1,Urbano,Sierra Norte,Ladrillo o Bloque de cemento,Red publica dentro de la vivienda,Mujer,Ocupado,2,1,2.0,57.0,11.0,2.0,0
003571,10,1,Urbano,Lima Metropolitana,Ladrillo o Bloque de cemento,Red publica dentro de la vivienda,Mujer,Ocupado,2,1,2.0,63.0,16.0,2.0,0
003572,14,1,Urbano,Costa Centro,Madera,Red publica dentro de la vivienda,Hombre,Ocupado,3,1,3.0,42.0,7.0,2.0,1
003573,11,1,Rural,Sierra Norte,Madera,"Rio, acequia o manantial",Hombre,Ocupado,3,1,3.0,49.0,11.0,5.0,1
003574,4,1,Urbano,Sierra Sur,Ladrillo o Bloque de cemento,Red publica dentro de la vivienda,Hombre,Ocupado,7,4,1.75,52.0,11.0,3.0,0
003575,16,1,Urbano,Sierra Norte,Ladrillo o Bloque de cemento,Pozo,Hombre,Ocupado,5,4,1.25,56.0,10.0,3.0,0
003576,11,1,Rural,Sierra Centro,Adobe,"Rio, acequia o manantial",Hombre,Ocupado,6,5,1.2,46.0,6.0,3.0,0
003577,4,1,Urbano,Lima Metropolitana,Madera,Red publica dentro de la vivienda,Mujer,Ocupado,4,1,4.0,63.0,18.0,6.0,0
003578,4,1,Rural,Sierra Norte,Adobe,Pozo,Hombre,Ocupado,4,3,1.33,63.0,5.0,2.0,1
003579,12,1,Urbano,Lima Metropolitana,Ladrillo o Bloque de cemento,Red publica dentro de la vivienda,Mujer,Ocupado,3,2,1.5,44.0,18.0,3.0,0
003580,17,1,Urbano,Costa Norte,Ladrillo o Bloque de cemento,Red publica dentro de la vivienda,Mujer,Ocupado,4,2,2.0,59.0,14.0,5.0,1
003581,11,1,Urbano,Lima Metropolitana,Madera,"Rio, acequia o manantial",Mujer,Ocupado,4,2,2.0,53.0,9.0,7.0,0
003582,14,1,Urbano,Lima Metropolitana,Ladrillo o Bloque de cemento,Red publica dentro de la vivienda,Hombre,Inactivo,5,3,1.67,85.0,9.0,4.0,1
003583,1,1,Rural,Sierra Centro,Adobe,Red publica dentro de la vivienda,Mujer,Ocupado,2,1,2.0,61.0,7.0,1.0,1
003584,18,1,Urbano,Lima Metropolitana,Ladrillo o Bloque de cemento,Red publica dentro de la vivienda,Hombre,Ocupado,7,3,2.33,53.0,13.0,5.0,0
003585,9,1,Urbano,Lima Metropolitana,Ladrillo o Bloque de cemento,Red publica dentro de la vivienda,Hombre,Ocupado,3,1,3.0,40.0,11.0,4.0,0
003586,5,1,Urbano,Lima Metropolitana,Ladrillo o Bloque de cemento,Red publica dentro de la vivienda,Hombre,Ocupado,1,1,1.0,,11.0,2.0,0
003587,11,1,Urbano,Sierra Centro,Ladrillo o Bloque de cemento,Red publica dentro de la vivienda,Mujer,Ocupado,8,3,2.67,55.0,16.0,3.0,1
003588,3,1,Rural,Sierra Sur,Adobe,Pozo,Hombre,Desocupado,5,3,1.67,24.0,7.0,2.0,1
003589,12,1,Urbano,Lima Metropolitana,Ladrillo o Bloque de cemento,Red publica dentro de la vivienda,Hombre,Inactivo,4,3,1.33,71.0,14.0,6.0,0
003590,9,1,Rural,Sierra Norte,Ladrillo o Bloque de cemento,"Rio, acequia o manantial",Hombre,Ocupado,6,4,1.5,19.0,7.0,3.0,0
003591,11,1,Urbano,Lima Metropolitana,Ladrillo o Bloque de cemento,Red publica dentro de la vivienda,Mujer,Ocupado,3,3,1.0,34.0,13.0,8.0,0
003592,5,1,Rural,Sierra Norte,Ladrillo o Bloque de cemento,Otro,Hombre,Ocupado,5,5,1.0,62.0,13.0,3.0,0
003593,5,1,Urbano,Lima Metropolitana,Ladrillo o Bloque de cemento,Red publica dentro de la vivienda,Hombre,Ocupado,3,2,1.5,48.0,14.0,4.0,0
003594,2,1,Urbano,Costa Norte,Adobe,Red publica dentro de la vivienda,Hombre,Ocupado,9,5,1.8,51.0,18.0,4.0,0
003595,1,1,Urbano,Costa Norte,Adobe,Red publica dentro de la vivienda,Mujer,Ocupado,2,1,2.0,38.0,13.0,4.0,0
003596,11,1,Urbano,Lima Metropolitana,Ladrillo o Bloque de cemento,Red publica dentro de la vivienda,Hombre,Ocupado,6,3,2.0,46.0,10.0,3.0,0
003597,9,1,Urbano,Lima Metropolitana,Ladrillo o Bloque de cemento,Red publica fuera de la vivienda,Hombre,Desocupado,4,2,2.0,58.0,16.0,4.0,1
003598,8,1,Urbano,Lima Metropolitana,Adobe,Red publica dentro de la vivienda,Hombre,Ocupado,4,3,1.33,36.0,12.0,2.0,0
003599,1,1,Urbano,Lima Metropolitana,Ladrillo o Bloque de cemento,Red publica dentro de la vivienda,Mujer,Ocupado,6,3,2.0,44.0,17.0,4.0,0
003600,11,1,Rural,Sierra Sur,Madera,Red publica fuera de la vivienda,Mujer,Ocupado,3,1,3.0,48.0,4.0,4.0,0
003601,1,1,Urbano,Sierra Norte,Ladrillo o Bloque de cemento,Red publica dentro de la vivienda,Hombre,Ocupado,6,3,2.0,44.0,6.0,3.0,0
003602,17,1,Rural,Costa Centro,Adobe,"Rio, acequia o manantial",Mujer,Ocupado,5,3,1.67,59.0,7.0,5.0,1
003603,12,1,Rural,Selva,Madera,"Rio, acequia o manantial",Hombre,Ocupado,4,2,2.0,54.0,11.0,3.0,0
003604,3,1,Urbano,Costa Sur,Adobe,Red publica dentro de la vivienda,Hombre,Ocupado,3,2,1.5,47.0,9.0,3.0,0
003605,11,1,Urbano,Lima Metropolitana,Ladrillo o Bloque de cemento,Red publica dentro de la vivienda,Mujer,Ocupado,3,2,1.5,24.0,14.0,8.0,0
003606,14,1,Rural,Costa Norte,Adobe,"Rio, acequia o manantial",Mujer,Inactivo,5,2,2.5,65.0,4.0,6.0,1
003607,14,1,Urbano,Costa Centro,Ladrillo o Bloque de cemento,Red publica dentro de la vivienda,Mujer,Ocupado,3,1,3.0,35.0,14.0,5.0,0
003608,16,1,Rural,Sierra Norte,Adobe,Pozo,Hombre,Inactivo,4,4,1.0,73.0,5.0,3.0,1
003609,15,1,Rural,Costa Sur,Adobe,Otro,Hombre,Ocupado,6,5,1.2,36.0,7.0,3.0,0
003610,2,1,Rural,Costa Sur,Adobe,"Rio, acequia o manantial",Mujer,Ocupado,6,4,1.5,52.0,,1.0,0
003611,12,1,Urbano,Lima Metropolitana,Ladrillo o Bloque de cemento,Red publica dentro de la vivienda,Hombre,Ocupado,5,3,1.67,57.0,10.0,3.0,0
003612,12,1,Rural,Sierra Norte,Adobe,"Rio, acequia o manantial",Hombre,Ocupado,4,3,1.33,45.0,0.0,3.0,0
003613,10,1,Rural,Selva,Adobe,,Hombre,Ocupado,6,4,1.5,52.0,2.0,3.0,0
003614,2,1,Urbano,Lima Metropolitana,Otro material,Red publica dentro de la vivienda,Mujer,Ocupado,5,4,1.25,44.0,12.0,5.0,0
003615,3,1,Urbano,Selva,Ladrillo o Bloque de cemento,,Hombre,Inactivo,4,2,2.0,74.0,12.0,4.0,1
003616,16,1,Urbano,Lima Metropolitana,Ladrillo o Bloque de cemento,Red publica dentro de la vivienda,Hombre,Ocupado,6,3,2.0,51.0,18.0,3.0,0
003617,14,1,Rural,Sierra Centro,Adobe,Pozo,Mujer,Ocupado,2,2,1.0,46.0,5.0,3.0,0
003618,10,1,Rural,Costa Centro,Adobe,Otro,Hombre,Ocupado,6,2,3.0,51.0,4.0,2.0,1
003619,6,1,Rural,Sierra Norte,Madera,,Hombre,Ocupado,6,4,1.5,64.0,2.0,3.0,1
003620,8,1,Urbano,Lima Metropolitana,Ladrillo o Bloque de cemento,Red publica dentro de la vivienda,Mujer,Ocupado,8,8,1.0,53.0,15.0,5.0,0
003621,7,1,Urbano,Lima Metropolitana,Ladrillo o Bloque de cemento,Red publica dentro de la vivienda,Hombre,Ocupado,6,5,1.2,51.0,14.0,4.0,0
003622,13,1,Rural,Sierra Norte,Madera,"Rio, acequia o manantial",Mujer,Ocupado,3,3,1.0,28.0,8.0,6.0,0
003623,19,1,Rural,Sierra Sur,Adobe,Red publica dentro de la vivienda,Hombre,Ocupado,6,4,1.5,64.0,8.0,6.0,1
003624,10,1,Urbano,Lima Metropolitana,Madera,Red publica dentro de la vivienda,Hombre,Ocupado,4,3,1.33,53.0,11.0,4.0,0
003625,11,1,Urbano,Lima Metropolitana,Ladrillo o Bloque de cemento,Red publica dentro de la vivienda,Hombre,Ocupado,8,6,1.33,42.0,17.0,,0
003626,7,1,Rural,Selva,Ladrillo o Bloque de cemento,"Rio, acequia o manantial",Hombre,Ocupado,9,5,1.8,53.0,4.0,2.0,1
003627,10,1,Urbano,Lima Metropolitana,Ladrillo o Bloque de cemento,Red publica dentro de la vivienda,Hombre,Inactivo,1,1,1.0,67.0,11.0,5.0,0
003628,3,1,Urbano,Lima Metropolitana,Ladrillo o Bloque de cemento,Red publica dentro de la vivienda,Hombre,Ocupado,4,3,1.33,58.0,9.0,2.0,0
003629,19,1,Urbano,Lima Metropolitana,Ladrillo o Bloque de cemento,Red publica dentro de la vivienda,Hombre,Inactivo,7,6,1.17,76.0,12.0,6.0,1
003630,9,1,Urbano,Costa Sur,Ladrillo o Bloque de cemento,Red publica dentro de la vivienda,Mujer,Ocupado,6,5,1.2,60.0,9.0,1.0,0
003631,10,1,Urbano,Costa Centro,Ladrillo o Bloque de cemento,Red publica fuera de la vivienda,Mujer,Ocupado,4,2,2.0,21.0,9.0,3.0,1
003632,7,1,Urbano,Lima Metropolitana,Ladrillo o Bloque de cemento,Red publica dentro de la vivienda,Hombre,Inactivo,3,1,3.0,66.0,9.0,3.0,1
003633,18,1,Rural,Selva,Adobe,Red publica dentro de la vivienda,Hombre,Ocupado,2,1,2.0,24.0,3.0,2.0,0
003634,1,1,Rural,Sierra Sur,Ladrillo o Bloque de cemento,Pozo,Hombre,Inactivo,4,3,1.33,67.0,1.0,4.0,1
003635,14,1,Urbano,Selva,Ladrillo o Bloque de cemento,"Rio, acequia o manantial",Hombre,Ocupado,6,4,1.5,60.0,12.0,7.0,0
003636,10,1,Urbano,Costa Norte,Ladrillo o Bloque de cemento,Otro,Hombre,Inactivo,6,5,1.2,72.0,8.0,5.0,0
003637,3,1,Urbano,Lima Metropolitana,Ladrillo o Bloque de cemento,Red publica dentro de la vivienda,Hombre,Ocupado,5,1,5.0,54.0,18.0,5.0,0
003638,4,1,Urbano,Costa Sur,Adobe,Red publica dentro de la vivienda,Hombre,Ocupado,6,3,2.0,52.0,14.0,7.0,1
003639,11,1,Urbano,Lima Metropolitana,Ladrillo o Bloque de cemento,Red publica dentro de la vivienda,Hombre,Inactivo,4,2,2.0,,13.0,4.0,1
003640,3,1,Urbano,Selva,Ladrillo o Bloque de cemento,Red publica dentro de la vivienda,Hombre,Ocupado,5,5,1.0,32.0,,6.0,0
003641,8,1,Urbano,Sierra Norte,Ladrillo o Bloque de cemento,Red publica dentro de la vivienda,Hombre,Ocupado,5,4,1.25,49.0,14.0,6.0,1
003642,18,1,Rural,Costa Norte,Adobe,Pozo,Mujer,Ocupado,8,7,1.14,45.0,5.0,3.0,1
003643,14,1,Urbano,Lima Metropolitana,Otro material,Red publica dentro de la vivienda,Hombre,Ocupado,2,1,2.0,42.0,12.0,6.0,0
003644,18,1,Urbano,Costa Centro,Otro material,Red publica dentro de la vivienda,Hombre,Ocupado,6,2,3.0,40.0,14.0,4.0,1
003645,16,1,Urbano,Costa Norte,Ladrillo o Bloque de cemento,Red publica dentro de la vivienda,Hombre,Ocupado,7,4,1.75,50.0,15.0,5.0,1
003646,12,1,Urbano,Lima Metropolitana,Ladrillo o Bloque de cemento,Red publica dentro de la vivienda,Hombre,Ocupado,4,2,2.0,58.0,10.0,3.0,0
003647,13,1,Urbano,Sierra Centro,Ladrillo o Bloque de cemento,Red publica dentro de la vivienda,Hombre,Inactivo,3,2,1.5,69.0,18.0,4.0,0
003648,8,1,Rural,Sierra Centro,Adobe,"Rio, acequia o manantial",Hombre,Ocupado,4,3,1.33,44.0,2.0,4.0,1
003649,6,1,Rural,Sierra Norte,Adobe,Red publica dentro de la vivienda,Mujer,Ocupado,4,1,4.0,43.0,0.0,5.0,0
003650,15,1,Urbano,Lima Metropolitana,Madera,Red publica dentro de la vivienda,Mujer,Ocupado,4,3,1.33,18.0,18.0,5.0,0
003651,16,1,Rural,Sierra Norte,Adobe,Red publica dentro de la vivienda,Hombre,Inactivo,4,2,2.0,69.0,9.0,1.0,0
003652,10,1,Urbano,Costa Sur,Ladrillo o Bloque de cemento,Red publica dentro de la vivienda,Hombre,Ocupado,4,4,1.0,,12.0,6.0,0
003653,9,1,Urbano,Sierra Norte,Adobe,Red publica dentro de la vivienda,Hombre,Ocupado,9,7,1.29,55.0,,7.0,0
003654,14,1,Urbano,Costa Sur,Ladrillo o Bloque de cemento,Red publica dentro de la vivienda,Hombre,Ocupado,9,6,1.5,52.0,9.0,2.0,0
003655,12,1,Rural,Sierra Norte,Otro material,Pozo,Hombre,Ocupado,3,3,1.0,62.0,1.0,2.0,1
003656,4,1,Urbano,Costa Norte,Ladrillo o Bloque de cemento,Red publica dentro de la vivienda,Hombre,Ocupado,7,2,3.5,36.0,10.0,2.0,1
003657,8,1,Urbano,Costa Centro,Adobe,Red publica dentro de la vivienda,Hombre,Ocupado,7,4,1.75,56.0,9.0,5.0,0
003658,18,1,Urbano,Sierra Sur,Madera,Red publica dentro de la vivienda,Mujer,Inactivo,7,4,1.75,71.0,8.0,3.0,0
003659,2,1,Urbano,Lima Metropolitana,Ladrillo o Bloque de cemento,Otro,Hombre,Ocupado,5,3,1.67,51.0,11.0,2.0,0
003660,6,1,Urbano,Costa Norte,Ladrillo o Bloque de cemento,Red publica fuera de la vivienda,Mujer,Ocupado,5,2,2.5,36.0,9.0,5.0,0
003661,10,1,Urbano,Costa Sur,Ladrillo o Bloque de cemento,Red publica dentro de la vivienda,Hombre,Ocupado,4,3,1.33,,9.0,4.0,0
003662,3,1,Urbano,Lima Metropolitana,Madera,Red publica dentro de la vivienda,Hombre,Inactivo,3,2,1.5,69.0,14.0,3.0,1
003663,14,1,Urbano,Lima Metropolitana,Ladrillo o Bloque de cemento,Red publica dentro de la vivienda,Hombre,Ocupado,5,5,1.0,42.0,14.0,4.0,0
003664,13,1,Urbano,Lima Metropolitana,Ladrillo o Bloque de cemento,Red publica dentro de la vivienda,Mujer,Ocupado,5,2,2.5,45.0,13.0,5.0,0
003665,13,1,Urbano,Sierra Norte,Adobe,Red publica dentro de la vivienda,Hombre,Inactivo,1,1,1.0,83.0,3.0,6.0,0
003666,12,1,Urbano,Sierra Sur,Adobe,Red publica fuera de la vivienda,Hombre,Ocupado,2,2,1.0,61.0,8.0,3.0,0
003667,3,1,Urbano,Costa Sur,Ladrillo o Bloque de cemento,Red publica fuera de la vivienda,Mujer,Ocupado,4,3,1.33,64.0,8.0,3.0,1
003668,2,1,Urbano,Costa Centro,Adobe,Red publica dentro de la vivienda,Mujer,Inactivo,6,3,2.0,71.0,15.0,5.0,1
003669,6,1,Rural,Sierra Centro,Adobe,Red publica dentro de la vivienda,Hombre,Ocupado,6,5,1.2,26.0,4.0,3.0,1
003670,10,1,Urbano,Selva,Ladrillo o Bloque de cemento,Red publica dentro de la vivienda,Hombre,Inactivo,1,1,1.0,69.0,5.0,4.0,0
003671,9,1,Rural,Sierra Centro,Adobe,"Rio, acequia o manantial",Hombre,Inactivo,3,2,1.5,71.0,9.0,2.0,1
003672,5,1,Urbano,Selva,Ladrillo o Bloque de cemento,Red publica dentro de la vivienda,Mujer,Ocupado,5,2,2.5,42.0,,1.0,1
003673,18,1,Rural,Sierra Norte,Madera,Red publica dentro de la vivienda,Hombre,Ocupado,3,2,1.5,59.0,15.0,6.0,0
003674,14,1,Urbano,Sierra Centro,Ladrillo o Bloque de cemento,Red publica fuera de la vivienda,Mujer,Ocupado,5,3,1.67,62.0,7.0,3.0,0
003675,4,1,Rural,Lima Metropolitana,Adobe,Red publica dentro de la vivienda,Mujer,Ocupado,5,4,1.25,38.0,7.0,2.0,0
003676,15,1,Urbano,Lima Metropolitana,Ladrillo o Bloque de cemento,Red publica dentro de la vivienda,Hombre,Ocupado,3,2,1.5,61.0,9.0,5.0,0
003677,19,1,Rural,Sierra Norte,Ladrillo o Bloque de cemento,"Rio, acequia o manantial",Mujer,Ocupado,9,3,3.0,39.0,3.0,3.0,1
003678,2,1,Urbano,Selva,Ladrillo o Bloque de cemento,Red publica dentro de la vivienda,Hombre,Inactivo,4,3,1.33,84.0,8.0,4.0,1
003679,10,1,Rural,Sierra Norte,Adobe,Red publica dentro de la vivienda,Hombre,Ocupado,5,2,2.5,50.0,3.0,6.0,0
003680,5,1,Urbano,Costa Norte,Ladrillo o Bloque de cemento,Red publica dentro de la vivienda,Mujer,Ocupado,3,2,1.5,56.0,12.0,5.0,0
003681,7,1,Urbano,Lima Metropolitana,Madera,Red publica dentro de la vivienda,Hombre,Ocupado,4,2,2.0,25.0,13.0,7.0,1
003682,17,1,Urbano,Costa Centro,Ladrillo o Bloque de cemento,Red publica dentro de la vivienda,Mujer,Ocupado,5,2,2.5,54.0,11.0,2.0,1
003683,4,1,Urbano,Sierra Sur,Ladrillo o Bloque de cemento,Red publica dentro de la vivienda,Hombre,Inactivo,2,1,2.0,65.0,15.0,2.0,0
003684,16,1,Urbano,Sierra Sur,Ladrillo o Bloque de cemento,,Hombre,Ocupado,5,3,1.67,35.0,13.0,3.0,1
003685,6,1,Urbano,Costa Sur,Otro material,Red publica dentro de la vivienda,Hombre,Ocupado,5,3,1.67,41.0,14.0,6.0,0
003686,7,1,Urbano,Costa Norte,Otro material,Red publica dentro de la vivienda,Mujer,Ocupado,4,2,2.0,38.0,12.0,3.0,1
003687,4,1,Rural,Sierra Centro,Adobe,Red publica fuera de la vivienda,Mujer,Ocupado,3,3,1.0,32.0,7.0,2.0,0
003688,14,1,Urbano,Lima Metropolitana,Otro material,Red publica dentro de la vivienda,Hombre,Desocupado,8,4,2.0,30.0,15.0,,1
003689,11,1,Urbano,Selva,Ladrillo o Bloque de cemento,Red publica dentro de la vivienda,Hombre,Ocupado,3,3,1.0,62.0,7.0,4.0,0
003690,10,1,Urbano,Sierra Centro,Ladrillo o Bloque de cemento,Red publica dentro de la vivienda,Hombre,Ocupado,5,1,5.0,30.0,9.0,1.0,1
003691,15,1,Rural,Costa Norte,Adobe,Otro,Hombre,Ocupado,5,4,1.25,23.0,7.0,2.0,0
003692,7,1,Urbano,Selva,Adobe,Red publica dentro de la vivienda,Mujer,Ocupado,3,2,1.5,41.0,11.0,4.0,0
003693,17,1,Rural,Costa Norte,Adobe,Red publica dentro de la vivienda,Hombre,Ocupado,5,2,2.5,49.0,2.0,4.0,1
003694,19,1,Rural,Selva,Ladrillo o Bloque de cemento,Red publica dentro de la vivienda,Hombre,Ocupado,4,3,1.33,56.0,9.0,3.0,0
003695,4,1,Urbano,Lima Metropolitana,Ladrillo o Bloque de cemento,Red publica dentro de la vivienda,Mujer,Desocupado,3,1,3.0,36.0,17.0,4.0,1
003696,3,1,Urbano,Sierra Sur,Ladrillo o Bloque de cemento,Red publica dentro de la vivienda,Mujer,Ocupado,3,1,3.0,40.0,,2.0,0
003697,17,1,Urbano,Sierra Norte,Adobe,Otro,Hombre,Desocupado,6,4,1.5,56.0,9.0,3.0,1
003698,19,1,Urbano,Costa Norte,Ladrillo o Bloque de cemento,Red publica dentro de la vivienda,Hombre,Ocupado,3,3,1.0,61.0,14.0,3.0,0
003699,1,1,Urbano,Costa Norte,Ladrillo o Bloque de cemento,Red publica dentro de la vivienda,Hombre,Inactivo,4,2,2.0,65.0,10.0,3.0,1
003700,10,1,Urbano,Sierra Sur,Ladrillo o Bloque de cemento,Red publica fuera de la vivienda,Hombre,Ocupado,5,3,1.67,55.0,11.0,4.0,0
003701,17,1,Urbano,Lima Metropolitana,Ladrillo o Bloque de cemento,Red publica dentro de la vivienda,Mujer,Ocupado,3,3,1.0,25.0,16.0,4.0,0
003702,15,1,Urbano,Sierra Norte,Ladrillo o Bloque de cemento,Red publica fuera de la vivienda,Hombre,Ocupado,5,5,1.0,36.0,15.0,4.0,0
003703,4,1,Rural,Selva,Adobe,Red publica fuera de la vivienda,Hombre,Inactivo,5,5,1.0,66.0,5.0,3.0,0
003704,5,1,Urbano,Lima Metropolitana,Ladrillo o Bloque de cemento,Red publica dentro de la vivienda,Mujer,Inactivo,7,3,2.33,73.0,11.0,4.0,0
003705,14,1,Rural,Costa Norte,Adobe,Pozo,Hombre,Ocupado,3,3,1.0,47.0,11.0,3.0,1
003706,14,1,Urbano,Costa Centro,Ladrillo o Bloque de cemento,Red publica dentro de la vivienda,Hombre,Ocupado,4,2,2.0,46.0,11.0,3.0,0
003707,2,1,Urbano,Sierra Centro,Ladrillo o Bloque de cemento,Red publica dentro de la vivienda,Mujer,Ocupado,3,3,1.0,34.0,1.0,4.0,0
003708,13,1,Urbano,Lima Metropolitana,Ladrillo o Bloque de cemento,,Hombre,Inactivo,2,1,2.0,68.0,14.0,2.0,0
003709,9,1,Rural,Sierra Sur,Madera,,Hombre,Ocupado,5,4,1.25,33.0,4.0,4.0,1
003710,7,1,Urbano,Lima Metropolitana,Otro material,Red publica dentro de la vivienda,Mujer,Inactivo,3,2,1.5,75.0,12.0,6.0,1
003711,15,1,Urbano,Lima Metropolitana,Ladrillo o Bloque de cemento,Red publica dentro de la vivienda,Hombre,Ocupado,4,2,2.0,,14.0,4.0,0
003712,19,1,Urbano,Lima Metropolitana,Ladrillo o Bloque de cemento,Red publica dentro de la vivienda,Hombre,Ocupado,5,5,1.0,36.0,7.0,4.0,0
003713,11,1,Urbano,Lima Metropolitana,Ladrillo o Bloque de cemento,"Rio, acequia o manantial",Hombre,Ocupado,2,2,1.0,23.0,15.0,5.0,0
003714,3,1,Urbano,Lima Metropolitana,Ladrillo o Bloque de cemento,Red publica dentro de la vivienda,Hombre,Ocupado,2,2,1.0,44.0,8.0,5.0,0
003715,17,1,Urbano,Lima Metropolitana,Ladrillo o Bloque de cemento,Red publica dentro de la vivienda,Hombre,Desocupado,2,2,1.0,46.0,10.0,3.0,1
003716,17,1,Urbano,Lima Metropolitana,Ladrillo o Bloque de cemento,Pozo,Hombre,Ocupado,3,2,1.5,44.0,14.0,6.0,0
003717,11,1,Urbano,Lima Metropolitana,Ladrillo o Bloque de cemento,Red publica dentro de la vivienda,Hombre,Ocupado,3,2,1.5,48.0,9.0,3.0,0
003718,19,1,Urbano,Lima Metropolitana,Madera,Red publica dentro de la vivienda,Mujer,Inactivo,3,2,1.5,67.0,9.0,4.0,0
003719,18,1,Urbano,Lima Metropolitana,Adobe,Red publica dentro de la vivienda,Hombre,Ocupado,2,1,2.0,57.0,14.0,5.0,0
003720,4,1,Urbano,Sierra Sur,Ladrillo o Bloque de cemento,Red publica fuera de la vivienda,Mujer,Ocupado,7,5,1.4,51.0,13.0,4.0,0
003721,13,1,Urbano,Lima Metropolitana,Ladrillo o Bloque de cemento,Red publica dentro de la vivienda,Mujer,Ocupado,4,1,4.0,64.0,12.0,2.0,0
003722,9,1,Urbano,Selva,Madera,Red publica dentro de la vivienda,Hombre,Ocupado,3,2,1.5,35.0,13.0,3.0,0
003723,16,1,Urbano,Lima Metropolitana,Ladrillo o Bloque de cemento,Red publica dentro de la vivienda,Hombre,Ocupado,3,2,1.5,58.0,18.0,5.0,0
003724,7,1,Rural,Sierra Sur,Adobe,Pozo,Mujer,Ocupado,6,4,1.5,58.0,,2.0,1
003725,6,1,Urbano,Lima Metropolitana,Ladrillo o Bloque de cemento,Red publica fuera de la vivienda,Hombre,Inactivo,7,6,1.17,69.0,5.0,5.0,0
003726,9,1,Urbano,Lima Metropolitana,Ladrillo o Bloque de cemento,Red publica fuera de la vivienda,Hombre,Ocupado,6,4,1.5,29.0,16.0,5.0,0
003727,4,1,Urbano,Lima Metropolitana,Ladrillo o Bloque de cemento,Red publica dentro de la vivienda,Hombre,Ocupado,5,5,1.0,36.0,9.0,,0
003728,11,1,Urbano,Sierra Norte,Otro material,Red publica dentro de la vivienda,Hombre,Ocupado,4,2,2.0,37.0,12.0,3.0,0
003729,11,1,Urbano,Lima Metropolitana,Ladrillo o Bloque de cemento,Red publica dentro de la vivienda,Mujer,Ocupado,5,4,1.25,55.0,14.0,5.0,0
003730,8,1,Urbano,Lima Metropolitana,Ladrillo o Bloque de cemento,Red publica dentro de la vivienda,Hombre,Ocupado,5,2,2.5,51.0,12.0,5.0,0
003731,10,1,Urbano,Lima Metropolitana,Ladrillo o Bloque de cemento,Red publica dentro de la vivienda,Hombre,Ocupado,4,4,1.0,56.0,13.0,5.0,0
003732,1,1,Urbano,Lima Metropolitana,Ladrillo o Bloque de cemento,Pozo,Hombre,Desocupado,5,3,1.67,19.0,18.0,3.0,0
003733,6,1,Urbano,Selva,Ladrillo o Bloque de cemento,Red publica dentro de la vivienda,Mujer,Inactivo,5,3,1.67,69.0,9.0,6.0,1
003734,14,1,Rural,Selva,Madera,"Rio, acequia o manantial",Hombre,Ocupado,2,2,1.0,51.0,11.0,4.0,1
003735,7,1,Urbano,Costa Centro,Ladrillo o Bloque de cemento,Red publica dentro de la vivienda,Hombre,Ocupado,3,3,1.0,56.0,,2.0,0
003736,5,1,Urbano,Lima Metropolitana,Ladrillo o Bloque de cemento,Red publica dentro de la vivienda,Hombre,Desocupado,6,4,1.5,53.0,14.0,5.0,1
003737,7,1,Urbano,Sierra Norte,Ladrillo o Bloque de cemento,"Rio, acequia o manantial",Hombre,Ocupado,7,4,1.75,39.0,13.0,5.0,0
003738,7,1,Urbano,Lima Metropolitana,Ladrillo o Bloque de cemento,Red publica dentro de la vivienda,Hombre,Ocupado,5,4,1.25,55.0,12.0,3.0,0
003739,14,1,Urbano,Lima Metropolitana,Ladrillo o Bloque de cemento,Red publica dentro de la vivienda,Hombre,Ocupado,4,1,4.0,,16.0,4.0,0
003740,16,1,Urbano,Sierra Sur,Madera,Red publica dentro de la vivienda,Hombre,Ocupado,6,4,1.5,49.0,11.0,3.0,0
003741,12,1,Urbano,Costa Sur,Ladrillo o Bloque de cemento,Red publica dentro de la vivienda,Hombre,Ocupado,1,1,1.0,55.0,12.0,6.0,0
003742,2,1,Urbano,Costa Sur,Ladrillo o Bloque de cemento,Red publica dentro de la vivienda,Mujer,Ocupado,5,3,1.67,47.0,9.0,5.0,0
003743,10,1,Urbano,Lima Metropolitana,Adobe,Red publica dentro de la vivienda,Hombre,Desocupado,5,1,5.0,29.0,9.0,3.0,1
003744,18,1,Rural,Selva,Adobe,Red publica fuera de la vivienda,Hombre,Ocupado,9,6,1.5,45.0,3.0,5.0,1
003745,4,1,Urbano,Costa Norte,,Red publica fuera de la vivienda,Mujer,Inactivo,6,2,3.0,71.0,9.0,5.0,1
003746,14,1,Urbano,Lima Metropolitana,Ladrillo o Bloque de cemento,Red publica fuera de la vivienda,Hombre,Ocupado,4,3,1.33,40.0,8.0,3.0,0
003747,18,1,Rural,Sierra Norte,Ladrillo o Bloque de cemento,"Rio, acequia o manantial",Mujer,Ocupado,8,4,2.0,49.0,12.0,6.0,1
003748,8,1,Urbano,Lima Metropolitana,Ladrillo o Bloque de cemento,Red publica dentro de la vivienda,Hombre,Ocupado,8,4,2.0,60.0,12.0,4.0,1
003749,5,1,Rural,Sierra Norte,Ladrillo o Bloque de cemento,Otro,Hombre,Inactivo,3,2,1.5,78.0,6.0,2.0,1
003750,15,1,Urbano,Costa Sur,Ladrillo o Bloque de cemento,Red publica dentro de la vivienda,Mujer,Ocupado,5,3,1.67,44.0,7.0,1.0,1
003751,9,1,Urbano,Costa Norte,Adobe,"Rio, acequia o manantial",Hombre,Ocupado,3,3,1.0,31.0,18.0,6.0,0
003752,8,1,Rural,Selva,Adobe,Otro,Mujer,Ocupado,7,2,3.5,57.0,6.0,3.0,1
003753,9,1,Urbano,Sierra Sur,Ladrillo o Bloque de cemento,Otro,Hombre,Ocupado,3,3,1.0,,9.0,4.0,0
003754,17,1,Urbano,Lima Metropolitana,Ladrillo o Bloque de cemento,Red publica dentro de la vivienda,Hombre,Ocupado,2,1,2.0,52.0,11.0,6.0,0
003755,1,1,Urbano,Sierra Sur,Ladrillo o Bloque de cemento,Red publica dentro de la vivienda,Hombre,Ocupado,5,2,2.5,56.0,10.0,1.0,1
003756,12,1,Urbano,Sierra Centro,Madera,Red publica dentro de la vivienda,Hombre,Ocupado,5,2,2.5,41.0,10.0,6.0,0
003757,1,1,Urbano,Sierra Norte,Ladrillo o Bloque de cemento,Red publica dentro de la vivienda,Hombre,Ocupado,5,4,1.25,44.0,7.0,3.0,0
003758,9,1,Rural,Sierra Norte,Adobe,Red publica dentro de la vivienda,Hombre,Ocupado,3,3,1.0,59.0,9.0,4.0,1
003759,17,1,Urbano,Lima Metropolitana,Ladrillo o Bloque de cemento,,Hombre,Ocupado,4,3,1.33,63.0,9.0,2.0,0
003760,7,1,Urbano,Costa Centro,Ladrillo o Bloque de cemento,Red publica dentro de la vivienda,Hombre,Ocupado,7,6,1.17,49.0,14.0,3.0,1
003761,18,1,Urbano,Lima Metropolitana,Madera,Red publica dentro de la vivienda,Hombre,Ocupado,2,2,1.0,50.0,8.0,5.0,0
003762,19,1,Rural,Sierra Norte,Adobe,Red publica dentro de la vivienda,Hombre,Ocupado,4,3,1.33,32.0,7.0,6.0,0
003763,13,1,Rural,Costa Norte,Adobe,Red publica fuera de la vivienda,Hombre,Ocupado,3,1,3.0,50.0,3.0,3.0,1
003764,5,1,Rural,Sierra Norte,Adobe,"Rio, acequia o manantial",Hombre,Ocupado,2,1,2.0,43.0,4.0,5.0,0
003765,8,1,Urbano,Costa Norte,Ladrillo o Bloque de cemento,Red publica fuera de la vivienda,Hombre,Ocupado,4,3,1.33,49.0,13.0,5.0,0
003766,1,1,Urbano,Lima Metropolitana,Ladrillo o Bloque de cemento,Red publica dentro de la vivienda,Mujer,Inactivo,5,1,5.0,68.0,16.0,3.0,0
003767,17,1,Urbano,Selva,Adobe,Red publica dentro de la vivienda,Hombre,Desocupado,8,7,1.14,32.0,17.0,7.0,1
003768,14,1,Urbano,Sierra Centro,Ladrillo o Bloque de cemento,Red publica dentro de la vivienda,Hombre,Ocupado,5,2,2.5,64.0,12.0,,0
003769,7,1,Urbano,Lima Metropolitana,Ladrillo o Bloque de cemento,Red publica dentro de la vivienda,Mujer,Ocupado,4,4,1.0,51.0,12.0,5.0,0
003770,13,1,Urbano,Lima Metropolitana,Ladrillo o Bloque de cemento,Red publica dentro de la vivienda,Hombre,Ocupado,4,3,1.33,48.0,9.0,3.0,0
003771,11,1,Urbano,Lima Metropolitana,Adobe,Red publica dentro de la vivienda,Mujer,Ocupado,6,4,1.5,36.0,7.0,2.0,0
003772,15,1,Urbano,Lima Metropolitana,Ladrillo o Bloque de cemento,Red publica dentro de la vivienda,Mujer,Ocupado,7,6,1.17,52.0,14.0,5.0,0
003773,14,1,Urbano,Lima Metropolitana,Ladrillo o Bloque de cemento,Red publica dentro de la vivienda,Hombre,Inactivo,4,2,2.0,78.0,12.0,4.0,1
003774,3,1,Urbano,Lima Metropolitana,Ladrillo o Bloque de cemento,Red publica dentro de la vivienda,Mujer,Ocupado,3,1,3.0,18.0,13.0,5.0,0
003775,18,1,Urbano,Lima Metropolitana,Ladrillo o Bloque de cemento,Red publica dentro de la vivienda,Hombre,Desocupado,2,2,1.0,21.0,11.0,5.0,1
003776,8,1,Rural,Sierra Sur,Otro material,Red publica dentro de la vivienda,Hombre,Ocupado,2,2,1.0,46.0,4.0,4.0,0
003777,3,1,Rural,Lima Metropolitana,Madera,Red publica fuera de la vivienda,Hombre,Ocupado,4,3,1.33,53.0,10.0,4.0,1
003778,18,1,Urbano,Costa Norte,Ladrillo o Bloque de cemento,Red publica dentro de la vivienda,Hombre,Ocupado,2,2,1.0,61.0,16.0,7.0,0
003779,9,1,Urbano,Lima Metropolitana,Madera,Red publica dentro de la vivienda,Hombre,Ocupado,8,6,1.33,54.0,9.0,3.0,0
003780,2,1,Urbano,Lima Metropolitana,Ladrillo o Bloque de cemento,Red publica dentro de la vivienda,Mujer,Ocupado,4,4,1.0,25.0,7.0,4.0,0
003781,6,1,Rural,Costa Norte,Adobe,"Rio, acequia o manantial",Hombre,Ocupado,4,1,4.0,57.0,6.0,1.0,1
003782,4,1,Urbano,Lima Metropolitana,Ladrillo o Bloque de cemento,Red publica dentro de la vivienda,Hombre,Ocupado,5,2,2.5,46.0,10.0,3.0,0
003783,16,1,Urbano,Lima Metropolitana,Madera,Red publica dentro de la vivienda,Mujer,Ocupado,3,2,1.5,60.0,16.0,4.0,0
003784,10,1,Urbano,Costa Sur,Ladrillo o Bloque de cemento,"Rio, acequia o manantial",Hombre,Desocupado,3,2,1.5,38.0,13.0,4.0,1
003785,18,1,Urbano,Selva,Ladrillo o Bloque de cemento,Otro,Hombre,Ocupado,4,1,4.0,27.0,17.0,5.0,0
003786,3,1,Rural,Lima Metropolitana,Adobe,Red publica dentro de la vivienda,Mujer,Ocupado,4,3,1.33,42.0,11.0,5.0,0
003787,18,1,Urbano,Lima Metropolitana,Ladrillo o Bloque de cemento,Red publica dentro de la vivienda,Mujer,Ocupado,6,3,2.0,55.0,13.0,4.0,0
003788,2,1,Urbano,Costa Centro,Ladrillo o Bloque de cemento,Red publica dentro de la vivienda,Hombre,Ocupado,6,4,1.5,53.0,11.0,2.0,0
003789,14,1,Urbano,Sierra Centro,,Red publica dentro de la vivienda,Hombre,Ocupado,4,1,4.0,48.0,12.0,4.0,1
003790,3,1,Urbano,Lima Metropolitana,Ladrillo o Bloque de cemento,Red publica dentro de la vivienda,Hombre,Ocupado,6,4,1.5,39.0,10.0,4.0,0
003791,9,1,Urbano,Costa Sur,Ladrillo o Bloque de cemento,Red publica fuera de la vivienda,Hombre,Ocupado,3,2,1.5,46.0,12.0,4.0,0
003792,17,1,Urbano,Sierra Norte,Madera,Pozo,Mujer,Inactivo,6,3,2.0,69.0,15.0,4.0,1
003793,13,1,Urbano,Costa Norte,Ladrillo o Bloque de cemento,Red publica dentro de la vivienda,Mujer,Inactivo,2,2,1.0,84.0,9.0,1.0,0
003794,17,1,Rural,Costa Centro,Adobe,Red publica dentro de la vivienda,Hombre,Ocupado,5,3,1.67,54.0,6.0,4.0,0
003795,6,1,Urbano,Selva,Ladrillo o Bloque de cemento,Red publica dentro de la vivienda,Mujer,Ocupado,4,3,1.33,62.0,13.0,5.0,0
003796,10,1,Urbano,Lima Metropolitana,Ladrillo o Bloque de cemento,Red publica dentro de la vivienda,Hombre,Ocupado,6,6,1.0,38.0,17.0,8.0,0
003797,5,1,Urbano,Lima Metropolitana,Ladrillo o Bloque de cemento,,Mujer,Inactivo,6,3,2.0,67.0,10.0,4.0,0
003798,18,1,Urbano,Lima Metropolitana,Ladrillo o Bloque de cemento,Red publica dentro de la vivienda,Hombre,Ocupado,8,6,1.33,43.0,13.0,7.0,0
003799,15,1,Rural,Sierra Sur,Adobe,Red publica dentro de la vivienda,Mujer,Ocupado,6,3,2.0,30.0,6.0,3.0,0
003800,4,1,Rural,Sierra Norte,Ladrillo o Bloque de cemento,Pozo,Hombre,Ocupado,7,5,1.4,64.0,6.0,5.0,1
003801,16,1,Urbano,Costa Norte,Adobe,Red publica dentro de la vivienda,Mujer,Ocupado,4,3,1.33,49.0,5.0,3.0,0
003802,2,1,Urbano,Costa Sur,Ladrillo o Bloque de cemento,Red publica dentro de la vivienda,Mujer,Inactivo,3,3,1.0,68.0,9.0,5.0,1
003803,2,1,Urbano,Sierra Norte,Ladrillo o Bloque de cemento,Red publica fuera de la vivienda,Hombre,Ocupado,3,3,1.0,60.0,7.0,3.0,0
003804,13,1,Urbano,Costa Centro,Ladrillo o Bloque de cemento,Red publica dentro de la vivienda,Mujer,Ocupado,6,6,1.0,30.0,11.0,4.0,1
003805,8,1,Urbano,Costa Norte,Ladrillo o Bloque de cemento,Red publica dentro de la vivienda,Hombre,Ocupado,3,1,3.0,51.0,10.0,3.0,0
003806,12,1,Urbano,Costa Centro,Ladrillo o Bloque de cemento,Red publica dentro de la vivienda,Hombre,Ocupado,6,5,1.2,35.0,7.0,3.0,1
003807,2,1,Urbano,Lima Metropolitana,Ladrillo o Bloque de cemento,Red publica dentro de la vivienda,Hombre,Inactivo,8,5,1.6,66.0,12.0,5.0,1
003808,9,1,Urbano,Lima Metropolitana,Ladrillo o Bloque de cemento,Red publica dentro de la vivienda,Hombre,Ocupado,2,2,1.0,,18.0,5.0,0
003809,2,1,Urbano,Lima Metropolitana,Ladrillo o Bloque de cemento,Red publica dentro de la vivienda,Hombre,Ocupado,7,3,2.33,39.0,10.0,7.0,0
003810,14,1,Urbano,Lima Metropolitana,Ladrillo o Bloque de cemento,Red publica dentro de la vivienda,Hombre,Desocupado,4,3,1.33,20.0,11.0,3.0,1
003811,18,1,Urbano,Selva,Ladrillo o Bloque de cemento,Red publica fuera de la vivienda,Hombre,Ocupado,4,3,1.33,64.0,10.0,4.0,0
003812,16,1,Urbano,Costa Centro,Ladrillo o Bloque de cemento,Red publica dentro de la vivienda,Mujer,Ocupado,5,1,5.0,43.0,9.0,3.0,1
003813,1,1,Urbano,Selva,Ladrillo o Bloque de cemento,Red publica fuera de la vivienda,Mujer,Ocupado,5,3,1.67,44.0,6.0,2.0,0
003814,3,1,Urbano,Costa Norte,Ladrillo o Bloque de cemento,Red publica dentro de la vivienda,Hombre,Ocupado,2,2,1.0,55.0,17.0,8.0,0
003815,14,1,Rural,Sierra Sur,Otro material,Pozo,Hombre,Ocupado,3,1,3.0,36.0,1.0,3.0,1
003816,18,1,Urbano,Sierra Centro,Ladrillo o Bloque de cemento,Red publica dentro de la vivienda,Hombre,Ocupado,4,2,2.0,27.0,6.0,3.0,0
003817,10,1,Urbano,Sierra Sur,Ladrillo o Bloque de cemento,Red publica dentro de la vivienda,Hombre,Ocupado,7,5,1.4,51.0,13.0,8.0,0
003818,5,1,Rural,Sierra Norte,Madera,Red publica dentro de la vivienda,Hombre,Ocupado,3,3,1.0,35.0,0.0,6.0,1
003819,14,1,Urbano,Lima Metropolitana,Ladrillo o Bloque de cemento,Red publica dentro de la vivienda,Hombre,Desocupado,3,1,3.0,47.0,15.0,8.0,1
003820,11,1,Urbano,Lima Metropolitana,Ladrillo o Bloque de cemento,Red publica dentro de la vivienda,Hombre,Ocupado,5,3,1.67,36.0,15.0,5.0,0
003821,1,1,Urbano,Lima Metropolitana,Ladrillo o Bloque de cemento,Red publica dentro de la vivienda,Hombre,Ocupado,3,2,1.5,29.0,10.0,3.0,0
003822,2,1,Urbano,Lima Metropolitana,Ladrillo o Bloque de cemento,Red publica dentro de la vivienda,Hombre,Ocupado,6,4,1.5,25.0,13.0,2.0,0
003823,2,1,Urbano,Selva,Madera,Red publica dentro de la vivienda,Hombre,Ocupado,4,4,1.0,49.0,11.0,5.0,0
003824,12,1,Urbano,Costa Norte,Ladrillo o Bloque de cemento,Red publica dentro de la vivienda,Mujer,Ocupado,7,3,2.33,63.0,8.0,2.0,1
003825,3,1,Urbano,Lima Metropolitana,Ladrillo o Bloque de cemento,Red publica dentro de la vivienda,Mujer,Ocupado,3,2,1.5,62.0,11.0,7.0,0
003826,1,1,Rural,Selva,Madera,Red publica dentro de la vivienda,Hombre,Ocupado,9,5,1.8,48.0,6.0,1.0,1
003827,6,1,Rural,Sierra Norte,Ladrillo o Bloque de cemento,"Rio, acequia o manantial",Hombre,Inactivo,3,3,1.0,68.0,5.0,3.0,1
003828,6,1,Rural,Sierra Norte,Adobe,Red publica fuera de la vivienda,Mujer,Ocupado,8,2,4.0,41.0,8.0,3.0,1
003829,2,1,Urbano,Lima Metropolitana,Ladrillo o Bloque de cemento,Red publica dentro de la vivienda,Hombre,Ocupado,1,1,1.0,59.0,12.0,3.0,0
003830,16,1,Urbano,Lima Metropolitana,Ladrillo o Bloque de cemento,Red publica dentro de la vivienda,Hombre,Ocupado,3,2,1.5,41.0,14.0,5.0,0
003831,10,1,Rural,Sierra Sur,Otro material,Pozo,Hombre,Ocupado,4,3,1.33,38.0,5.0,2.0,0
003832,8,1,Urbano,Lima Metropolitana,Ladrillo o Bloque de cemento,Red publica fuera de la vivienda,Hombre,Ocupado,7,4,1.75,59.0,15.0,4.0,0
003833,19,1,Urbano,Sierra Sur,Ladrillo o Bloque de cemento,Red publica dentro de la vivienda,Hombre,Ocupado,4,4,1.0,54.0,14.0,5.0,0
003834,15,1,Rural,Sierra Sur,Adobe,Red publica dentro de la vivienda,Hombre,Ocupado,7,2,3.5,57.0,0.0,1.0,1
003835,2,1,Rural,Sierra Norte,Adobe,Red publica fuera de la vivienda,Hombre,Ocupado,5,3,1.67,27.0,8.0,5.0,0
003836,17,1,Urbano,Sierra Sur,Ladrillo o Bloque de cemento,Red publica dentro de la vivienda,Mujer,Ocupado,5,4,1.25,62.0,9.0,7.0,0
003837,15,1,Urbano,Lima Metropolitana,Ladrillo o Bloque de cemento,Red publica dentro de la vivienda,Mujer,Ocupado,2,1,2.0,57.0,11.0,5.0,0
003838,14,1,Urbano,Costa Norte,Ladrillo o Bloque de cemento,Red publica dentro de la vivienda,Hombre,Ocupado,8,3,2.67,42.0,12.0,5.0,1
003839,6,1,Urbano,Lima Metropolitana,Madera,Red publica dentro de la vivienda,Mujer,Ocupado,7,5,1.4,56.0,13.0,5.0,0
003840,19,1,Rural,Sierra Norte,Madera,Red publica dentro de la vivienda,Hombre,Ocupado,4,1,4.0,63.0,6.0,3.0,0
003841,6,1,Urbano,Lima Metropolitana,Ladrillo o Bloque de cemento,Red publica dentro de la vivienda,Mujer,Desocupado,5,1,5.0,38.0,15.0,4.0,0
003842,14,1,Urbano,Lima Metropolitana,Ladrillo o Bloque de cemento,Red publica dentro de la vivienda,Mujer,Ocupado,3,2,1.5,38.0,13.0,3.0,0
003843,10,1,Urbano,Lima Metropolitana,Ladrillo o Bloque de cemento,Red publica dentro de la vivienda,Hombre,Ocupado,7,4,1.75,44.0,10.0,2.0,0
003844,1,1,Urbano,Selva,Ladrillo o Bloque de cemento,Red publica dentro de la vivienda,Hombre,Ocupado,5,5,1.0,18.0,15.0,4.0,1
003845,3,1,Urbano,Lima Metropolitana,Adobe,Red publica dentro de la vivienda,Hombre,Ocupado,3,2,1.5,53.0,16.0,6.0,0
003846,2,1,Urbano,Selva,Ladrillo o Bloque de cemento,Red publica dentro de la vivienda,Hombre,Ocupado,3,3,1.0,61.0,11.0,4.0,0
003847,3,1,Urbano,Lima Metropolitana,Otro material,Red publica dentro de la vivienda,Hombre,Ocupado,6,3,2.0,56.0,11.0,3.0,0
003848,16,1,Urbano,Lima Metropolitana,Adobe,Red publica dentro de la vivienda,Hombre,Ocupado,5,3,1.67,55.0,10.0,5.0,0
003849,7,1,Rural,Costa Sur,Adobe,"Rio, acequia o manantial",Hombre,Ocupado,5,3,1.67,62.0,12.0,6.0,0
003850,15,1,Rural,Sierra Norte,Adobe,Pozo,Hombre,Ocupado,3,1,3.0,47.0,6.0,4.0,0
003851,18,1,Rural,Sierra Sur,Adobe,"Rio, acequia o manantial",Hombre,Ocupado,3,2,1.5,26.0,7.0,6.0,0
003852,10,1,Rural,Sierra Norte,Adobe,Red publica dentro de la vivienda,Hombre,Ocupado,4,3,1.33,50.0,8.0,2.0,0
003853,13,1,Rural,Sierra Centro,Madera,Pozo,Hombre,Inactivo,9,7,1.29,66.0,0.0,4.0,1
003854,5,1,Urbano,Sierra Centro,Ladrillo o Bloque de cemento,Red publica dentro de la vivienda,Mujer,Ocupado,5,1,5.0,53.0,8.0,1.0,1
003855,18,1,Rural,Selva,Adobe,"Rio, acequia o manantial",Hombre,Ocupado,4,3,1.33,43.0,14.0,6.0,0
003856,4,1,Urbano,Costa Sur,,Red publica dentro de la vivienda,Hombre,Ocupado,3,1,3.0,59.0,2.0,3.0,0
003857,1,1,Urbano,Lima Metropolitana,Ladrillo o Bloque de cemento,Red publica dentro de la vivienda,Hombre,Ocupado,2,1,2.0,53.0,8.0,2.0,0
003858,11,1,Rural,Sierra Sur,Adobe,"Rio, acequia o manantial",Hombre,Ocupado,4,4,1.0,45.0,5.0,3.0,0
003859,17,1,Urbano,Lima Metropolitana,Ladrillo o Bloque de cemento,Red publica dentro de la vivienda,Hombre,Ocupado,6,4,1.5,50.0,9.0,4.0,0
003860,3,1,Urbano,Costa Norte,Ladrillo o Bloque de cemento,Red publica dentro de la vivienda,Hombre,Ocupado,4,3,1.33,44.0,9.0,6.0,0
003861,1,1,Urbano,Sierra Sur,Ladrillo o Bloque de cemento,Red publica dentro de la vivienda,Mujer,Ocupado,3,2,1.5,57.0,7.0,6.0,1
003862,9,1,Urbano,Costa Norte,Ladrillo o Bloque de cemento,Pozo,Hombre,Ocupado,3,3,1.0,35.0,10.0,3.0,0
003863,2,1,Urbano,Lima Metropolitana,Ladrillo o Bloque de cemento,Red publica dentro de la vivienda,Hombre,Ocupado,3,2,1.5,53.0,14.0,,0
003864,11,1,Urbano,Sierra Centro,Ladrillo o Bloque de cemento,Pozo,Hombre,Ocupado,3,1,3.0,60.0,12.0,,0
003865,9,1,Urbano,Lima Metropolitana,Ladrillo o Bloque de cemento,Pozo,Mujer,Ocupado,2,1,2.0,51.0,10.0,2.0,0
003866,17,1,Urbano,Sierra Norte,Ladrillo o Bloque de cemento,Red publica dentro de la vivienda,Mujer,Ocupado,5,3,1.67,51.0,14.0,4.0,0
003867,13,1,Rural,Selva,Ladrillo o Bloque de cemento,Red publica fuera de la vivienda,Hombre,Ocupado,2,2,1.0,49.0,7.0,2.0,0
003868,10,1,Urbano,Sierra Norte,Ladrillo o Bloque de cemento,Red publica dentro de la vivienda,Hombre,Ocupado,4,2,2.0,55.0,14.0,6.0,0
003869,18,1,Urbano,Lima Metropolitana,Ladrillo o Bloque de cemento,Red publica dentro de la vivienda,Mujer,Ocupado,4,2,2.0,43.0,13.0,4.0,0
003870,14,1,Rural,Sierra Sur,Adobe,"Rio, acequia o manantial",Hombre,Ocupado,8,6,1.33,46.0,6.0,4.0,1
003871,3,1,Rural,Sierra Centro,Madera,Red publica dentro de la vivienda,Hombre,Ocupado,1,1,1.0,35.0,6.0,2.0,0
003872,13,1,Urbano,Costa Sur,Ladrillo o Bloque de cemento,Red publica dentro de la vivienda,Hombre,Ocupado,6,5,1.2,44.0,12.0,7.0,1
003873,14,1,Urbano,Costa Centro,Ladrillo o Bloque de cemento,Red publica dentro de la vivienda,Hombre,Ocupado,4,3,1.33,20.0,,5.0,0
003874,9,1,Rural,Costa Centro,Adobe,Red publica dentro de la vivienda,Mujer,Ocupado,2,2,1.0,48.0,7.0,4.0,0
003875,6,1,Urbano,Lima Metropolitana,Ladrillo o Bloque de cemento,Red publica dentro de la vivienda,Hombre,Ocupado,2,1,2.0,57.0,13.0,5.0,0
003876,13,1,Rural,Sierra Sur,Otro material,"Rio, acequia o manantial",Mujer,Ocupado,6,3,2.0,47.0,8.0,1.0,0
003877,8,1,Urbano,Costa Norte,Adobe,Red publica dentro de la vivienda,Hombre,Ocupado,7,5,1.4,61.0,5.0,2.0,0
003878,12,1,Urbano,Lima Metropolitana,Ladrillo o Bloque de cemento,Red publica dentro de la vivienda,Mujer,Inactivo,3,2,1.5,67.0,8.0,3.0,1
003879,6,1,Rural,Costa Norte,Madera,Red publica dentro de la vivienda,Hombre,Ocupado,6,4,1.5,48.0,7.0,5.0,1
003880,16,1,Urbano,Sierra Sur,Ladrillo o Bloque de cemento,Red publica dentro de la vivienda,Mujer,Ocupado,4,3,1.33,34.0,8.0,3.0,0
003881,11,1,Urbano,Lima Metropolitana,Ladrillo o Bloque de cemento,Red publica dentro de la vivienda,Hombre,Ocupado,3,2,1.5,63.0,12.0,5.0,0
003882,3,1,Urbano,Lima Metropolitana,Ladrillo o Bloque de cemento,Red publica dentro de la vivienda,Hombre,Ocupado,3,1,3.0,60.0,12.0,6.0,0
003883,12,1,Urbano,Lima Metropolitana,Adobe,Red publica dentro de la vivienda,Mujer,Ocupado,6,6,1.0,54.0,18.0,4.0,0
003884,14,1,Urbano,Sierra Sur,Ladrillo o Bloque de cemento,Red publica dentro de la vivienda,Mujer,Ocupado,6,3,2.0,41.0,10.0,2.0,1
003885,13,1,Urbano,Lima Metropolitana,Ladrillo o Bloque de cemento,Red publica fuera de la vivienda,Mujer,Ocupado,3,2,1.5,53.0,6.0,3.0,0
003886,16,1,Urbano,Costa Norte,Ladrillo o Bloque de cemento,Red publica dentro de la vivienda,Hombre,Ocupado,5,4,1.25,44.0,12.0,2.0,0
003887,15,1,Urbano,Lima Metropolitana,Ladrillo o Bloque de cemento,Red publica fuera de la vivienda,Hombre,Ocupado,4,4,1.0,38.0,16.0,4.0,0
003888,8,1,Urbano,Lima Metropolitana,Ladrillo o Bloque de cemento,Red publica dentro de la vivienda,Hombre,Ocupado,6,3,2.0,53.0,14.0,7.0,0
003889,17,1,Urbano,Lima Metropolitana,Ladrillo o Bloque de cemento,Red publica fuera de la vivienda,Hombre,Ocupado,5,5,1.0,34.0,14.0,3.0,0
003890,9,1,Rural,Sierra Norte,Adobe,Pozo,Hombre,Ocupado,5,3,1.67,59.0,4.0,1.0,1
003891,11,1,Urbano,Costa Centro,Ladrillo o Bloque de cemento,Red publica dentro de la vivienda,Hombre,Ocupado,4,2,2.0,52.0,10.0,1.0,1
003892,13,1,Urbano,Lima Metropolitana,Ladrillo o Bloque de cemento,Red publica fuera de la vivienda,Hombre,Ocupado,7,5,1.4,46.0,10.0,4.0,0
003893,5,1,Urbano,Selva,Ladrillo o Bloque de cemento,Red publica dentro de la vivienda,Hombre,Ocupado,4,3,1.33,47.0,9.0,3.0,0
003894,11,1,Urbano,Selva,Ladrillo o Bloque de cemento,Red publica dentro de la vivienda,Hombre,Ocupado,4,3,1.33,33.0,10.0,2.0,0
003895,18,1,Urbano,Lima Metropolitana,Ladrillo o Bloque de cemento,Red publica dentro de la vivienda,Hombre,Ocupado,7,5,1.4,34.0,15.0,5.0,0
003896,18,1,Urbano,Lima Metropolitana,Ladrillo o Bloque de cemento,Red publica dentro de la vivienda,Mujer,Inactivo,4,2,2.0,72.0,18.0,4.0,0
003897,18,1,Rural,Sierra Norte,Madera,Pozo,Hombre,Ocupado,4,3,1.33,46.0,7.0,2.0,0
003898,17,1,Rural,Sierra Centro,Madera,Red publica dentro de la vivienda,Mujer,Ocupado,3,1,3.0,28.0,8.0,3.0,1
003899,6,1,Urbano,Costa Centro,Ladrillo o Bloque de cemento,Red publica dentro de la vivienda,Hombre,Ocupado,4,4,1.0,61.0,3.0,5.0,0
003900,19,1,Urbano,Costa Sur,Ladrillo o Bloque de cemento,Red publica dentro de la vivienda,Hombre,Ocupado,6,5,1.2,34.0,10.0,4.0,0
003901,16,1,Rural,Costa Centro,Adobe,Red publica dentro de la vivienda,Hombre,Ocupado,2,2,1.0,56.0,11.0,,0
003902,11,1,Urbano,Lima Metropolitana,Adobe,Pozo,Mujer,Inactivo,5,3,1.67,69.0,13.0,7.0,1
003903,8,1,Urbano,Lima Metropolitana,Ladrillo o Bloque de cemento,Red publica fuera de la vivienda,Hombre,Desocupado,2,1,2.0,45.0,12.0,2.0,1
003904,12,1,Rural,Selva,Madera,Red publica dentro de la vivienda,Mujer,Ocupado,2,2,1.0,64.0,16.0,3.0,0
003905,16,1,Rural,Sierra Centro,Adobe,Red publica fuera de la vivienda,Mujer,Desocupado,5,2,2.5,58.0,10.0,3.0,1
003906,4,1,Urbano,Lima Metropolitana,Ladrillo o Bloque de cemento,Red publica dentro de la vivienda,Hombre,Inactivo,1,1,1.0,70.0,15.0,3.0,0
003907,11,1,Urbano,Lima Metropolitana,Adobe,Red publica dentro de la vivienda,Mujer,Ocupado,6,5,1.2,,12.0,4.0,0
003908,13,1,Urbano,Lima Metropolitana,Ladrillo o Bloque de cemento,Red publica dentro de la vivienda,Hombre,Ocupado,3,3,1.0,41.0,13.0,2.0,0
003909,13,1,Rural,Selva,Otro material,Pozo,Hombre,Ocupado,5,3,1.67,19.0,13.0,4.0,0
003910,15,1,Urbano,Lima Metropolitana,Ladrillo o Bloque de cemento,Red publica dentro de la vivienda,Hombre,Ocupado,5,3,1.67,37.0,18.0,5.0,0
003911,15,1,Urbano,Selva,Ladrillo o Bloque de cemento,Red publica dentro de la vivienda,Hombre,Ocupado,4,3,1.33,41.0,9.0,2.0,0
003912,9,1,Urbano,Sierra Sur,Madera,Red publica dentro de la vivienda,Mujer,Ocupado,2,1,2.0,62.0,6.0,4.0,1
003913,15,1,Urbano,Lima Metropolitana,Ladrillo o Bloque de cemento,Red publica fuera de la vivienda,Hombre,Inactivo,7,2,3.5,65.0,13.0,4.0,1
003914,16,1,Rural,Sierra Centro,Ladrillo o Bloque de cemento,Red publica dentro de la vivienda,Hombre,Ocupado,5,3,1.67,33.0,9.0,3.0,0
003915,19,1,Urbano,Sierra Centro,Ladrillo o Bloque de cemento,Red publica dentro de la vivienda,Mujer,Inactivo,3,1,3.0,65.0,17.0,6.0,1
003916,10,1,Urbano,Sierra Norte,Ladrillo o Bloque de cemento,Red publica dentro de la vivienda,Hombre,Ocupado,3,3,1.0,37.0,11.0,5.0,0
003917,19,1,Urbano,Selva,Ladrillo o Bloque de cemento,Red publica dentro de la vivienda,Hombre,Ocupado,2,1,2.0,36.0,10.0,2.0,0
003918,9,1,Urbano,Selva,Otro material,Red publica dentro de la vivienda,Hombre,Ocupado,7,4,1.75,29.0,15.0,2.0,0
003919,13,1,Urbano,Lima Metropolitana,Adobe,Red publica dentro de la vivienda,Hombre,Ocupado,3,2,1.5,53.0,10.0,5.0,0
003920,9,1,Rural,Sierra Sur,Ladrillo o Bloque de cemento,Otro,Hombre,Desocupado,3,3,1.0,40.0,6.0,1.0,1
003921,10,1,Urbano,Costa Sur,Madera,,Hombre,Inactivo,3,1,3.0,66.0,11.0,2.0,1
003922,8,1,Urbano,Lima Metropolitana,Ladrillo o Bloque de cemento,Red publica dentro de la vivienda,Hombre,Ocupado,5,2,2.5,35.0,12.0,4.0,1
003923,12,1,Urbano,Sierra Centro,Otro material,Red publica dentro de la vivienda,Hombre,Ocupado,3,2,1.5,58.0,15.0,3.0,0
003924,18,1,Urbano,Lima Metropolitana,Ladrillo o Bloque de cemento,Red publica dentro de la vivienda,Hombre,Ocupado,3,3,1.0,31.0,14.0,7.0,0
003925,3,1,Rural,Costa Sur,Adobe,Red publica dentro de la vivienda,Mujer,Ocupado,5,4,1.25,62.0,5.0,2.0,0
003926,17,1,Rural,Selva,Adobe,Red publica fuera de la vivienda,Hombre,Ocupado,1,1,1.0,50.0,6.0,4.0,0
003927,3,1,Rural,Selva,Adobe,Red publica dentro de la vivienda,Hombre,Ocupado,4,4,1.0,52.0,15.0,2.0,0
003928,1,1,Urbano,Lima Metropolitana,Adobe,Red publica dentro de la vivienda,Hombre,Ocupado,5,3,1.67,43.0,8.0,5.0,0
003929,11,1,Urbano,Costa Centro,Madera,Red publica dentro de la vivienda,Mujer,Ocupado,3,3,1.0,42.0,5.0,3.0,0
003930,3,1,Urbano,Lima Metropolitana,Adobe,Red publica dentro de la vivienda,Hombre,Ocupado,6,3,2.0,55.0,9.0,3.0,0
003931,8,1,Urbano,Selva,Adobe,Red publica dentro de la vivienda,Mujer,Inactivo,3,3,1.0,73.0,12.0,4.0,1
003932,15,1,Urbano,Selva,Adobe,Red publica dentro de la vivienda,Hombre,Ocupado,3,2,1.5,33.0,15.0,3.0,0
003933,10,1,Rural,Selva,Madera,"Rio, acequia o manantial",Hombre,Ocupado,6,4,1.5,43.0,6.0,3.0,0
003934,4,1,Urbano,Costa Norte,Ladrillo o Bloque de cemento,Red publica dentro de la vivienda,Mujer,Ocupado,5,2,2.5,39.0,9.0,3.0,0
003935,9,1,Urbano,Sierra Sur,Madera,Red publica dentro de la vivienda,Mujer,Ocupado,9,6,1.5,27.0,9.0,3.0,0
003936,14,1,Urbano,Sierra Norte,Ladrillo o Bloque de cemento,Red publica dentro de la vivienda,Mujer,Ocupado,6,4,1.5,27.0,5.0,5.0,0
003937,2,1,Urbano,Sierra Centro,Ladrillo o Bloque de cemento,Red publica dentro de la vivienda,Mujer,Desocupado,4,2,2.0,38.0,16.0,2.0,1
003938,9,1,Urbano,Lima Metropolitana,Ladrillo o Bloque de cemento,Red publica dentro de la vivienda,Mujer,Ocupado,4,2,2.0,42.0,12.0,4.0,0
003939,5,1,Rural,Sierra Sur,Madera,Red publica fuera de la vivienda,Hombre,Inactivo,5,2,2.5,68.0,7.0,3.0,1
003940,15,1,Urbano,Costa Norte,Ladrillo o Bloque de cemento,Red publica dentro de la vivienda,Mujer,Ocupado,6,4,1.5,62.0,14.0,5.0,0
003941,16,1,Urbano,Costa Norte,Ladrillo o Bloque de cemento,Red publica dentro de la vivienda,Hombre,Ocupado,7,6,1.17,37.0,15.0,7.0,0
003942,1,1,Urbano,Costa Sur,Ladrillo o Bloque de cemento,Red publica dentro de la vivienda,Mujer,Ocupado,4,2,2.0,59.0,10.0,4.0,0
003943,17,1,Urbano,Costa Sur,Ladrillo o Bloque de cemento,Red publica dentro de la vivienda,Hombre,Ocupado,2,1,2.0,37.0,8.0,3.0,0
003944,15,1,Rural,Selva,Madera,Pozo,Hombre,Ocupado,5,3,1.67,47.0,6.0,2.0,0
003945,10,1,Urbano,Costa Centro,Ladrillo o Bloque de cemento,Red publica dentro de la vivienda,Hombre,Ocupado,5,4,1.25,53.0,11.0,3.0,0
003946,10,1,Urbano,Lima Metropolitana,Ladrillo o Bloque de cemento,Red publica dentro de la vivienda,Hombre,Inactivo,1,1,1.0,78.0,11.0,3.0,0
003947,3,1,Rural,Costa Sur,Madera,Red publica fuera de la vivienda,Hombre,Ocupado,4,1,4.0,52.0,2.0,1.0,1
003948,10,1,Urbano,Costa Norte,Adobe,Red publica dentro de la vivienda,Mujer,Ocupado,6,4,1.5,27.0,12.0,6.0,0
003949,18,1,Urbano,Lima Metropolitana,Madera,Red publica dentro de la vivienda,Hombre,Ocupado,6,3,2.0,58.0,17.0,6.0,0
003950,9,1,Rural,Sierra Norte,Madera,Red publica dentro de la vivienda,Hombre,Ocupado,7,4,1.75,64.0,12.0,5.0,1
003951,10,1,Urbano,Sierra Sur,Ladrillo o Bloque de cemento,Red publica fuera de la vivienda,Hombre,Ocupado,5,4,1.25,60.0,9.0,5.0,0
003952,19,1,Urbano,Lima Metropolitana,Ladrillo o Bloque de cemento,Red publica dentro de la vivienda,Mujer,Ocupado,6,4,1.5,34.0,18.0,3.0,0
003953,16,1,Urbano,Lima Metropolitana,Ladrillo o Bloque de cemento,Red publica fuera de la vivienda,Mujer,Ocupado,4,2,2.0,50.0,9.0,4.0,0
003954,13,1,Urbano,Lima Metropolitana,Ladrillo o Bloque de cemento,Red publica fuera de la vivienda,Hombre,Ocupado,3,2,1.5,48.0,13.0,7.0,0
003955,18,1,Urbano,Costa Norte,Ladrillo o Bloque de cemento,Red publica dentro de la vivienda,Hombre,Inactivo,2,1,2.0,73.0,14.0,4.0,1
003956,7,1,Urbano,Selva,Madera,Red publica dentro de la vivienda,Mujer,Ocupado,3,1,3.0,57.0,13.0,4.0,1
003957,8,1,Urbano,Lima Metropolitana,Ladrillo o Bloque de cemento,Red publica fuera de la vivienda,Hombre,Inactivo,8,5,1.6,72.0,17.0,7.0,1
003958,3,1,Urbano,Lima Metropolitana,Ladrillo o Bloque de cemento,Red publica dentro de la vivienda,Mujer,Ocupado,5,3,1.67,38.0,9.0,5.0,0
003959,5,1,Urbano,Costa Centro,Ladrillo o Bloque de cemento,Red publica dentro de la vivienda,Hombre,Ocupado,8,3,2.67,45.0,10.0,4.0,0
003960,16,1,Rural,Sierra Centro,Madera,"Rio, acequia o manantial",Hombre,Ocupado,4,2,2.0,40.0,6.0,2.0,0
003961,11,1,Rural,Sierra Norte,Adobe,"Rio, acequia o manantial",Hombre,Ocupado,8,5,1.6,62.0,10.0,4.0,0
003962,16,1,Rural,Costa Centro,Adobe,Red publica fuera de la vivienda,Mujer,Ocupado,1,1,1.0,64.0,6.0,5.0,0
003963,11,1,Urbano,Lima Metropolitana,Ladrillo o Bloque de cemento,Red publica dentro de la vivienda,Hombre,Ocupado,2,1,2.0,53.0,13.0,5.0,0
003964,13,1,Rural,Sierra Norte,Adobe,Red publica dentro de la vivienda,Hombre,Ocupado,5,2,2.5,49.0,6.0,4.0,0
003965,9,1,Rural,Sierra Centro,Adobe,"Rio, acequia o manantial",Hombre,Ocupado,1,1,1.0,54.0,8.0,6.0,0
003966,14,1,Rural,Costa Norte,Ladrillo o Bloque de cemento,Otro,Mujer,Ocupado,6,3,2.0,29.0,4.0,8.0,1
003967,7,1,Urbano,Sierra Sur,Ladrillo o Bloque de cemento,Red publica dentro de la vivienda,Mujer,Ocupado,2,2,1.0,42.0,7.0,2.0,0
003968,9,1,Urbano,Costa Centro,Ladrillo o Bloque de cemento,Red publica dentro de la vivienda,Mujer,Ocupado,4,2,2.0,43.0,,6.0,0
003969,12,1,Rural,Sierra Sur,Adobe,"Rio, acequia o manantial",Hombre,Ocupado,3,2,1.5,48.0,4.0,3.0,1
003970,9,1,Urbano,Costa Centro,Adobe,Red publica dentro de la vivienda,Hombre,Desocupado,3,2,1.5,39.0,10.0,6.0,1
003971,4,1,Urbano,Lima Metropolitana,Ladrillo o Bloque de cemento,Red publica dentro de la vivienda,Mujer,Ocupado,5,3,1.67,36.0,15.0,6.0,0
003972,3,1,Urbano,Costa Centro,Ladrillo o Bloque de cemento,Red publica fuera de la vivienda,Hombre,Ocupado,9,5,1.8,26.0,7.0,3.0,0
003973,6,1,Urbano,Selva,Ladrillo o Bloque de cemento,Red publica dentro de la vivienda,Hombre,Ocupado,5,4,1.25,54.0,10.0,2.0,0
003974,19,1,Urbano,Costa Sur,Ladrillo o Bloque de cemento,Red publica dentro de la vivienda,Hombre,Ocupado,3,3,1.0,29.0,18.0,6.0,0
003975,14,1,Rural,Costa Norte,Madera,Pozo,Hombre,Ocupado,4,2,2.0,62.0,1.0,2.0,0
003976,7,1,Urbano,Costa Sur,Ladrillo o Bloque de cemento,Red publica dentro de la vivienda,Hombre,Ocupado,4,3,1.33,53.0,7.0,1.0,0
003977,5,1,Rural,Costa Norte,Ladrillo o Bloque de cemento,Red publica dentro de la vivienda,Hombre,Ocupado,7,6,1.17,60.0,7.0,2.0,0
003978,1,1,Urbano,Costa Centro,Madera,Red publica fuera de la vivienda,Mujer,Ocupado,5,3,1.67,36.0,6.0,5.0,1
003979,6,1,Rural,Sierra Sur,Adobe,Pozo,Hombre,Inactivo,7,5,1.4,74.0,6.0,6.0,1
003980,15,1,Urbano,Lima Metropolitana,Ladrillo o Bloque de cemento,Red publica dentro de la vivienda,Hombre,Inactivo,5,3,1.67,79.0,18.0,8.0,0
003981,8,1,Urbano,Costa Norte,Ladrillo o Bloque de cemento,Red publica dentro de la vivienda,Hombre,Ocupado,5,3,1.67,48.0,9.0,3.0,1
003982,17,1,Rural,Sierra Sur,,Pozo,Hombre,Ocupado,2,1,2.0,54.0,4.0,1.0,0
003983,16,1,Urbano,Selva,Madera,Red publica dentro de la vivienda,Hombre,Ocupado,3,2,1.5,48.0,6.0,4.0,1
003984,18,1,Rural,Costa Sur,Ladrillo o Bloque de cemento,Pozo,Hombre,Desocupado,4,4,1.0,62.0,4.0,2.0,1
003985,8,1,Rural,Sierra Centro,Ladrillo o Bloque de cemento,Red publica dentro de la vivienda,Mujer,Ocupado,5,3,1.67,59.0,6.0,8.0,1
003986,6,1,Urbano,Costa Norte,Ladrillo o Bloque de cemento,Red publica dentro de la vivienda,Hombre,Ocupado,6,4,1.5,23.0,18.0,8.0,0
003987,6,1,Rural,Costa Sur,Ladrillo o Bloque de cemento,"Rio, acequia o manantial",Hombre,Ocupado,4,2,2.0,36.0,6.0,3.0,1
003988,5,1,Rural,Sierra Sur,Ladrillo o Bloque de cemento,Red publica dentro de la vivienda,Hombre,Ocupado,8,4,2.0,53.0,6.0,5.0,0
003989,16,1,Urbano,Lima Metropolitana,Ladrillo o Bloque de cemento,Red publica dentro de la vivienda,Hombre,Ocupado,7,5,1.4,,12.0,5.0,0
003990,17,1,Urbano,Lima Metropolitana,Ladrillo o Bloque de cemento,Red publica dentro de la vivienda,Mujer,Ocupado,5,3,1.67,50.0,10.0,5.0,1
003991,7,1,Urbano,Lima Metropolitana,Otro material,Red publica fuera de la vivienda,Hombre,Ocupado,5,2,2.5,24.0,5.0,8.0,1
003992,3,1,Rural,Sierra Sur,Adobe,Red publica dentro de la vivienda,Hombre,Ocupado,6,1,6.0,56.0,11.0,,1
003993,15,1,Urbano,Costa Norte,Ladrillo o Bloque de cemento,Red publica fuera de la vivienda,Hombre,Inactivo,5,3,1.67,74.0,13.0,6.0,0
003994,3,1,Rural,Sierra Norte,Madera,Red publica dentro de la vivienda,Hombre,Ocupado,5,2,2.5,18.0,10.0,4.0,1
003995,5,1,Rural,Costa Sur,Adobe,"Rio, acequia o manantial",Hombre,Ocupado,7,5,1.4,61.0,7.0,2.0,0
003996,16,1,Urbano,Costa Norte,Adobe,Red publica dentro de la vivienda,Hombre,Inactivo,3,3,1.0,74.0,15.0,2.0,1
003997,9,1,Rural,Costa Norte,Madera,Red publica dentro de la vivienda,Hombre,Ocupado,3,3,1.0,61.0,2.0,3.0,0
003998,5,1,Rural,Sierra Sur,Ladrillo o Bloque de cemento,Red publica dentro de la vivienda,Mujer,Ocupado,3,2,1.5,47.0,7.0,3.0,0
003999,12,1,Urbano,Sierra Centro,Ladrillo o Bloque de cemento,Pozo,Hombre,Ocupado,8,4,2.0,61.0,13.0,6.0,1
004000,1,1,Urbano,Costa Sur,Adobe,Red publica dentro de la vivienda,Hombre,Desocupado,5,2,2.5,47.0,15.0,5.0,1
004001,4,1,Urbano,Lima Metropolitana,Ladrillo o Bloque de cemento,Red publica dentro de la vivienda,Hombre,Ocupado,3,2,1.5,56.0,14.0,4.0,0
004002,11,1,Rural,Sierra Centro,Ladrillo o Bloque de cemento,Pozo,Mujer,Ocupado,6,5,1.2,49.0,8.0,3.0,1
004003,10,1,Urbano,Lima Metropolitana,Ladrillo o Bloque de cemento,"Rio, acequia o manantial",Hombre,Ocupado,5,2,2.5,50.0,13.0,5.0,0
004004,11,1,Urbano,Sierra Norte,Ladrillo o Bloque de cemento,Red publica dentro de la vivienda,Hombre,Ocupado,4,3,1.33,37.0,6.0,6.0,1
004005,12,1,Rural,Selva,Adobe,"Rio, acequia o manantial",Hombre,Ocupado,4,2,2.0,42.0,5.0,6.0,1
004006,13,1,Urbano,Costa Sur,Ladrillo o Bloque de cemento,Red publica fuera de la vivienda,Hombre,Inactivo,4,1,4.0,71.0,9.0,6.0,1
004007,6,1,Rural,Sierra Sur,Madera,Red publica fuera de la vivienda,Hombre,Ocupado,2,1,2.0,39.0,9.0,4.0,0
004008,12,1,Urbano,Costa Centro,Madera,Red publica fuera de la vivienda,Hombre,Ocupado,4,3,1.33,21.0,13.0,7.0,0
004009,13,1,Urbano,Costa Centro,Ladrillo o Bloque de cemento,Red publica dentro de la vivienda,Hombre,Inactivo,5,3,1.67,90.0,16.0,8.0,1
004010,7,1,Urbano,Selva,Ladrillo o Bloque de cemento,Red publica dentro de la vivienda,Hombre,Ocupado,6,6,1.0,42.0,13.0,7.0,0
004011,2,1,Urbano,Sierra Norte,Ladrillo o Bloque de cemento,Red publica dentro de la vivienda,Mujer,Ocupado,5,2,2.5,44.0,10.0,4.0,0
004012,13,1,Rural,Costa Centro,Otro material,Pozo,Hombre,Ocupado,6,6,1.0,42.0,11.0,3.0,0
004013,13,1,Urbano,Lima Metropolitana,Madera,Red publica dentro de la vivienda,Hombre,Ocupado,7,3,2.33,48.0,9.0,2.0,1
004014,13,1,Rural,Costa Norte,Ladrillo o Bloque de cemento,Red publica fuera de la vivienda,Hombre,Ocupado,6,4,1.5,37.0,6.0,8.0,1
004015,18,1,Rural,Selva,Ladrillo o Bloque de cemento,Pozo,Hombre,Inactivo,2,2,1.0,69.0,3.0,2.0,0
004016,13,1,Rural,Selva,Madera,Pozo,Hombre,Ocupado,8,5,1.6,45.0,3.0,5.0,1
004017,2,1,Urbano,Sierra Norte,Ladrillo o Bloque de cemento,Red publica dentro de la vivienda,Hombre,Ocupado,5,4,1.25,33.0,8.0,6.0,0
004018,18,1,Urbano,Sierra Sur,Madera,Red publica dentro de la vivienda,Hombre,Ocupado,2,1,2.0,18.0,9.0,2.0,0
004019,13,1,Urbano,Costa Norte,Ladrillo o Bloque de cemento,Red publica dentro de la vivienda,Hombre,Ocupado,2,2,1.0,63.0,12.0,2.0,1
004020,4,1,Urbano,Lima Metropolitana,Ladrillo o Bloque de cemento,Red publica dentro de la vivienda,Hombre,Ocupado,6,3,2.0,42.0,11.0,3.0,0
004021,7,1,Urbano,Costa Sur,Ladrillo o Bloque de cemento,,Hombre,Ocupado,5,3,1.67,53.0,12.0,8.0,0
004022,15,1,Urbano,Costa Sur,Ladrillo o Bloque de cemento,Red publica dentro de la vivienda,Hombre,Ocupado,4,2,2.0,35.0,12.0,2.0,0
004023,12,1,Rural,Sierra Norte,Adobe,Red publica fuera de la vivienda,Hombre,Ocupado,5,4,1.25,49.0,0.0,2.0,1
004024,3,1,Urbano,Lima Metropolitana,Ladrillo o Bloque de cemento,Red publica dentro de la vivienda,Hombre,Ocupado,5,1,5.0,48.0,13.0,6.0,0
004025,4,1,Urbano,Lima Metropolitana,Ladrillo o Bloque de cemento,Red publica dentro de la vivienda,Hombre,Ocupado,5,4,1.25,61.0,10.0,3.0,0
004026,18,1,Urbano,Lima Metropolitana,Ladrillo o Bloque de cemento,Red publica dentro de la vivienda,Mujer,Ocupado,3,2,1.5,50.0,7.0,3.0,0
004027,9,1,Urbano,Lima Metropolitana,,Red publica dentro de la vivienda,Mujer,Ocupado,7,6,1.17,32.0,13.0,2.0,0
004028,1,1,Urbano,Lima Metropolitana,Ladrillo o Bloque de cemento,Red publica dentro de la vivienda,Mujer,Inactivo,2,2,1.0,82.0,,8.0,0
004029,16,1,Rural,Sierra Sur,Otro material,Red publica dentro de la vivienda,Hombre,Ocupado,4,4,1.0,54.0,7.0,6.0,0
004030,9,1,Urbano,Lima Metropolitana,Ladrillo o Bloque de cemento,Otro,Hombre,Ocupado,3,2,1.5,35.0,15.0,6.0,0
004031,15,1,Rural,Selva,Ladrillo o Bloque de cemento,Red publica fuera de la vivienda,Mujer,Ocupado,2,1,2.0,51.0,4.0,6.0,0
004032,16,1,Urbano,Sierra Centro,Ladrillo o Bloque de cemento,Red publica dentro de la vivienda,Mujer,Ocupado,5,2,2.5,53.0,8.0,2.0,0
004033,7,1,Urbano,Lima Metropolitana,Adobe,Red publica dentro de la vivienda,Mujer,Ocupado,3,2,1.5,55.0,12.0,2.0,0
004034,10,1,Rural,Selva,Ladrillo o Bloque de cemento,"Rio, acequia o manantial",Hombre,Ocupado,3,2,1.5,53.0,5.0,4.0,0
004035,4,1,Urbano,Costa Centro,Ladrillo o Bloque de cemento,Red publica dentro de la vivienda,Hombre,Ocupado,5,2,2.5,51.0,18.0,4.0,0
004036,16,1,Urbano,Sierra Centro,Ladrillo o Bloque de cemento,Pozo,Hombre,Ocupado,5,3,1.67,61.0,10.0,2.0,1
004037,14,1,Rural,Sierra Norte,Ladrillo o Bloque de cemento,"Rio, acequia o manantial",Mujer,Ocupado,6,4,1.5,58.0,6.0,4.0,0
004038,5,1,Urbano,Lima Metropolitana,Ladrillo o Bloque de cemento,Red publica dentro de la vivienda,Hombre,Ocupado,2,2,1.0,58.0,10.0,4.0,0
004039,15,1,Urbano,Sierra Centro,,Red publica dentro de la vivienda,Hombre,Ocupado,5,3,1.67,23.0,8.0,5.0,1
004040,5,1,Urbano,Lima Metropolitana,Ladrillo o Bloque de cemento,Red publica dentro de la vivienda,Hombre,Ocupado,7,4,1.75,24.0,7.0,2.0,1
004041,8,1,Rural,Sierra Sur,Ladrillo o Bloque de cemento,Red publica dentro de la vivienda,Hombre,Ocupado,4,3,1.33,37.0,5.0,6.0,0
004042,14,1,Urbano,Lima Metropolitana,Adobe,Red publica dentro de la vivienda,Hombre,Ocupado,3,3,1.0,45.0,12.0,2.0,0
004043,10,1,Urbano,Costa Centro,Ladrillo o Bloque de cemento,Red publica dentro de la vivienda,Mujer,Ocupado,4,2,2.0,37.0,14.0,4.0,0
004044,17,1,Urbano,Lima Metropolitana,Ladrillo o Bloque de cemento,Red publica dentro de la vivienda,Hombre,Ocupado,6,3,2.0,34.0,11.0,3.0,0
004045,9,1,Rural,Sierra Sur,Adobe,Red publica fuera de la vivienda,Hombre,Ocupado,4,3,1.33,51.0,5.0,7.0,0
004046,5,1,Urbano,Sierra Norte,Ladrillo o Bloque de cemento,Red publica dentro de la vivienda,Hombre,Ocupado,4,3,1.33,36.0,11.0,7.0,0
004047,14,1,Urbano,Sierra Norte,Adobe,,Hombre,Ocupado,4,2,2.0,18.0,10.0,3.0,0
004048,14,1,Rural,Sierra Norte,Adobe,Otro,Hombre,Ocupado,4,2,2.0,29.0,9.0,3.0,1
004049,18,1,Urbano,Sierra Centro,Otro material,Red publica fuera de la vivienda,Hombre,Ocupado,4,3,1.33,39.0,15.0,6.0,0
004050,13,1,Urbano,Lima Metropolitana,Ladrillo o Bloque de cemento,Red publica dentro de la vivienda,Mujer,Ocupado,6,6,1.0,44.0,12.0,5.0,0
004051,19,1,Urbano,Lima Metropolitana,Ladrillo o Bloque de cemento,Red publica dentro de la vivienda,Hombre,Ocupado,3,1,3.0,61.0,9.0,4.0,0
004052,15,1,Urbano,Lima Metropolitana,Ladrillo o Bloque de cemento,Red publica dentro de la vivienda,Hombre,Ocupado,4,2,2.0,54.0,12.0,4.0,0
004053,7,1,Rural,Selva,Madera,"Rio, acequia o manantial",Mujer,Ocupado,4,2,2.0,20.0,7.0,2.0,0
004054,13,1,Rural,Sierra Sur,Adobe,Red publica fuera de la vivienda,Hombre,Inactivo,3,1,3.0,68.0,2.0,5.0,1
004055,13,1,Urbano,Lima Metropolitana,Ladrillo o Bloque de cemento,Red publica dentro de la vivienda,Hombre,Ocupado,8,6,1.33,45.0,11.0,1.0,0
004056,13,1,Urbano,Lima Metropolitana,Ladrillo o Bloque de cemento,Red publica dentro de la vivienda,Mujer,Ocupado,6,6,1.0,49.0,7.0,3.0,0
004057,16,1,Rural,Sierra Norte,Madera,Red publica fuera de la vivienda,Mujer,Ocupado,5,5,1.0,50.0,8.0,4.0,0
004058,19,1,Urbano,Lima Metropolitana,Ladrillo o Bloque de cemento,Red publica dentro de la vivienda,Mujer,Ocupado,3,2,1.5,36.0,9.0,1.0,0
004059,15,1,Rural,Sierra Centro,Adobe,Red publica fuera de la vivienda,Hombre,Ocupado,3,2,1.5,56.0,5.0,2.0,0
004060,15,1,Urbano,Lima Metropolitana,Ladrillo o Bloque de cemento,Red publica dentro de la vivienda,Hombre,Ocupado,7,5,1.4,21.0,12.0,2.0,0
004061,1,1,Urbano,Lima Metropolitana,Madera,Red publica dentro de la vivienda,Mujer,Inactivo,7,6,1.17,67.0,8.0,2.0,1
004062,10,1,Urbano,Lima Metropolitana,Ladrillo o Bloque de cemento,Red publica dentro de la vivienda,Hombre,Ocupado,7,3,2.33,51.0,12.0,5.0,0
004063,16,1,Urbano,Costa Centro,Adobe,Red publica dentro de la vivienda,Mujer,Ocupado,4,2,2.0,53.0,7.0,4.0,0
004064,7,1,Urbano,Selva,Ladrillo o Bloque de cemento,Red publica dentro de la vivienda,Mujer,Ocupado,2,2,1.0,55.0,15.0,5.0,0
004065,12,1,Urbano,Costa Centro,Ladrillo o Bloque de cemento,Red publica dentro de la vivienda,Hombre,Desocupado,4,2,2.0,42.0,15.0,3.0,1
004066,3,1,Urbano,Lima Metropolitana,Adobe,Red publica dentro de la vivienda,Mujer,Inactivo,7,6,1.17,66.0,16.0,6.0,1
004067,2,1,Rural,Sierra Norte,Ladrillo o Bloque de cemento,Pozo,Hombre,Ocupado,9,7,1.29,38.0,7.0,2.0,1
004068,13,1,Urbano,Lima Metropolitana,Adobe,,Hombre,Ocupado,1,1,1.0,34.0,13.0,5.0,0
004069,14,1,Urbano,Lima Metropolitana,Adobe,Red publica dentro de la vivienda,Hombre,Desocupado,9,6,1.5,50.0,12.0,4.0,1
004070,2,1,Urbano,Costa Sur,Ladrillo o Bloque de cemento,Red publica dentro de la vivienda,Hombre,Ocupado,6,3,2.0,29.0,12.0,6.0,0
004071,12,1,Urbano,Sierra Centro,Ladrillo o Bloque de cemento,Red publica dentro de la vivienda,Hombre,Ocupado,5,2,2.5,40.0,16.0,5.0,0
004072,5,1,Urbano,Lima Metropolitana,Adobe,Red publica dentro de la vivienda,Hombre,Ocupado,2,2,1.0,52.0,9.0,3.0,0
004073,4,1,Rural,Sierra Sur,Adobe,"Rio, acequia o manantial",Hombre,Ocupado,8,5,1.6,58.0,8.0,2.0,0
004074,2,1,Rural,Costa Centro,Otro material,Otro,Mujer,Desocupado,1,1,1.0,47.0,1.0,5.0,0
004075,4,1,Urbano,Costa Norte,Ladrillo o Bloque de cemento,Red publica dentro de la vivienda,Hombre,Ocupado,5,4,1.25,35.0,9.0,7.0,0
004076,16,1,Urbano,Sierra Centro,Ladrillo o Bloque de cemento,Red publica dentro de la vivienda,Hombre,Ocupado,3,2,1.5,43.0,11.0,2.0,0
004077,6,1,Urbano,Lima Metropolitana,Ladrillo o Bloque de cemento,Red publica dentro de la vivienda,Hombre,Ocupado,4,3,1.33,39.0,13.0,3.0,0
004078,1,1,Urbano,Selva,Ladrillo o Bloque de cemento,Red publica dentro de la vivienda,Mujer,Ocupado,5,3,1.67,47.0,13.0,6.0,1
004079,11,1,Rural,Costa Centro,Ladrillo o Bloque de cemento,Red publica dentro de la vivienda,Mujer,Ocupado,2,1,2.0,39.0,10.0,3.0,0
004080,6,1,Rural,Sierra Sur,Adobe,"Rio, acequia o manantial",Hombre,Ocupado,3,2,1.5,34.0,2.0,3.0,0
004081,8,1,Urbano,Sierra Centro,Ladrillo o Bloque de cemento,Red publica dentro de la vivienda,Hombre,Ocupado,5,3,1.67,33.0,13.0,5.0,0
004082,15,1,Urbano,Sierra Norte,Adobe,Red publica dentro de la vivienda,Hombre,Ocupado,3,2,1.5,22.0,16.0,5.0,0
004083,1,1,Urbano,Lima Metropolitana,Ladrillo o Bloque de cemento,Otro,Hombre,Ocupado,8,7,1.14,63.0,11.0,4.0,0
004084,14,1,Urbano,Sierra Norte,Adobe,Red publica dentro de la vivienda,Hombre,Ocupado,3,3,1.0,58.0,9.0,1.0,0
004085,17,1,Urbano,Selva,Ladrillo o Bloque de cemento,Red publica dentro de la vivienda,Mujer,Ocupado,5,2,2.5,31.0,11.0,4.0,1
004086,11,1,Urbano,Lima Metropolitana,Ladrillo o Bloque de cemento,Red publica dentro de la vivienda,Hombre,Ocupado,3,2,1.5,57.0,12.0,5.0,0
004087,19,1,Urbano,Selva,Ladrillo o Bloque de cemento,Red publica dentro de la vivienda,Hombre,Ocupado,3,1,3.0,49.0,10.0,1.0,0
004088,2,1,Rural,Selva,Madera,Red publica dentro de la vivienda,Hombre,Ocupado,3,2,1.5,30.0,11.0,2.0,0
004089,15,1,Rural,Costa Norte,Adobe,"Rio, acequia o manantial",Hombre,Ocupado,7,5,1.4,33.0,14.0,6.0,0
004090,18,1,Urbano,Costa Centro,Madera,Red publica dentro de la vivienda,Hombre,Ocupado,4,1,4.0,46.0,10.0,1.0,1
004091,16,1,Urbano,Costa Centro,Ladrillo o Bloque de cemento,Red publica fuera de la vivienda,Hombre,Ocupado,7,4,1.75,58.0,,2.0,0
004092,6,1,Urbano,Lima Metropolitana,Ladrillo o Bloque de cemento,Red publica dentro de la vivienda,Hombre,Ocupado,7,3,2.33,56.0,11.0,2.0,1
004093,10,1,Urbano,Lima Metropolitana,Otro material,Red publica dentro de la vivienda,Hombre,Ocupado,4,1,4.0,40.0,,7.0,0
004094,16,1,Urbano,Costa Sur,Ladrillo o Bloque de cemento,Red publica dentro de la vivienda,Mujer,Ocupado,6,4,1.5,54.0,8.0,5.0,0
004095,5,1,Urbano,Costa Sur,Ladrillo o Bloque de cemento,Red publica fuera de la vivienda,Mujer,Ocupado,3,1,3.0,46.0,,3.0,0
004096,11,1,Rural,Sierra Norte,Madera,Pozo,Hombre,Ocupado,3,2,1.5,38.0,5.0,7.0,0
004097,16,1,Rural,Selva,Ladrillo o Bloque de cemento,"Rio, acequia o manantial",Mujer,Ocupado,4,2,2.0,61.0,9.0,5.0,1
004098,12,1,Urbano,Lima Metropolitana,Ladrillo o Bloque de cemento,Red publica dentro de la vivienda,Hombre,Desocupado,4,2,2.0,50.0,13.0,4.0,1
004099,17,1,Urbano,Lima Metropolitana,Ladrillo o Bloque de cemento,Red publica dentro de la vivienda,Mujer,Ocupado,3,2,1.5,55.0,7.0,3.0,0
004100,4,1,Urbano,Lima Metropolitana,Ladrillo o Bloque de cemento,,Mujer,Ocupado,3,1,3.0,33.0,8.0,3.0,0
004101,1,1,Rural,Sierra Norte,Adobe,Red publica dentro de la vivienda,Hombre,Ocupado,5,3,1.67,41.0,1.0,4.0,0
004102,1,1,Urbano,Lima Metropolitana,Ladrillo o Bloque de cemento,Red publica dentro de la vivienda,Hombre,Desocupado,7,4,1.75,59.0,14.0,3.0,1
004103,1,1,Rural,Selva,Madera,Otro,Hombre,Ocupado,6,3,2.0,44.0,7.0,5.0,1
004104,6,1,Urbano,Sierra Norte,Ladrillo o Bloque de cemento,Otro,Hombre,Ocupado,5,1,5.0,45.0,11.0,3.0,0
004105,17,1,Urbano,Lima Metropolitana,Ladrillo o Bloque de cemento,Red publica dentro de la vivienda,Hombre,Ocupado,5,2,2.5,,13.0,4.0,0
004106,8,1,Urbano,Costa Norte,Ladrillo o Bloque de cemento,Red publica dentro de la vivienda,Hombre,Ocupado,5,2,2.5,51.0,9.0,5.0,0
004107,13,1,Urbano,Lima Metropolitana,Ladrillo o Bloque de cemento,Red publica dentro de la vivienda,Mujer,Ocupado,4,2,2.0,33.0,13.0,3.0,0
004108,16,1,Urbano,Lima Metropolitana,Ladrillo o Bloque de cemento,Red publica dentro de la vivienda,Hombre,Ocupado,3,2,1.5,53.0,17.0,4.0,0
004109,6,1,Urbano,Lima Metropolitana,Ladrillo o Bloque de cemento,Otro,Hombre,Ocupado,8,5,1.6,34.0,14.0,6.0,0
004110,6,1,Rural,Selva,Adobe,Red publica fuera de la vivienda,Hombre,Ocupado,6,3,2.0,45.0,3.0,7.0,1
004111,9,1,Rural,Sierra Norte,Ladrillo o Bloque de cemento,Red publica dentro de la vivienda,Hombre,Inactivo,4,3,1.33,70.0,5.0,6.0,1
004112,14,1,Urbano,Lima Metropolitana,Ladrillo o Bloque de cemento,Red publica dentro de la vivienda,Hombre,Ocupado,7,6,1.17,,10.0,5.0,0
004113,13,1,Urbano,Lima Metropolitana,Ladrillo o Bloque de cemento,Red publica dentro de la vivienda,Hombre,Ocupado,5,5,1.0,43.0,15.0,,0
004114,2,1,Rural,Selva,Adobe,Pozo,Hombre,Ocupado,2,2,1.0,60.0,3.0,4.0,0
004115,17,1,Urbano,Lima Metropolitana,Adobe,Red publica dentro de la vivienda,Hombre,Ocupado,6,3,2.0,38.0,13.0,3.0,0
004116,7,1,Rural,Sierra Norte,Madera,Red publica dentro de la vivienda,Mujer,Ocupado,3,3,1.0,34.0,5.0,4.0,0
004117,4,1,Rural,Selva,Ladrillo o Bloque de cemento,Pozo,Hombre,Ocupado,6,5,1.2,43.0,4.0,2.0,1
004118,14,1,Urbano,Lima Metropolitana,Ladrillo o Bloque de cemento,Red publica dentro de la vivienda,Hombre,Ocupado,3,2,1.5,63.0,13.0,5.0,0
004119,12,1,Rural,Sierra Norte,Madera,Otro,Hombre,Ocupado,3,2,1.5,63.0,6.0,8.0,0
004120,2,1,Rural,Sierra Sur,Adobe,Pozo,Mujer,Ocupado,9,6,1.5,41.0,9.0,7.0,1
004121,15,1,Urbano,Lima Metropolitana,Ladrillo o Bloque de cemento,Red publica dentro de la vivienda,Hombre,Ocupado,6,4,1.5,44.0,11.0,2.0,0
004122,16,1,Urbano,Lima Metropolitana,,Red publica dentro de la vivienda,Mujer,Ocupado,2,1,2.0,54.0,9.0,1.0,0
004123,5,1,Urbano,Lima Metropolitana,Ladrillo o Bloque de cemento,Red publica dentro de la vivienda,Hombre,Inactivo,7,4,1.75,82.0,12.0,5.0,0
004124,12,1,Urbano,Sierra Centro,Ladrillo o Bloque de cemento,Red publica dentro de la vivienda,Hombre,Ocupado,6,6,1.0,45.0,12.0,4.0,0
004125,7,1,Urbano,Lima Metropolitana,Ladrillo o Bloque de cemento,Red publica dentro de la vivienda,Mujer,Inactivo,6,5,1.2,67.0,14.0,4.0,0
004126,2,1,Urbano,Costa Centro,Ladrillo o Bloque de cemento,Red publica dentro de la vivienda,Hombre,Ocupado,2,1,2.0,51.0,10.0,2.0,0
004127,3,1,Rural,Selva,Adobe,Pozo,Hombre,Ocupado,2,2,1.0,60.0,9.0,5.0,0
004128,3,1,Urbano,Sierra Sur,Ladrillo o Bloque de cemento,Red publica dentro de la vivienda,Mujer,Ocupado,4,3,1.33,,7.0,2.0,0
004129,1,1,Urbano,Lima Metropolitana,Ladrillo o Bloque de cemento,Red publica dentro de la vivienda,Mujer,Ocupado,4,1,4.0,50.0,16.0,4.0,0
004130,5,1,Urbano,Lima Metropolitana,Ladrillo o Bloque de cemento,Red publica dentro de la vivienda,Mujer,Ocupado,6,5,1.2,48.0,14.0,8.0,0
004131,7,1,Urbano,Lima Metropolitana,Adobe,Red publica dentro de la vivienda,Hombre,Ocupado,6,2,3.0,45.0,11.0,3.0,1
004132,3,1,Urbano,Lima Metropolitana,Ladrillo o Bloque de cemento,Red publica fuera de la vivienda,Mujer,Ocupado,5,3,1.67,53.0,16.0,7.0,0
004133,5,1,Rural,Sierra Sur,Adobe,Red publica dentro de la vivienda,Hombre,Inactivo,5,5,1.0,65.0,7.0,4.0,1
004134,8,1,Urbano,Selva,Ladrillo o Bloque de cemento,Red publica dentro de la vivienda,Hombre,Inactivo,7,5,1.4,67.0,15.0,8.0,1
004135,19,1,Urbano,Selva,Ladrillo o Bloque de cemento,Red publica dentro de la vivienda,Mujer,Inactivo,5,2,2.5,65.0,9.0,2.0,1
004136,7,1,Urbano,Costa Norte,Ladrillo o Bloque de cemento,Red publica dentro de la vivienda,Hombre,Ocupado,6,3,2.0,41.0,9.0,1.0,1
004137,19,1,Urbano,Selva,Madera,Red publica dentro de la vivienda,Mujer,Ocupado,4,4,1.0,40.0,13.0,2.0,0
004138,10,1,Urbano,Lima Metropolitana,Ladrillo o Bloque de cemento,Red publica dentro de la vivienda,Hombre,Ocupado,7,3,2.33,36.0,13.0,5.0,0
004139,15,1,Urbano,Lima Metropolitana,Ladrillo o Bloque de cemento,Red publica dentro de la vivienda,Hombre,Ocupado,4,3,1.33,50.0,8.0,3.0,0
004140,5,1,Urbano,Lima Metropolitana,Ladrillo o Bloque de cemento,Red publica dentro de la vivienda,Hombre,Ocupado,3,2,1.5,61.0,18.0,3.0,0
004141,12,1,Rural,Sierra Centro,Adobe,Red publica dentro de la vivienda,Mujer,Ocupado,5,3,1.67,40.0,12.0,4.0,1
004142,12,1,Urbano,Selva,Ladrillo o Bloque de cemento,Red publica dentro de la vivienda,Hombre,Ocupado,4,2,2.0,45.0,12.0,6.0,0
004143,19,1,Urbano,Costa Norte,Ladrillo o Bloque de cemento,Otro,Hombre,Ocupado,5,2,2.5,57.0,9.0,3.0,0
004144,14,1,Rural,Sierra Centro,Madera,Pozo,Hombre,Ocupado,4,3,1.33,44.0,4.0,3.0,0
004145,17,1,Rural,Sierra Sur,Ladrillo o Bloque de cemento,Red publica fuera de la vivienda,Hombre,Desocupado,7,2,3.5,45.0,8.0,8.0,1
004146,14,1,Rural,Sierra Norte,Adobe,Red publica fuera de la vivienda,Hombre,Ocupado,2,2,1.0,64.0,11.0,6.0,0
004147,18,1,Urbano,Costa Norte,Madera,Red publica dentro de la vivienda,Hombre,Ocupado,5,3,1.67,48.0,18.0,3.0,0
004148,16,1,Urbano,Lima Metropolitana,Ladrillo o Bloque de cemento,Red publica dentro de la vivienda,Hombre,Ocupado,6,3,2.0,38.0,12.0,2.0,0
004149,2,1,Rural,Sierra Sur,Madera,"Rio, acequia o manantial",Hombre,Ocupado,6,3,2.0,49.0,5.0,7.0,1
004150,8,1,Rural,Sierra Sur,Adobe,Red publica dentro de la vivienda,Mujer,Ocupado,5,2,2.5,54.0,6.0,2.0,1
004151,12,1,Rural,Sierra Norte,Ladrillo o Bloque de cemento,Red publica fuera de la vivienda,Hombre,Inactivo,3,1,3.0,83.0,8.0,5.0,0
004152,19,1,Urbano,Selva,Ladrillo o Bloque de cemento,Red publica dentro de la vivienda,Hombre,Inactivo,6,3,2.0,69.0,8.0,5.0,1
004153,8,1,Urbano,Sierra Sur,Adobe,Red publica dentro de la vivienda,Mujer,Inactivo,2,2,1.0,90.0,7.0,2.0,1
004154,7,1,Rural,Sierra Sur,Ladrillo o Bloque de cemento,Red publica fuera de la vivienda,Hombre,Ocupado,4,3,1.33,33.0,6.0,6.0,0
004155,3,1,Urbano,Selva,Ladrillo o Bloque de cemento,Red publica fuera de la vivienda,Mujer,Inactivo,5,3,1.67,67.0,12.0,5.0,1
004156,14,1,Rural,Costa Norte,Ladrillo o Bloque de cemento,Red publica dentro de la vivienda,Hombre,Inactivo,5,2,2.5,70.0,12.0,3.0,1
004157,18,1,Urbano,Lima Metropolitana,,Red publica dentro de la vivienda,Hombre,Ocupado,7,4,1.75,48.0,9.0,7.0,1
004158,2,1,Urbano,Costa Norte,Madera,Red publica dentro de la vivienda,Hombre,Ocupado,4,4,1.0,43.0,15.0,2.0,0
004159,6,1,Rural,Sierra Sur,Adobe,Otro,Mujer,Ocupado,2,1,2.0,58.0,6.0,2.0,0
004160,15,1,Urbano,Costa Sur,Adobe,Red publica dentro de la vivienda,Hombre,Ocupado,2,2,1.0,43.0,10.0,4.0,0
004161,10,1,Rural,Selva,Madera,Red publica fuera de la vivienda,Mujer,Ocupado,5,2,2.5,,2.0,6.0,0
004162,7,1,Urbano,Sierra Norte,Ladrillo o Bloque de cemento,Red publica dentro de la vivienda,Mujer,Ocupado,2,1,2.0,28.0,12.0,4.0,0
004163,17,1,Urbano,Lima Metropolitana,Adobe,Red publica fuera de la vivienda,Hombre,Ocupado,3,2,1.5,27.0,13.0,5.0,0
004164,1,1,Urbano,Sierra Centro,Ladrillo o Bloque de cemento,Red publica dentro de la vivienda,Hombre,Ocupado,1,1,1.0,51.0,18.0,7.0,0
004165,18,1,Urbano,Lima Metropolitana,Ladrillo o Bloque de cemento,"Rio, acequia o manantial",Hombre,Ocupado,5,1,5.0,57.0,12.0,4.0,0
004166,4,1,Rural,Sierra Norte,Madera,Red publica dentro de la vivienda,Hombre,Ocupado,6,3,2.0,34.0,11.0,3.0,1
004167,7,1,Urbano,Costa Norte,Ladrillo o Bloque de cemento,Red publica dentro de la vivienda,Mujer,Ocupado,3,3,1.0,55.0,10.0,7.0,0
004168,15,1,Urbano,Sierra Centro,Ladrillo o Bloque de cemento,Red publica dentro de la vivienda,Hombre,Desocupado,2,1,2.0,55.0,10.0,2.0,1
004169,5,1,Rural,Selva,Adobe,Pozo,Hombre,Ocupado,7,2,3.5,53.0,1.0,2.0,1
004170,4,1,Urbano,Sierra Sur,Adobe,Red publica dentro de la vivienda,Hombre,Ocupado,3,2,1.5,58.0,15.0,4.0,0
004171,7,1,Urbano,Lima Metropolitana,Adobe,Red publica dentro de la vivienda,Mujer,Ocupado,3,2,1.5,51.0,13.0,2.0,0
004172,1,1,Urbano,Lima Metropolitana,Ladrillo o Bloque de cemento,Red publica dentro de la vivienda,Hombre,Inactivo,3,2,1.5,67.0,12.0,3.0,1
004173,19,1,Urbano,Lima Metropolitana,Ladrillo o Bloque de cemento,Red publica dentro de la vivienda,Hombre,Desocupado,3,3,1.0,57.0,12.0,4.0,1
004174,19,1,Urbano,Sierra Norte,Madera,Red publica dentro de la vivienda,Hombre,Ocupado,5,3,1.67,30.0,12.0,5.0,0
004175,6,1,Urbano,Lima Metropolitana,Ladrillo o Bloque de cemento,,Mujer,Inactivo,4,1,4.0,74.0,10.0,2.0,1
004176,10,1,Rural,Selva,Adobe,Red publica dentro de la vivienda,Hombre,Ocupado,4,1,4.0,35.0,8.0,7.0,0
004177,10,1,Rural,Selva,Madera,"Rio, acequia o manantial",Hombre,Ocupado,3,2,1.5,48.0,3.0,6.0,0
004178,17,1,Urbano,Lima Metropolitana,Ladrillo o Bloque de cemento,Red publica dentro de la vivienda,Hombre,Inactivo,3,2,1.5,84.0,12.0,6.0,1
004179,3,1,Urbano,Lima Metropolitana,Madera,Red publica dentro de la vivienda,Hombre,Ocupado,3,2,1.5,55.0,14.0,4.0,0
004180,16,1,Urbano,Lima Metropolitana,Adobe,Red publica dentro de la vivienda,Hombre,Ocupado,4,2,2.0,36.0,17.0,3.0,0
004181,19,1,Urbano,Lima Metropolitana,Adobe,Red publica dentro de la vivienda,Mujer,Ocupado,4,2,2.0,53.0,13.0,8.0,0
004182,8,1,Urbano,Costa Centro,Ladrillo o Bloque de cemento,Red publica dentro de la vivienda,Mujer,Ocupado,2,1,2.0,55.0,15.0,6.0,0
004183,18,1,Urbano,Lima Metropolitana,Adobe,Red publica dentro de la vivienda,Mujer,Ocupado,6,3,2.0,51.0,12.0,6.0,0
004184,9,1,Urbano,Sierra Sur,Adobe,Red publica dentro de la vivienda,Mujer,Ocupado,5,3,1.67,41.0,8.0,4.0,1
004185,8,1,Urbano,Lima Metropolitana,Ladrillo o Bloque de cemento,Red publica fuera de la vivienda,Hombre,Ocupado,7,4,1.75,30.0,18.0,7.0,0
004186,3,1,Urbano,Lima Metropolitana,Ladrillo o Bloque de cemento,Red publica dentro de la vivienda,Hombre,Ocupado,3,1,3.0,32.0,12.0,6.0,0
004187,7,1,Rural,Costa Centro,,Red publica dentro de la vivienda,Mujer,Ocupado,5,4,1.25,37.0,10.0,5.0,0
004188,8,1,Rural,Costa Centro,Adobe,"Rio, acequia o manantial",Hombre,Inactivo,4,2,2.0,66.0,5.0,3.0,1
004189,14,1,Rural,Costa Norte,Ladrillo o Bloque de cemento,"Rio, acequia o manantial",Mujer,Ocupado,7,5,1.4,31.0,8.0,,0
004190,19,1,Rural,Sierra Sur,Adobe,"Rio, acequia o manantial",Hombre,Ocupado,4,2,2.0,50.0,8.0,3.0,0
004191,15,1,Urbano,Costa Norte,Ladrillo o Bloque de cemento,Red publica fuera de la vivienda,Mujer,Inactivo,3,2,1.5,68.0,11.0,3.0,1
004192,12,1,Urbano,Lima Metropolitana,Madera,Pozo,Hombre,Ocupado,6,4,1.5,57.0,18.0,5.0,0
004193,17,1,Rural,Selva,Otro material,Red publica dentro de la vivienda,Hombre,Inactivo,3,1,3.0,68.0,8.0,,1
004194,7,1,Urbano,Lima Metropolitana,Adobe,Red publica dentro de la vivienda,Hombre,Desocupado,6,6,1.0,40.0,11.0,4.0,1
004195,19,1,Rural,Sierra Norte,Adobe,Red publica dentro de la vivienda,Hombre,Ocupado,4,3,1.33,57.0,12.0,5.0,0
004196,12,1,Rural,Selva,Adobe,"Rio, acequia o manantial",Mujer,Ocupado,6,4,1.5,,1.0,5.0,0
004197,7,1,Rural,Costa Centro,Adobe,Red publica dentro de la vivienda,Hombre,Desocupado,4,2,2.0,61.0,2.0,3.0,1
004198,12,1,Urbano,Lima Metropolitana,Ladrillo o Bloque de cemento,"Rio, acequia o manantial",Hombre,Ocupado,6,3,2.0,60.0,15.0,4.0,0
004199,18,1,Urbano,Costa Centro,Ladrillo o Bloque de cemento,Red publica dentro de la vivienda,Hombre,Ocupado,5,4,1.25,31.0,12.0,8.0,0
004200,12,1,Urbano,Costa Centro,Madera,Red publica dentro de la vivienda,Hombre,Ocupado,4,3,1.33,57.0,9.0,4.0,1
004201,12,1,Urbano,Costa Sur,Ladrillo o Bloque de cemento,Otro,Hombre,Ocupado,4,3,1.33,55.0,12.0,2.0,0
004202,17,1,Urbano,Lima Metropolitana,Ladrillo o Bloque de cemento,Red publica dentro de la vivienda,Hombre,Ocupado,1,1,1.0,46.0,16.0,7.0,0
004203,4,1,Urbano,Costa Centro,Otro material,Red publica fuera de la vivienda,Hombre,Ocupado,6,3,2.0,40.0,8.0,5.0,0
004204,5,1,Urbano,Selva,Ladrillo o Bloque de cemento,Red publica dentro de la vivienda,Hombre,Ocupado,3,2,1.5,54.0,11.0,3.0,0
004205,4,1,Urbano,Lima Metropolitana,Ladrillo o Bloque de cemento,Red publica fuera de la vivienda,Mujer,Desocupado,3,2,1.5,34.0,13.0,5.0,1
004206,4,1,Urbano,Lima Metropolitana,Ladrillo o Bloque de cemento,Red publica dentro de la vivienda,Mujer,Ocupado,7,6,1.17,42.0,13.0,3.0,1
004207,12,1,Urbano,Costa Sur,Adobe,Red publica dentro de la vivienda,Hombre,Ocupado,7,5,1.4,61.0,13.0,5.0,0
004208,10,1,Urbano,Costa Norte,Adobe,Red publica dentro de la vivienda,Hombre,Ocupado,6,3,2.0,63.0,5.0,5.0,1
004209,19,1,Rural,Sierra Sur,Otro material,Red publica dentro de la vivienda,Mujer,Ocupado,3,2,1.5,55.0,8.0,8.0,0
004210,18,1,Rural,Costa Sur,Ladrillo o Bloque de cemento,Red publica dentro de la vivienda,Mujer,Ocupado,2,1,2.0,42.0,0.0,2.0,0
004211,6,1,Urbano,Lima Metropolitana,Adobe,Red publica dentro de la vivienda,Hombre,Ocupado,6,2,3.0,32.0,12.0,3.0,0
004212,8,1,Rural,Sierra Centro,Adobe,Red publica fuera de la vivienda,Hombre,Ocupado,2,2,1.0,37.0,3.0,4.0,0
004213,8,1,Urbano,Sierra Sur,Ladrillo o Bloque de cemento,Red publica dentro de la vivienda,Hombre,Inactivo,4,2,2.0,66.0,12.0,5.0,1
004214,13,1,Urbano,Costa Centro,Adobe,Red publica dentro de la vivienda,Hombre,Ocupado,5,4,1.25,51.0,13.0,2.0,0
004215,15,1,Urbano,Selva,Ladrillo o Bloque de cemento,Red publica fuera de la vivienda,Hombre,Ocupado,4,2,2.0,47.0,11.0,4.0,0
004216,8,1,Rural,Costa Sur,Adobe,"Rio, acequia o manantial",Mujer,Ocupado,8,5,1.6,50.0,4.0,5.0,0
004217,11,1,Urbano,Lima Metropolitana,Ladrillo o Bloque de cemento,Red publica dentro de la vivienda,Hombre,Ocupado,7,4,1.75,58.0,8.0,5.0,0
004218,6,1,Urbano,Costa Norte,Ladrillo o Bloque de cemento,Red publica dentro de la vivienda,Hombre,Ocupado,5,4,1.25,34.0,11.0,6.0,0
004219,12,1,Urbano,Lima Metropolitana,Adobe,Otro,Hombre,Ocupado,4,2,2.0,41.0,11.0,3.0,1
004220,3,1,Urbano,Lima Metropolitana,Ladrillo o Bloque de cemento,Red publica fuera de la vivienda,Hombre,Ocupado,3,3,1.0,57.0,14.0,3.0,0
004221,17,1,Urbano,Costa Sur,Ladrillo o Bloque de cemento,Red publica fuera de la vivienda,Hombre,Ocupado,4,2,2.0,51.0,10.0,5.0,1
004222,19,1,Urbano,Costa Norte,Otro material,Red publica dentro de la vivienda,Mujer,Ocupado,4,3,1.33,63.0,15.0,6.0,0
004223,2,1,Urbano,Sierra Centro,Ladrillo o Bloque de cemento,Red publica dentro de la vivienda,Hombre,Ocupado,4,3,1.33,59.0,11.0,4.0,0
004224,18,1,Urbano,Costa Centro,Ladrillo o Bloque de cemento,Red publica fuera de la vivienda,Hombre,Ocupado,3,1,3.0,37.0,14.0,8.0,0
004225,10,1,Rural,Costa Sur,Ladrillo o Bloque de cemento,Pozo,Hombre,Ocupado,6,6,1.0,18.0,5.0,4.0,1
004226,8,1,Urbano,Lima Metropolitana,Ladrillo o Bloque de cemento,Red publica dentro de la vivienda,Hombre,Ocupado,5,3,1.67,51.0,15.0,,0
004227,15,1,Rural,Selva,Ladrillo o Bloque de cemento,"Rio, acequia o manantial",Hombre,Ocupado,4,2,2.0,33.0,8.0,4.0,0
004228,6,1,Urbano,Costa Centro,Ladrillo o Bloque de cemento,Red publica dentro de la vivienda,Hombre,Ocupado,4,3,1.33,55.0,9.0,1.0,1
004229,1,1,Urbano,Selva,Adobe,Red publica dentro de la vivienda,Hombre,Inactivo,6,4,1.5,70.0,6.0,7.0,1
004230,5,1,Urbano,Sierra Norte,Ladrillo o Bloque de cemento,Red publica dentro de la vivienda,Hombre,Ocupado,3,1,3.0,34.0,15.0,3.0,1
004231,13,1,Urbano,Lima Metropolitana,Ladrillo o Bloque de cemento,Red publica dentro de la vivienda,Mujer,Desocupado,4,4,1.0,57.0,11.0,4.0,1
004232,14,1,Urbano,Costa Norte,Adobe,Red publica dentro de la vivienda,Hombre,Ocupado,4,4,1.0,60.0,9.0,4.0,0
004233,6,1,Urbano,Lima Metropolitana,Ladrillo o Bloque de cemento,Red publica dentro de la vivienda,Hombre,Ocupado,2,1,2.0,53.0,12.0,5.0,0
004234,14,1,Urbano,Lima Metropolitana,Ladrillo o Bloque de cemento,Red publica dentro de la vivienda,Hombre,Ocupado,2,1,2.0,53.0,9.0,3.0,0
004235,6,1,Urbano,Costa Norte,Ladrillo o Bloque de cemento,Red publica dentro de la vivienda,Mujer,Ocupado,4,2,2.0,19.0,13.0,3.0,0
004236,5,1,Urbano,Costa Centro,Ladrillo o Bloque de cemento,Red publica dentro de la vivienda,Hombre,Ocupado,4,2,2.0,49.0,11.0,6.0,0
004237,14,1,Urbano,Sierra Centro,Ladrillo o Bloque de cemento,Red publica dentro de la vivienda,Hombre,Ocupado,8,5,1.6,48.0,11.0,3.0,0
004238,8,1,Urbano,Lima Metropolitana,Ladrillo o Bloque de cemento,Red publica fuera de la vivienda,Mujer,Ocupado,8,4,2.0,63.0,16.0,5.0,1
004239,17,1,Urbano,Selva,Ladrillo o Bloque de cemento,Red publica dentro de la vivienda,Hombre,Ocupado,6,2,3.0,61.0,11.0,3.0,1
004240,17,1,Urbano,Lima Metropolitana,Ladrillo o Bloque de cemento,Red publica dentro de la vivienda,Mujer,Ocupado,6,3,2.0,41.0,18.0,5.0,1
004241,11,1,Urbano,Lima Metropolitana,Ladrillo o Bloque de cemento,Red publica fuera de la vivienda,Hombre,Ocupado,8,7,1.14,21.0,12.0,2.0,0
004242,5,1,Urbano,Lima Metropolitana,Ladrillo o Bloque de cemento,Red publica dentro de la vivienda,Hombre,Ocupado,4,2,2.0,26.0,8.0,4.0,0
004243,3,1,Rural,Sierra Sur,Adobe,Red publica dentro de la vivienda,Hombre,Inactivo,8,6,1.33,68.0,4.0,3.0,0
004244,10,1,Urbano,Selva,Ladrillo o Bloque de cemento,Red publica dentro de la vivienda,Hombre,Ocupado,3,2,1.5,47.0,9.0,5.0,0
004245,15,1,Urbano,Lima Metropolitana,Ladrillo o Bloque de cemento,Red publica dentro de la vivienda,Hombre,Ocupado,8,6,1.33,28.0,13.0,7.0,0
004246,1,1,Urbano,Sierra Norte,Madera,Red publica dentro de la vivienda,Hombre,Ocupado,7,2,3.5,29.0,16.0,5.0,0
004247,3,1,Urbano,Lima Metropolitana,Ladrillo o Bloque de cemento,Red publica dentro de la vivienda,Mujer,Ocupado,2,2,1.0,51.0,13.0,2.0,0
004248,18,1,Urbano,Costa Norte,Ladrillo o Bloque de cemento,Red publica dentro de la vivienda,Hombre,Ocupado,8,6,1.33,50.0,10.0,4.0,0
004249,18,1,Urbano,Costa Sur,Ladrillo o Bloque de cemento,Red publica dentro de la vivienda,Hombre,Inactivo,5,2,2.5,71.0,10.0,2.0,1
004250,5,1,Urbano,Lima Metropolitana,Ladrillo o Bloque de cemento,Red publica dentro de la vivienda,Hombre,Ocupado,6,5,1.2,47.0,14.0,7.0,0
004251,4,1,Rural,Sierra Centro,Madera,"Rio, acequia o manantial",Hombre,Ocupado,4,2,2.0,53.0,8.0,2.0,1
004252,8,1,Rural,Costa Centro,,Red publica dentro de la vivienda,Hombre,Ocupado,6,5,1.2,47.0,9.0,1.0,1
004253,17,1,Urbano,Costa Sur,Adobe,Red publica dentro de la vivienda,Hombre,Ocupado,6,5,1.2,59.0,9.0,4.0,0
004254,17,1,Rural,Selva,Ladrillo o Bloque de cemento,Red publica fuera de la vivienda,Hombre,Inactivo,6,4,1.5,73.0,14.0,2.0,1
004255,7,1,Urbano,Lima Metropolitana,Ladrillo o Bloque de cemento,Red publica dentro de la vivienda,Hombre,Ocupado,3,2,1.5,61.0,11.0,4.0,0
004256,3,1,Urbano,Costa Norte,Otro material,Otro,Hombre,Inactivo,8,5,1.6,76.0,9.0,3.0,1
004257,10,1,Urbano,Costa Norte,Ladrillo o Bloque de cemento,Red publica dentro de la vivienda,Hombre,Ocupado,4,2,2.0,56.0,15.0,8.0,1
004258,6,1,Rural,Sierra Sur,Otro material,Red publica dentro de la vivienda,Hombre,Ocupado,5,4,1.25,26.0,9.0,3.0,0
004259,8,1,Urbano,Lima Metropolitana,Ladrillo o Bloque de cemento,Red publica dentro de la vivienda,Hombre,Ocupado,4,3,1.33,36.0,10.0,3.0,0
004260,7,1,Urbano,Sierra Norte,Ladrillo o Bloque de cemento,Red publica dentro de la vivienda,Hombre,Ocupado,6,2,3.0,59.0,13.0,3.0,0
004261,7,1,Urbano,Lima Metropolitana,Madera,Red publica dentro de la vivienda,Hombre,Ocupado,3,3,1.0,45.0,11.0,5.0,0
004262,7,1,Urbano,Lima Metropolitana,Ladrillo o Bloque de cemento,Red publica dentro de la vivienda,Hombre,Ocupado,4,1,4.0,48.0,14.0,5.0,0
004263,13,1,Rural,Sierra Norte,Ladrillo o Bloque de cemento,Red publica dentro de la vivienda,Hombre,Ocupado,6,2,3.0,37.0,7.0,8.0,0
004264,11,1,Urbano,Lima Metropolitana,Ladrillo o Bloque de cemento,Pozo,Hombre,Inactivo,2,1,2.0,68.0,18.0,3.0,0
004265,9,1,Urbano,Lima Metropolitana,Adobe,Red publica dentro de la vivienda,Hombre,Inactivo,3,2,1.5,69.0,17.0,4.0,0
004266,3,1,Rural,Selva,Ladrillo o Bloque de cemento,Red publica dentro de la vivienda,Hombre,Ocupado,4,4,1.0,45.0,10.0,,0
004267,18,1,Rural,Sierra Sur,Madera,Red publica fuera de la vivienda,Hombre,Ocupado,6,4,1.5,45.0,9.0,2.0,1
004268,16,1,Urbano,Lima Metropolitana,Ladrillo o Bloque de cemento,Red publica dentro de la vivienda,Hombre,Inactivo,4,3,1.33,66.0,8.0,6.0,1
004269,11,1,Urbano,Lima Metropolitana,Ladrillo o Bloque de cemento,Red publica fuera de la vivienda,Hombre,Ocupado,5,3,1.67,63.0,13.0,6.0,1
004270,7,1,Urbano,Lima Metropolitana,Adobe,Red publica fuera de la vivienda,Mujer,Ocupado,3,3,1.0,25.0,11.0,4.0,0
004271,1,1,Urbano,Lima Metropolitana,Ladrillo o Bloque de cemento,Red publica dentro de la vivienda,Hombre,Ocupado,2,2,1.0,58.0,12.0,5.0,0
004272,16,1,Rural,Sierra Sur,Adobe,Red publica dentro de la vivienda,Hombre,Ocupado,3,3,1.0,55.0,7.0,1.0,0
004273,16,1,Urbano,Lima Metropolitana,,Otro,Hombre,Ocupado,3,1,3.0,51.0,7.0,3.0,0
004274,2,1,Urbano,Lima Metropolitana,Ladrillo o Bloque de cemento,Otro,Hombre,Ocupado,4,3,1.33,36.0,12.0,4.0,0
004275,15,1,Urbano,Costa Sur,Adobe,Red publica dentro de la vivienda,Mujer,Ocupado,2,2,1.0,36.0,11.0,3.0,0
004276,5,1,Urbano,Costa Norte,Ladrillo o Bloque de cemento,Red publica dentro de la vivienda,Mujer,Ocupado,4,4,1.0,18.0,14.0,8.0,0
004277,12,1,Urbano,Sierra Centro,Ladrillo o Bloque de cemento,Red publica fuera de la vivienda,Hombre,Ocupado,6,5,1.2,39.0,8.0,2.0,0
004278,12,1,Urbano,Lima Metropolitana,Ladrillo o Bloque de cemento,Red publica dentro de la vivienda,Mujer,Ocupado,4,2,2.0,20.0,10.0,6.0,0
004279,8,1,Rural,Sierra Norte,Adobe,Otro,Mujer,Ocupado,3,1,3.0,40.0,4.0,2.0,1
004280,18,1,Urbano,Lima Metropolitana,Ladrillo o Bloque de cemento,Red publica dentro de la vivienda,Hombre,Ocupado,7,5,1.4,54.0,11.0,3.0,0
004281,7,1,Rural,Costa Norte,Adobe,"Rio, acequia o manantial",Mujer,Ocupado,7,4,1.75,32.0,3.0,3.0,1
004282,12,1,Urbano,Sierra Centro,Ladrillo o Bloque de cemento,Red publica dentro de la vivienda,Hombre,Inactivo,9,5,1.8,67.0,15.0,6.0,1
004283,15,1,Urbano,Selva,Ladrillo o Bloque de cemento,Red publica dentro de la vivienda,Hombre,Inactivo,4,3,1.33,75.0,13.0,5.0,1
004284,16,1,Urbano,Costa Centro,,Red publica dentro de la vivienda,Mujer,Ocupado,3,2,1.5,51.0,18.0,3.0,1
004285,2,1,Urbano,Lima Metropolitana,Ladrillo o Bloque de cemento,Red publica dentro de la vivienda,Mujer,Ocupado,3,2,1.5,57.0,11.0,3.0,0
004286,2,1,Urbano,Costa Centro,Otro material,Red publica dentro de la vivienda,Mujer,Ocupado,4,3,1.33,25.0,14.0,6.0,0
004287,10,1,Urbano,Lima Metropolitana,Adobe,Red publica dentro de la vivienda,Mujer,Ocupado,9,5,1.8,51.0,9.0,5.0,0
004288,6,1,Urbano,Costa Sur,Adobe,Red publica dentro de la vivienda,Hombre,Ocupado,8,5,1.6,28.0,16.0,4.0,1
004289,7,1,Urbano,Lima Metropolitana,Ladrillo o Bloque de cemento,Red publica dentro de la vivienda,Hombre,Desocupado,4,2,2.0,24.0,12.0,5.0,1
004290,7,1,Rural,Selva,Adobe,Red publica dentro de la vivienda,Hombre,Ocupado,5,4,1.25,30.0,6.0,5.0,0
004291,9,1,Urbano,Costa Norte,Ladrillo o Bloque de cemento,Red publica dentro de la vivienda,Hombre,Ocupado,4,2,2.0,,15.0,7.0,0
004292,16,1,Urbano,Costa Norte,Ladrillo o Bloque de cemento,Red publica dentro de la vivienda,Mujer,Ocupado,4,3,1.33,47.0,15.0,5.0,0
004293,2,1,Urbano,Costa Norte,Otro material,Red publica dentro de la vivienda,Hombre,Ocupado,1,1,1.0,47.0,8.0,3.0,0
004294,17,1,Urbano,Selva,Ladrillo o Bloque de cemento,"Rio, acequia o manantial",Hombre,Desocupado,5,3,1.67,32.0,11.0,4.0,1
004295,4,1,Urbano,Lima Metropolitana,Ladrillo o Bloque de cemento,Red publica dentro de la vivienda,Mujer,Ocupado,7,3,2.33,49.0,17.0,4.0,0
004296,13,1,Urbano,Sierra Centro,Ladrillo o Bloque de cemento,Red publica dentro de la vivienda,Hombre,Ocupado,4,3,1.33,38.0,10.0,2.0,0
004297,14,1,Urbano,Sierra Sur,,Red publica dentro de la vivienda,Hombre,Ocupado,7,4,1.75,50.0,12.0,3.0,0
004298,6,1,Rural,Selva,Adobe,Red publica dentro de la vivienda,Hombre,Ocupado,7,5,1.4,45.0,8.0,5.0,0
004299,8,1,Rural,Selva,Madera,Red publica fuera de la vivienda,Mujer,Ocupado,5,4,1.25,23.0,11.0,4.0,0
004300,5,1,Urbano,Lima Metropolitana,Adobe,Red publica dentro de la vivienda,Mujer,Ocupado,4,3,1.33,38.0,15.0,4.0,1
004301,8,1,Rural,Sierra Sur,Ladrillo o Bloque de cemento,Red publica dentro de la vivienda,Hombre,Ocupado,7,4,1.75,56.0,6.0,3.0,1
004302,10,1,Urbano,Lima Metropolitana,Ladrillo o Bloque de cemento,Red publica dentro de la vivienda,Hombre,Ocupado,3,3,1.0,60.0,6.0,2.0,0
004303,17,1,Urbano,Lima Metropolitana,Ladrillo o Bloque de cemento,Red publica dentro de la vivienda,Mujer,Desocupado,6,1,6.0,31.0,15.0,6.0,1
004304,16,1,Rural,Sierra Centro,Otro material,Red publica fuera de la vivienda,Mujer,Ocupado,7,3,2.33,37.0,7.0,3.0,1
004305,10,1,Urbano,Costa Norte,Ladrillo o Bloque de cemento,Red publica dentro de la vivienda,Mujer,Ocupado,3,3,1.0,42.0,17.0,,0
004306,1,1,Urbano,Costa Centro,Madera,Red publica dentro de la vivienda,Mujer,Ocupado,2,2,1.0,64.0,13.0,4.0,0
004307,1,1,Rural,Selva,Adobe,Red publica dentro de la vivienda,Mujer,Ocupado,6,5,1.2,55.0,5.0,3.0,1
004308,2,1,Urbano,Sierra Centro,Ladrillo o Bloque de cemento,Red publica dentro de la vivienda,Hombre,Ocupado,5,4,1.25,30.0,7.0,5.0,0
004309,15,1,Urbano,Lima Metropolitana,Ladrillo o Bloque de cemento,,Mujer,Ocupado,6,3,2.0,55.0,12.0,7.0,0
004310,9,1,Urbano,Lima Metropolitana,Madera,Red publica dentro de la vivienda,Hombre,Inactivo,3,3,1.0,66.0,14.0,2.0,0
004311,9,1,Urbano,Selva,Ladrillo o Bloque de cemento,Red publica dentro de la vivienda,Hombre,Ocupado,5,4,1.25,51.0,11.0,5.0,0
004312,6,1,Urbano,Lima Metropolitana,Adobe,Red publica dentro de la vivienda,Hombre,Ocupado,5,4,1.25,37.0,8.0,4.0,0
004313,5,1,Rural,Sierra Norte,Ladrillo o Bloque de cemento,"Rio, acequia o manantial",Hombre,Ocupado,7,6,1.17,60.0,,3.0,1
004314,19,1,Urbano,Lima Metropolitana,Adobe,Red publica dentro de la vivienda,Hombre,Ocupado,3,1,3.0,51.0,9.0,7.0,0
004315,2,1,Urbano,Costa Norte,Ladrillo o Bloque de cemento,Red publica dentro de la vivienda,Mujer,Ocupado,2,2,1.0,45.0,3.0,3.0,0
004316,9,1,Rural,Selva,Adobe,Red publica dentro de la vivienda,Hombre,Ocupado,4,3,1.33,61.0,3.0,3.0,1
004317,9,1,Urbano,Lima Metropolitana,Adobe,Red publica dentro de la vivienda,Hombre,Ocupado,3,1,3.0,48.0,13.0,4.0,0
004318,18,1,Urbano,Lima Metropolitana,Ladrillo o Bloque de cemento,Red publica dentro de la vivienda,Hombre,Ocupado,2,2,1.0,49.0,17.0,2.0,0
004319,4,1,Urbano,Lima Metropolitana,Ladrillo o Bloque de cemento,Pozo,Hombre,Ocupado,6,3,2.0,60.0,5.0,2.0,0
004320,8,1,Urbano,Sierra Centro,Ladrillo o Bloque de cemento,Red publica dentro de la vivienda,Hombre,Ocupado,6,6,1.0,41.0,8.0,3.0,0
004321,13,1,Urbano,Lima Metropolitana,Ladrillo o Bloque de cemento,Red publica dentro de la vivienda,Hombre,Desocupado,6,2,3.0,32.0,14.0,4.0,1
004322,17,1,Rural,Selva,Adobe,,Hombre,Ocupado,1,1,1.0,53.0,5.0,5.0,0
004323,15,1,Rural,Selva,Adobe,Red publica dentro de la vivienda,Hombre,Inactivo,4,3,1.33,70.0,7.0,5.0,0
004324,19,1,Urbano,Costa Norte,Ladrillo o Bloque de cemento,Red publica dentro de la vivienda,Hombre,Desocupado,8,3,2.67,18.0,12.0,6.0,1
004325,2,1,Urbano,Costa Sur,Adobe,Red publica dentro de la vivienda,Hombre,Ocupado,3,2,1.5,58.0,10.0,4.0,0
004326,18,1,Rural,Selva,Madera,,Hombre,Ocupado,1,1,1.0,48.0,10.0,4.0,0
004327,6,1,Urbano,Costa Norte,Ladrillo o Bloque de cemento,Red publica fuera de la vivienda,Mujer,Ocupado,2,1,2.0,41.0,18.0,6.0,0
004328,13,1,Urbano,Lima Metropolitana,Ladrillo o Bloque de cemento,Red publica dentro de la vivienda,Hombre,Ocupado,6,4,1.5,39.0,9.0,4.0,0
004329,5,1,Urbano,Lima Metropolitana,Ladrillo o Bloque de cemento,Red publica dentro de la vivienda,Hombre,Ocupado,4,2,2.0,61.0,15.0,6.0,0
004330,7,1,Urbano,Lima Metropolitana,Ladrillo o Bloque de cemento,Red publica dentro de la vivienda,Hombre,Ocupado,4,4,1.0,58.0,18.0,6.0,1
004331,13,1,Urbano,Costa Centro,Ladrillo o Bloque de cemento,Red publica dentro de la vivienda,Hombre,Ocupado,8,3,2.67,33.0,16.0,5.0,0
004332,12,1,Urbano,Lima Metropolitana,Ladrillo o Bloque de cemento,Red publica dentro de la vivienda,Hombre,Ocupado,2,1,2.0,52.0,10.0,4.0,0
004333,15,1,Urbano,Costa Norte,Ladrillo o Bloque de cemento,Red publica fuera de la vivienda,Hombre,Inactivo,2,1,2.0,67.0,10.0,2.0,1
004334,4,1,Rural,Sierra Sur,Ladrillo o Bloque de cemento,Otro,Mujer,Ocupado,4,2,2.0,58.0,1.0,3.0,1
004335,12,1,Urbano,Lima Metropolitana,Madera,Red publica dentro de la vivienda,Hombre,Ocupado,3,2,1.5,25.0,11.0,3.0,0
004336,11,1,Urbano,Costa Norte,Ladrillo o Bloque de cemento,Red publica dentro de la vivienda,Hombre,Ocupado,6,5,1.2,57.0,9.0,3.0,0
004337,15,1,Rural,Costa Norte,Ladrillo o Bloque de cemento,"Rio, acequia o manantial",Hombre,Ocupado,7,5,1.4,31.0,8.0,3.0,0
004338,18,1,Urbano,Costa Norte,Madera,Red publica dentro de la vivienda,Mujer,Ocupado,5,4,1.25,51.0,7.0,1.0,0
004339,13,1,Urbano,Selva,Ladrillo o Bloque de cemento,Red publica dentro de la vivienda,Hombre,Desocupado,3,1,3.0,38.0,11.0,2.0,1
004340,4,1,Urbano,Lima Metropolitana,Ladrillo o Bloque de cemento,Red publica dentro de la vivienda,Hombre,Ocupado,5,4,1.25,54.0,13.0,4.0,0
004341,19,1,Urbano,Costa Centro,Ladrillo o Bloque de cemento,Red publica dentro de la vivienda,Hombre,Ocupado,3,2,1.5,39.0,10.0,4.0,0
004342,19,1,Urbano,Costa Centro,Ladrillo o Bloque de cemento,Red publica dentro de la vivienda,Hombre,Desocupado,4,4,1.0,33.0,14.0,6.0,1
004343,4,1,Rural,Selva,Adobe,"Rio, acequia o manantial",Mujer,Ocupado,2,2,1.0,52.0,5.0,1.0,0
004344,12,1,Urbano,Costa Sur,Ladrillo o Bloque de cemento,Red publica fuera de la vivienda,Hombre,Ocupado,7,3,2.33,50.0,12.0,4.0,0
004345,10,1,Urbano,Lima Metropolitana,Ladrillo o Bloque de cemento,Red publica dentro de la vivienda,Hombre,Ocupado,7,4,1.75,60.0,8.0,3.0,0
004346,8,1,Urbano,Lima Metropolitana,Ladrillo o Bloque de cemento,Red publica dentro de la vivienda,Hombre,Ocupado,4,2,2.0,41.0,10.0,5.0,0
004347,18,1,Urbano,Lima Metropolitana,,Red publica dentro de la vivienda,Mujer,Ocupado,5,3,1.67,27.0,16.0,4.0,0
004348,18,1,Urbano,Lima Metropolitana,Ladrillo o Bloque de cemento,Red publica dentro de la vivienda,Hombre,Ocupado,4,4,1.0,57.0,7.0,2.0,0
004349,5,1,Urbano,Selva,Ladrillo o Bloque de cemento,Red publica dentro de la vivienda,Hombre,Inactivo,7,7,1.0,68.0,13.0,3.0,1
004350,19,1,Urbano,Lima Metropolitana,Ladrillo o Bloque de cemento,Red publica fuera de la vivienda,Mujer,Ocupado,3,2,1.5,40.0,11.0,4.0,0
004351,18,1,Urbano,Costa Sur,Ladrillo o Bloque de cemento,Red publica dentro de la vivienda,Hombre,Ocupado,6,4,1.5,55.0,4.0,8.0,1
004352,15,1,Urbano,Costa Norte,Adobe,Red publica dentro de la vivienda,Hombre,Ocupado,6,5,1.2,44.0,10.0,3.0,0
004353,17,1,Urbano,Lima Metropolitana,Ladrillo o Bloque de cemento,Red publica dentro de la vivienda,Mujer,Inactivo,4,2,2.0,75.0,15.0,5.0,0
004354,13,1,Urbano,Costa Norte,Ladrillo o Bloque de cemento,Red publica dentro de la vivienda,Mujer,Ocupado,4,3,1.33,41.0,18.0,4.0,0
004355,11,1,Urbano,Lima Metropolitana,Ladrillo o Bloque de cemento,Red publica dentro de la vivienda,Hombre,Ocupado,2,2,1.0,47.0,18.0,7.0,0
004356,15,1,Urbano,Lima Metropolitana,Ladrillo o Bloque de cemento,Red publica dentro de la vivienda,Hombre,Ocupado,5,3,1.67,20.0,10.0,7.0,0
004357,14,1,Urbano,Lima Metropolitana,Ladrillo o Bloque de cemento,"Rio, acequia o manantial",Hombre,Inactivo,6,3,2.0,70.0,15.0,6.0,1
004358,2,1,Rural,Sierra Norte,Adobe,Pozo,Hombre,Ocupado,4,4,1.0,41.0,5.0,4.0,0
004359,4,1,Urbano,Sierra Sur,Ladrillo o Bloque de cemento,Red publica dentro de la vivienda,Hombre,Inactivo,7,5,1.4,66.0,9.0,5.0,1
004360,2,1,Urbano,Lima Metropolitana,Ladrillo o Bloque de cemento,Red publica dentro de la vivienda,Hombre,Ocupado,4,2,2.0,39.0,16.0,7.0,0
004361,12,1,Rural,Sierra Norte,Ladrillo o Bloque de cemento,Red publica fuera de la vivienda,Hombre,Ocupado,8,6,1.33,47.0,7.0,5.0,1
004362,17,1,Urbano,Selva,Ladrillo o Bloque de cemento,Red publica dentro de la vivienda,Hombre,Ocupado,1,1,1.0,37.0,12.0,5.0,0
004363,14,1,Urbano,Lima Metropolitana,Ladrillo o Bloque de cemento,Otro,Hombre,Ocupado,6,5,1.2,35.0,7.0,2.0,0
004364,10,1,Urbano,Lima Metropolitana,Ladrillo o Bloque de cemento,Red publica dentro de la vivienda,Mujer,Ocupado,5,3,1.67,44.0,9.0,4.0,0
004365,4,1,Urbano,Lima Metropolitana,Ladrillo o Bloque de cemento,Red publica dentro de la vivienda,Mujer,Ocupado,5,4,1.25,46.0,10.0,3.0,0
004366,1,1,Urbano,Costa Centro,Ladrillo o Bloque de cemento,Red publica dentro de la vivienda,Hombre,Ocupado,7,6,1.17,43.0,13.0,6.0,0
004367,2,1,Urbano,Sierra Sur,Adobe,Red publica dentro de la vivienda,Hombre,Ocupado,4,3,1.33,27.0,13.0,4.0,0
004368,8,1,Rural,Selva,Madera,Otro,Hombre,Ocupado,3,2,1.5,52.0,12.0,5.0,0
004369,16,1,Urbano,Costa Centro,Ladrillo o Bloque de cemento,Red publica dentro de la vivienda,Mujer,Ocupado,9,4,2.25,21.0,8.0,4.0,1
004370,8,1,Rural,Sierra Sur,Adobe,Red publica fuera de la vivienda,Hombre,Ocupado,3,3,1.0,43.0,12.0,2.0,0
004371,15,1,Urbano,Sierra Norte,Ladrillo o Bloque de cemento,Red publica dentro de la vivienda,Hombre,Ocupado,2,1,2.0,26.0,10.0,3.0,0
004372,18,1,Urbano,Costa Centro,Ladrillo o Bloque de cemento,Red publica dentro de la vivienda,Hombre,Ocupado,6,6,1.0,61.0,,3.0,0
004373,4,1,Rural,Selva,Adobe,"Rio, acequia o manantial",Mujer,Inactivo,3,2,1.5,65.0,6.0,4.0,0
004374,17,1,Rural,Costa Centro,Madera,Red publica fuera de la vivienda,Mujer,Ocupado,4,3,1.33,56.0,7.0,5.0,1
004375,19,1,Rural,Selva,Ladrillo o Bloque de cemento,Pozo,Hombre,Ocupado,7,4,1.75,41.0,9.0,5.0,1
004376,17,1,Urbano,Costa Centro,Madera,Red publica dentro de la vivienda,Hombre,Ocupado,5,1,5.0,38.0,14.0,6.0,1
004377,7,1,Urbano,Lima Metropolitana,Ladrillo o Bloque de cemento,Red publica dentro de la vivienda,Hombre,Ocupado,6,3,2.0,44.0,12.0,4.0,1
004378,17,1,Urbano,Costa Sur,Ladrillo o Bloque de cemento,Red publica fuera de la vivienda,Mujer,Ocupado,4,2,2.0,47.0,11.0,6.0,0
004379,10,1,Urbano,Lima Metropolitana,Madera,Otro,Hombre,Ocupado,5,4,1.25,55.0,10.0,6.0,0
004380,13,1,Urbano,Costa Norte,Adobe,Red publica dentro de la vivienda,Hombre,Ocupado,5,3,1.67,54.0,13.0,6.0,0
004381,17,1,Urbano,Selva,Ladrillo o Bloque de cemento,Red publica dentro de la vivienda,Hombre,Ocupado,6,4,1.5,19.0,12.0,3.0,0
004382,12,1,Rural,Sierra Norte,Adobe,Red publica dentro de la vivienda,Hombre,Ocupado,4,3,1.33,57.0,4.0,6.0,1
004383,15,1,Urbano,Costa Sur,Ladrillo o Bloque de cemento,Red publica dentro de la vivienda,Mujer,Ocupado,3,3,1.0,53.0,7.0,3.0,0
004384,9,1,Rural,Sierra Sur,Adobe,Pozo,Hombre,Ocupado,7,7,1.0,37.0,7.0,1.0,0
004385,19,1,Urbano,Lima Metropolitana,Ladrillo o Bloque de cemento,Red publica dentro de la vivienda,Hombre,Ocupado,4,2,2.0,,17.0,3.0,0
004386,18,1,Urbano,Lima Metropolitana,Ladrillo o Bloque de cemento,Red publica fuera de la vivienda,Mujer,Ocupado,5,3,1.67,49.0,18.0,5.0,1
004387,1,1,Rural,Sierra Norte,Ladrillo o Bloque de cemento,Red publica fuera de la vivienda,Mujer,Ocupado,7,5,1.4,51.0,2.0,2.0,0
004388,6,1,Urbano,Costa Centro,Ladrillo o Bloque de cemento,Red publica dentro de la vivienda,Mujer,Ocupado,2,2,1.0,33.0,14.0,3.0,0
004389,15,1,Urbano,Lima Metropolitana,Ladrillo o Bloque de cemento,Red publica dentro de la vivienda,Hombre,Ocupado,5,1,5.0,49.0,15.0,5.0,0
004390,6,1,Urbano,Selva,,Red publica dentro de la vivienda,Hombre,Ocupado,4,2,2.0,51.0,15.0,5.0,0
004391,9,1,Urbano,Costa Sur,Madera,Red publica dentro de la vivienda,Mujer,Desocupado,3,2,1.5,60.0,13.0,3.0,1
004392,5,1,Urbano,Lima Metropolitana,Ladrillo o Bloque de cemento,Red publica dentro de la vivienda,Hombre,Desocupado,8,4,2.0,46.0,11.0,4.0,1
004393,8,1,Urbano,Selva,Ladrillo o Bloque de cemento,Red publica dentro de la vivienda,Hombre,Ocupado,6,4,1.5,20.0,14.0,2.0,0
004394,9,1,Urbano,Lima Metropolitana,Ladrillo o Bloque de cemento,Red publica dentro de la vivienda,Hombre,Ocupado,3,3,1.0,52.0,4.0,3.0,0
004395,7,1,Rural,Sierra Centro,Ladrillo o Bloque de cemento,"Rio, acequia o manantial",Hombre,Ocupado,2,2,1.0,24.0,3.0,2.0,0
004396,14,1,Rural,Sierra Sur,Adobe,"Rio, acequia o manantial",Mujer,Ocupado,6,3,2.0,36.0,4.0,4.0,0
004397,1,1,Urbano,Costa Sur,Ladrillo o Bloque de cemento,Red publica dentro de la vivienda,Hombre,Ocupado,6,3,2.0,29.0,9.0,5.0,1
004398,9,1,Urbano,Lima Metropolitana,Ladrillo o Bloque de cemento,Red publica dentro de la vivienda,Hombre,Ocupado,4,1,4.0,55.0,8.0,3.0,0
004399,3,1,Rural,Costa Centro,Adobe,Red publica dentro de la vivienda,Hombre,Ocupado,4,3,1.33,33.0,5.0,4.0,1
004400,12,1,Urbano,Lima Metropolitana,Adobe,Red publica dentro de la vivienda,Hombre,Ocupado,4,2,2.0,62.0,11.0,4.0,0
004401,6,1,Urbano,Lima Metropolitana,Ladrillo o Bloque de cemento,Red publica dentro de la vivienda,Hombre,Ocupado,6,5,1.2,32.0,12.0,3.0,0
004402,17,1,Urbano,Lima Metropolitana,Ladrillo o Bloque de cemento,Red publica dentro de la vivienda,Mujer,Ocupado,5,5,1.0,20.0,13.0,4.0,0
004403,1,1,Urbano,Costa Norte,Ladrillo o Bloque de cemento,Red publica dentro de la vivienda,Hombre,Ocupado,3,3,1.0,43.0,7.0,1.0,0
004404,1,1,Rural,Sierra Norte,Adobe,Red publica dentro de la vivienda,Hombre,Ocupado,3,3,1.0,29.0,5.0,5.0,0
004405,8,1,Urbano,Sierra Sur,Ladrillo o Bloque de cemento,Red publica dentro de la vivienda,Mujer,Inactivo,2,1,2.0,66.0,11.0,4.0,0
004406,14,1,Urbano,Selva,Ladrillo o Bloque de cemento,Red publica dentro de la vivienda,Mujer,Ocupado,6,3,2.0,38.0,5.0,5.0,0
004407,16,1,Urbano,Lima Metropolitana,,Red publica dentro de la vivienda,Mujer,Ocupado,5,4,1.25,64.0,12.0,3.0,0
004408,5,1,Rural,Sierra Centro,Adobe,,Hombre,Ocupado,6,5,1.2,44.0,7.0,7.0,0
004409,7,1,Urbano,Lima Metropolitana,Ladrillo o Bloque de cemento,Red publica dentro de la vivienda,Hombre,Ocupado,2,1,2.0,53.0,15.0,6.0,0
004410,6,1,Urbano,Costa Centro,Ladrillo o Bloque de cemento,Red publica dentro de la vivienda,Hombre,Ocupado,8,5,1.6,41.0,7.0,5.0,0
004411,16,1,Urbano,Sierra Centro,Ladrillo o Bloque de cemento,Red publica dentro de la vivienda,Hombre,Inactivo,4,4,1.0,81.0,11.0,6.0,0
004412,6,1,Urbano,Costa Norte,Adobe,Red publica dentro de la vivienda,Hombre,Ocupado,9,8,1.12,32.0,15.0,5.0,1
004413,15,1,Urbano,Lima Metropolitana,Ladrillo o Bloque de cemento,Red publica dentro de la vivienda,Hombre,Ocupado,5,3,1.67,18.0,7.0,5.0,0
004414,6,1,Urbano,Costa Centro,Ladrillo o Bloque de cemento,Red publica dentro de la vivienda,Hombre,Ocupado,7,5,1.4,52.0,11.0,3.0,1
004415,12,1,Urbano,Sierra Norte,Ladrillo o Bloque de cemento,Red publica dentro de la vivienda,Hombre,Ocupado,6,4,1.5,34.0,6.0,5.0,1
004416,18,1,Urbano,Lima Metropolitana,Ladrillo o Bloque de cemento,Red publica fuera de la vivienda,Mujer,Ocupado,4,3,1.33,51.0,11.0,1.0,0
004417,11,1,Urbano,Selva,Ladrillo o Bloque de cemento,Red publica dentro de la vivienda,Mujer,Ocupado,3,3,1.0,47.0,8.0,3.0,0
004418,18,1,Rural,Costa Norte,Adobe,Red publica dentro de la vivienda,Hombre,Ocupado,3,3,1.0,41.0,8.0,2.0,0
004419,4,1,Urbano,Costa Norte,Otro material,Red publica dentro de la vivienda,Mujer,Ocupado,3,3,1.0,42.0,10.0,4.0,0
004420,17,1,Rural,Selva,Adobe,"Rio, acequia o manantial",Mujer,Ocupado,3,2,1.5,54.0,2.0,4.0,0
004421,4,1,Rural,Sierra Norte,Madera,Red publica dentro de la vivienda,Mujer,Ocupado,2,2,1.0,43.0,11.0,2.0,0
004422,10,1,Urbano,Costa Sur,Ladrillo o Bloque de cemento,Red publica dentro de la vivienda,Hombre,Ocupado,5,3,1.67,46.0,12.0,5.0,0
004423,19,1,Urbano,Selva,Ladrillo o Bloque de cemento,Pozo,Hombre,Ocupado,5,4,1.25,41.0,14.0,5.0,1
004424,8,1,Rural,Costa Sur,Adobe,Pozo,Hombre,Inactivo,7,2,3.5,71.0,3.0,3.0,1
004425,7,1,Rural,Selva,Adobe,Red publica dentro de la vivienda,Hombre,Inactivo,5,4,1.25,66.0,5.0,3.0,1
004426,19,1,Rural,Sierra Centro,Adobe,"Rio, acequia o manantial",Hombre,Ocupado,5,3,1.67,27.0,10.0,7.0,0
004427,14,1,Urbano,Costa Sur,Ladrillo o Bloque de cemento,Red publica dentro de la vivienda,Hombre,Ocupado,3,2,1.5,48.0,9.0,8.0,0
004428,16,1,Urbano,Costa Centro,Ladrillo o Bloque de cemento,Otro,Hombre,Desocupado,3,2,1.5,37.0,11.0,2.0,1
004429,9,1,Urbano,Costa Sur,Ladrillo o Bloque de cemento,Red publica dentro de la vivienda,Hombre,Ocupado,4,4,1.0,31.0,,,0
004430,6,1,Urbano,Costa Norte,Ladrillo o Bloque de cemento,Red publica dentro de la vivienda,Hombre,Ocupado,4,4,1.0,18.0,3.0,1.0,0
004431,14,1,Rural,Sierra Norte,Ladrillo o Bloque de cemento,"Rio, acequia o manantial",Hombre,Ocupado,7,4,1.75,43.0,6.0,3.0,0
004432,6,1,Urbano,Lima Metropolitana,Ladrillo o Bloque de cemento,Red publica dentro de la vivienda,Hombre,Ocupado,5,4,1.25,45.0,11.0,6.0,0
004433,1,1,Urbano,Lima Metropolitana,Ladrillo o Bloque de cemento,Red publica dentro de la vivienda,Hombre,Inactivo,4,2,2.0,67.0,12.0,6.0,1
004434,8,1,Urbano,Sierra Centro,Madera,Red publica dentro de la vivienda,Hombre,Ocupado,3,2,1.5,63.0,9.0,1.0,0
004435,1,1,Urbano,Selva,Ladrillo o Bloque de cemento,Red publica dentro de la vivienda,Hombre,Ocupado,5,2,2.5,55.0,7.0,5.0,0
004436,12,1,Urbano,Selva,Ladrillo o Bloque de cemento,Red publica dentro de la vivienda,Mujer,Ocupado,2,2,1.0,58.0,8.0,2.0,0
004437,5,1,Urbano,Lima Metropolitana,Ladrillo o Bloque de cemento,Red publica dentro de la vivienda,Hombre,Ocupado,3,2,1.5,60.0,11.0,4.0,0
004438,10,1,Rural,Costa Sur,Madera,,Mujer,Ocupado,3,2,1.5,55.0,8.0,3.0,0
004439,1,1,Rural,Sierra Norte,Adobe,"Rio, acequia o manantial",Mujer,Inactivo,3,2,1.5,67.0,5.0,2.0,0
004440,9,1,Rural,Sierra Norte,Adobe,Red publica dentro de la vivienda,Mujer,Desocupado,2,2,1.0,30.0,7.0,6.0,0
004441,11,1,Urbano,Costa Norte,Ladrillo o Bloque de cemento,Red publica dentro de la vivienda,Mujer,Ocupado,8,5,1.6,41.0,12.0,5.0,1
004442,12,1,Urbano,Sierra Norte,Adobe,,Mujer,Ocupado,4,2,2.0,39.0,9.0,2.0,1
004443,7,1,Urbano,Lima Metropolitana,Madera,Red publica dentro de la vivienda,Hombre,Ocupado,7,6,1.17,40.0,16.0,2.0,0
004444,16,1,Urbano,Lima Metropolitana,Ladrillo o Bloque de cemento,Red publica dentro de la vivienda,Mujer,Ocupado,4,4,1.0,46.0,11.0,5.0,0
004445,13,1,Urbano,Costa Centro,,Red publica dentro de la vivienda,Mujer,Inactivo,5,4,1.25,71.0,9.0,1.0,1
004446,15,1,Rural,Sierra Sur,Ladrillo o Bloque de cemento,"Rio, acequia o manantial",Hombre,Ocupado,6,3,2.0,61.0,10.0,1.0,0
004447,11,1,Urbano,Sierra Centro,Madera,Red publica dentro de la vivienda,Hombre,Inactivo,2,2,1.0,65.0,11.0,6.0,0
004448,4,1,Urbano,Sierra Sur,Ladrillo o Bloque de cemento,Red publica dentro de la vivienda,Hombre,Ocupado,8,4,2.0,47.0,3.0,3.0,1
004449,7,1,Urbano,Selva,Ladrillo o Bloque de cemento,Red publica dentro de la vivienda,Hombre,Ocupado,2,1,2.0,46.0,2.0,3.0,0
004450,19,1,Urbano,Costa Norte,Ladrillo o Bloque de cemento,"Rio, acequia o manantial",Hombre,Ocupado,5,4,1.25,56.0,16.0,5.0,0
004451,9,1,Urbano,Lima Metropolitana,Ladrillo o Bloque de cemento,Red publica dentro de la vivienda,Hombre,Ocupado,4,3,1.33,54.0,13.0,5.0,0
004452,1,1,Urbano,Lima Metropolitana,Ladrillo o Bloque de cemento,Red publica dentro de la vivienda,Hombre,Ocupado,6,3,2.0,54.0,12.0,5.0,0
004453,8,1,Urbano,Lima Metropolitana,Ladrillo o Bloque de cemento,Red publica dentro de la vivienda,Hombre,Inactivo,6,4,1.5,80.0,5.0,4.0,1
004454,10,1,Urbano,Lima Metropolitana,Ladrillo o Bloque de cemento,Pozo,Hombre,Ocupado,2,1,2.0,56.0,12.0,4.0,0
004455,16,1,Urbano,Selva,Ladrillo o Bloque de cemento,Red publica dentro de la vivienda,Hombre,Ocupado,4,2,2.0,37.0,8.0,3.0,0
004456,8,1,Urbano,Sierra Centro,Ladrillo o Bloque de cemento,Red publica dentro de la vivienda,Mujer,Ocupado,4,3,1.33,38.0,10.0,5.0,0
004457,9,1,Urbano,Costa Centro,Madera,Red publica dentro de la vivienda,Hombre,Ocupado,4,1,4.0,60.0,9.0,2.0,1
004458,5,1,Rural,Selva,Adobe,Red publica dentro de la vivienda,Hombre,Ocupado,6,5,1.2,59.0,6.0,5.0,0
004459,10,1,Urbano,Costa Norte,Adobe,Red publica dentro de la vivienda,Mujer,Ocupado,3,2,1.5,62.0,12.0,3.0,0
004460,19,1,Urbano,Lima Metropolitana,Ladrillo o Bloque de cemento,Red publica dentro de la vivienda,Hombre,Ocupado,4,3,1.33,55.0,14.0,8.0,0
004461,9,1,Urbano,Sierra Sur,Ladrillo o Bloque de cemento,Red publica dentro de la vivienda,Hombre,Ocupado,3,2,1.5,33.0,11.0,1.0,0
004462,6,1,Rural,Sierra Sur,Adobe,Red publica dentro de la vivienda,Mujer,Inactivo,4,3,1.33,70.0,7.0,5.0,0
004463,7,1,Rural,Sierra Norte,Adobe,Pozo,Hombre,Inactivo,2,2,1.0,67.0,1.0,2.0,0
004464,18,1,Urbano,Lima Metropolitana,Ladrillo o Bloque de cemento,Red publica dentro de la vivienda,Hombre,Ocupado,5,3,1.67,43.0,12.0,4.0,0
004465,7,1,Urbano,Costa Centro,Ladrillo o Bloque de cemento,Red publica dentro de la vivienda,Hombre,Desocupado,5,2,2.5,53.0,12.0,3.0,1
004466,3,1,Urbano,Costa Centro,Ladrillo o Bloque de cemento,Red publica dentro de la vivienda,Mujer,Ocupado,6,5,1.2,51.0,11.0,4.0,0
004467,12,1,Urbano,Costa Centro,Ladrillo o Bloque de cemento,Red publica dentro de la vivienda,Hombre,Ocupado,3,2,1.5,43.0,16.0,3.0,0
004468,10,1,Urbano,Lima Metropolitana,Adobe,Otro,Mujer,Ocupado,5,4,1.25,32.0,12.0,8.0,0
004469,16,1,Urbano,Lima Metropolitana,Ladrillo o Bloque de cemento,Red publica dentro de la vivienda,Hombre,Ocupado,6,4,1.5,56.0,8.0,4.0,0
004470,6,1,Urbano,Costa Sur,Adobe,Red publica dentro de la vivienda,Mujer,Ocupado,6,3,2.0,27.0,11.0,4.0,0
004471,6,1,Urbano,Lima Metropolitana,Ladrillo o Bloque de cemento,Red publica dentro de la vivienda,Hombre,Ocupado,3,2,1.5,40.0,11.0,2.0,0
004472,4,1,Rural,Sierra Norte,Adobe,"Rio, acequia o manantial",Mujer,Inactivo,6,3,2.0,72.0,1.0,4.0,1
004473,18,1,Urbano,Lima Metropolitana,Ladrillo o Bloque de cemento,Red publica dentro de la vivienda,Hombre,Desocupado,3,2,1.5,54.0,12.0,4.0,1
004474,3,1,Rural,Costa Norte,Ladrillo o Bloque de cemento,Red publica dentro de la vivienda,Hombre,Ocupado,2,2,1.0,53.0,11.0,7.0,1
004475,14,1,Urbano,Sierra Sur,Ladrillo o Bloque de cemento,Otro,Hombre,Ocupado,9,4,2.25,44.0,10.0,7.0,0
004476,1,1,Urbano,Lima Metropolitana,Ladrillo o Bloque de cemento,Red publica dentro de la vivienda,Hombre,Ocupado,2,1,2.0,26.0,16.0,3.0,0
004477,19,1,Urbano,Selva,Ladrillo o Bloque de cemento,Red publica dentro de la vivienda,Hombre,Ocupado,6,4,1.5,54.0,13.0,6.0,1
004478,7,1,Urbano,Costa Sur,Otro material,Red publica dentro de la vivienda,Hombre,Desocupado,6,4,1.5,55.0,18.0,4.0,1
004479,17,1,Urbano,Lima Metropolitana,Ladrillo o Bloque de cemento,Red publica dentro de la vivienda,Hombre,Ocupado,1,1,1.0,59.0,14.0,3.0,0
004480,6,1,Urbano,Lima Metropolitana,Ladrillo o Bloque de cemento,Red publica dentro de la vivienda,Hombre,Ocupado,6,2,3.0,43.0,13.0,7.0,0
004481,17,1,Urbano,Sierra Sur,Ladrillo o Bloque de cemento,Red publica dentro de la vivienda,Hombre,Ocupado,6,4,1.5,42.0,11.0,4.0,0
004482,18,1,Urbano,Lima Metropolitana,Ladrillo o Bloque de cemento,Red publica dentro de la vivienda,Hombre,Ocupado,5,3,1.67,56.0,13.0,5.0,0
004483,6,1,Urbano,Lima Metropolitana,Ladrillo o Bloque de cemento,Red publica dentro de la vivienda,Mujer,Ocupado,9,4,2.25,30.0,12.0,5.0,1
004484,13,1,Urbano,Sierra Norte,Ladrillo o Bloque de cemento,Red publica dentro de la vivienda,Hombre,Ocupado,4,1,4.0,59.0,9.0,6.0,0
004485,10,1,Urbano,Lima Metropolitana,Adobe,Red publica dentro de la vivienda,Hombre,Ocupado,7,4,1.75,46.0,14.0,,0
004486,18,1,Urbano,Sierra Norte,Ladrillo o Bloque de cemento,Red publica dentro de la vivienda,Hombre,Ocupado,7,6,1.17,52.0,9.0,3.0,0
004487,11,1,Urbano,Lima Metropolitana,Ladrillo o Bloque de cemento,Pozo,Hombre,Inactivo,3,1,3.0,80.0,7.0,2.0,1
004488,6,1,Urbano,Costa Centro,Ladrillo o Bloque de cemento,Red publica dentro de la vivienda,Hombre,Ocupado,3,1,3.0,44.0,7.0,4.0,1
004489,6,1,Urbano,Sierra Norte,Ladrillo o Bloque de cemento,Red publica fuera de la vivienda,Mujer,Ocupado,4,1,4.0,50.0,16.0,2.0,0
004490,18,1,Rural,Selva,Otro material,Pozo,Mujer,Ocupado,5,4,1.25,48.0,5.0,,0
004491,18,1,Rural,Selva,Adobe,Red publica dentro de la vivienda,Hombre,Ocupado,9,6,1.5,20.0,9.0,2.0,1
004492,1,1,Urbano,Lima Metropolitana,Madera,Red publica dentro de la vivienda,Mujer,Ocupado,5,2,2.5,57.0,10.0,7.0,0
004493,9,1,Urbano,Lima Metropolitana,Ladrillo o Bloque de cemento,Red publica dentro de la vivienda,Hombre,Ocupado,4,4,1.0,18.0,15.0,5.0,0
004494,11,1,Urbano,Costa Centro,Ladrillo o Bloque de cemento,Pozo,Mujer,Ocupado,4,3,1.33,,12.0,3.0,0
004495,16,1,Urbano,Sierra Norte,Ladrillo o Bloque de cemento,Red publica dentro de la vivienda,Hombre,Ocupado,5,2,2.5,38.0,17.0,3.0,0
004496,17,1,Urbano,Sierra Centro,Ladrillo o Bloque de cemento,Red publica dentro de la vivienda,Mujer,Ocupado,3,1,3.0,38.0,15.0,7.0,0
004497,10,1,Rural,Sierra Sur,Ladrillo o Bloque de cemento,"Rio, acequia o manantial",Hombre,Desocupado,6,3,2.0,47.0,9.0,2.0,1
004498,13,1,Rural,Sierra Sur,Adobe,Red publica dentro de la vivienda,Hombre,Ocupado,1,1,1.0,29.0,5.0,3.0,0
004499,8,1,Urbano,Lima Metropolitana,Ladrillo o Bloque de cemento,Red publica dentro de la vivienda,Mujer,Ocupado,5,2,2.5,46.0,9.0,5.0,0
004500,10,1,Urbano,Lima Metropolitana,Ladrillo o Bloque de cemento,Red publica dentro de la vivienda,Hombre,Ocupado,5,3,1.67,33.0,,4.0,0
004501,15,1,Urbano,Costa Norte,Ladrillo o Bloque de cemento,Red publica dentro de la vivienda,Hombre,Desocupado,7,4,1.75,30.0,,5.0,1
004502,1,1,Rural,Sierra Sur,Madera,Pozo,Mujer,Ocupado,2,2,1.0,45.0,5.0,4.0,0
004503,7,1,Rural,Selva,Adobe,"Rio, acequia o manantial",Hombre,Inactivo,5,2,2.5,65.0,9.0,6.0,1
004504,1,1,Urbano,Sierra Sur,Ladrillo o Bloque de cemento,Red publica dentro de la vivienda,Hombre,Ocupado,5,4,1.25,58.0,11.0,4.0,0
004505,11,1,Urbano,Costa Centro,Ladrillo o Bloque de cemento,Red publica dentro de la vivienda,Hombre,Ocupado,9,4,2.25,40.0,11.0,3.0,1
004506,12,1,Rural,Sierra Centro,Adobe,"Rio, acequia o manantial",Hombre,Ocupado,4,2,2.0,46.0,11.0,2.0,0
004507,16,1,Urbano,Sierra Sur,Ladrillo o Bloque de cemento,Red publica dentro de la vivienda,Hombre,Ocupado,5,4,1.25,40.0,11.0,,0
004508,19,1,Urbano,Costa Sur,Ladrillo o Bloque de cemento,Red publica dentro de la vivienda,Hombre,Ocupado,6,3,2.0,31.0,7.0,6.0,0
004509,19,1,Urbano,Lima Metropolitana,Ladrillo o Bloque de cemento,Red publica dentro de la vivienda,Hombre,Ocupado,6,3,2.0,33.0,16.0,5.0,0
004510,13,1,Urbano,Sierra Norte,Adobe,Red publica fuera de la vivienda,Mujer,Ocupado,5,3,1.67,52.0,12.0,4.0,1
004511,11,1,Rural,Selva,Adobe,Red publica fuera de la vivienda,Mujer,Ocupado,6,3,2.0,38.0,6.0,,1
004512,16,1,Rural,Selva,Adobe,Otro,Hombre,Ocupado,3,2,1.5,47.0,,2.0,0
004513,18,1,Urbano,Lima Metropolitana,Ladrillo o Bloque de cemento,Red publica dentro de la vivienda,Hombre,Ocupado,5,2,2.5,34.0,17.0,4.0,0
004514,6,1,Urbano,Costa Centro,Ladrillo o Bloque de cemento,Red publica dentro de la vivienda,Hombre,Ocupado,2,2,1.0,59.0,16.0,5.0,0
004515,6,1,Urbano,Costa Centro,Ladrillo o Bloque de cemento,Red publica dentro de la vivienda,Hombre,Ocupado,4,3,1.33,57.0,9.0,4.0,0
004516,19,1,Urbano,Sierra Norte,Ladrillo o Bloque de cemento,Red publica dentro de la vivienda,Hombre,Inactivo,1,1,1.0,70.0,12.0,5.0,0
004517,7,1,Rural,Sierra Sur,Otro material,Red publica fuera de la vivienda,Hombre,Inactivo,2,2,1.0,67.0,,5.0,0
004518,13,1,Rural,Sierra Norte,Otro material,Red publica dentro de la vivienda,Mujer,Ocupado,6,3,2.0,35.0,1.0,2.0,1
004519,1,1,Urbano,Lima Metropolitana,Ladrillo o Bloque de cemento,Red publica dentro de la vivienda,Hombre,Ocupado,5,3,1.67,36.0,12.0,4.0,0
004520,5,1,Rural,Sierra Norte,Adobe,"Rio, acequia o manantial",Hombre,Ocupado,4,2,2.0,53.0,1.0,4.0,0
004521,3,1,Urbano,Costa Norte,Madera,Red publica fuera de la vivienda,Mujer,Ocupado,4,2,2.0,36.0,11.0,3.0,0
004522,18,1,Rural,Sierra Sur,Adobe,Red publica dentro de la vivienda,Mujer,Ocupado,4,3,1.33,51.0,14.0,3.0,1
004523,18,1,Urbano,Lima Metropolitana,Madera,Red publica dentro de la vivienda,Hombre,Ocupado,4,3,1.33,43.0,8.0,3.0,0
004524,6,1,Urbano,Lima Metropolitana,Adobe,Red publica dentro de la vivienda,Hombre,Ocupado,4,3,1.33,,18.0,7.0,0
004525,7,1,Urbano,Lima Metropolitana,Ladrillo o Bloque de cemento,Red publica dentro de la vivienda,Hombre,Ocupado,2,2,1.0,61.0,18.0,5.0,0
004526,12,1,Rural,Selva,Madera,Red publica dentro de la vivienda,Hombre,Ocupado,3,2,1.5,44.0,6.0,3.0,0
004527,9,1,Urbano,Lima Metropolitana,Madera,Red publica dentro de la vivienda,Hombre,Ocupado,8,6,1.33,22.0,14.0,8.0,0
004528,17,1,Urbano,Lima Metropolitana,Ladrillo o Bloque de cemento,Pozo,Hombre,Ocupado,4,3,1.33,62.0,12.0,4.0,0
004529,2,1,Urbano,Costa Sur,Ladrillo o Bloque de cemento,Red publica dentro de la vivienda,Hombre,Ocupado,7,5,1.4,39.0,10.0,3.0,1
004530,2,1,Rural,Selva,Adobe,Red publica dentro de la vivienda,Mujer,Ocupado,2,1,2.0,48.0,7.0,5.0,0
004531,7,1,Urbano,Lima Metropolitana,Ladrillo o Bloque de cemento,Red publica dentro de la vivienda,Mujer,Ocupado,4,3,1.33,46.0,10.0,3.0,0
004532,9,1,Urbano,Sierra Norte,Ladrillo o Bloque de cemento,Red publica dentro de la vivienda,Hombre,Ocupado,4,3,1.33,53.0,13.0,3.0,0
004533,11,1,Urbano,Lima Metropolitana,Ladrillo o Bloque de cemento,Red publica dentro de la vivienda,Mujer,Ocupado,7,4,1.75,39.0,13.0,5.0,0
004534,1,1,Rural,Sierra Sur,Adobe,"Rio, acequia o manantial",Hombre,Ocupado,3,2,1.5,32.0,3.0,3.0,0
004535,15,1,Rural,Selva,Ladrillo o Bloque de cemento,"Rio, acequia o manantial",Hombre,Ocupado,5,5,1.0,50.0,9.0,2.0,0
004536,13,1,Urbano,Costa Norte,Ladrillo o Bloque de cemento,Red publica dentro de la vivienda,Hombre,Ocupado,9,5,1.8,60.0,13.0,4.0,1
004537,15,1,Urbano,Lima Metropolitana,Ladrillo o Bloque de cemento,Red publica fuera de la vivienda,Hombre,Ocupado,5,3,1.67,46.0,16.0,3.0,0
004538,2,1,Urbano,Lima Metropolitana,Ladrillo o Bloque de cemento,Red publica dentro de la vivienda,Hombre,Ocupado,4,3,1.33,46.0,11.0,2.0,0
004539,2,1,Urbano,Costa Centro,Ladrillo o Bloque de cemento,,Mujer,Ocupado,3,1,3.0,31.0,14.0,5.0,0
004540,18,1,Urbano,Sierra Centro,Ladrillo o Bloque de cemento,Pozo,Mujer,Ocupado,5,2,2.5,55.0,18.0,5.0,1
004541,19,1,Urbano,Costa Norte,Ladrillo o Bloque de cemento,Red publica dentro de la vivienda,Hombre,Ocupado,4,3,1.33,56.0,11.0,4.0,0
004542,11,1,Urbano,Costa Norte,Ladrillo o Bloque de cemento,Red publica dentro de la vivienda,Mujer,Ocupado,3,2,1.5,46.0,11.0,5.0,0
004543,4,1,Urbano,Lima Metropolitana,Ladrillo o Bloque de cemento,Red publica dentro de la vivienda,Hombre,Ocupado,5,4,1.25,34.0,15.0,5.0,0
004544,1,1,Rural,Sierra Sur,Adobe,"Rio, acequia o manantial",Mujer,Ocupado,6,4,1.5,49.0,0.0,2.0,1
004545,4,1,Rural,Sierra Centro,,"Rio, acequia o manantial",Hombre,Ocupado,6,2,3.0,50.0,2.0,1.0,1
004546,13,1,Urbano,Sierra Norte,Ladrillo o Bloque de cemento,Red publica fuera de la vivienda,Hombre,Desocupado,3,2,1.5,47.0,9.0,3.0,1
004547,5,1,Urbano,Lima Metropolitana,Madera,Red publica dentro de la vivienda,Hombre,Ocupado,3,2,1.5,33.0,11.0,1.0,0
004548,10,1,Rural,Sierra Norte,Adobe,Red publica dentro de la vivienda,Hombre,Ocupado,9,7,1.29,52.0,,5.0,1
004549,9,1,Urbano,Lima Metropolitana,Madera,Red publica dentro de la vivienda,Hombre,Ocupado,5,4,1.25,50.0,13.0,4.0,0
004550,4,1,Rural,Sierra Norte,Adobe,Red publica fuera de la vivienda,Mujer,Ocupado,2,1,2.0,54.0,2.0,3.0,1
004551,11,1,Urbano,Costa Norte,Madera,,Hombre,Ocupado,5,3,1.67,46.0,15.0,4.0,0
004552,19,1,Urbano,Lima Metropolitana,Ladrillo o Bloque de cemento,Red publica dentro de la vivienda,Mujer,Inactivo,5,4,1.25,66.0,14.0,6.0,1
004553,10,1,Urbano,Costa Norte,Ladrillo o Bloque de cemento,Red publica dentro de la vivienda,Hombre,Ocupado,2,2,1.0,48.0,11.0,3.0,0
004554,4,1,Urbano,Lima Metropolitana,Ladrillo o Bloque de cemento,Red publica dentro de la vivienda,Hombre,Inactivo,5,3,1.67,68.0,14.0,4.0,1
004555,18,1,Urbano,Sierra Norte,Madera,Otro,Hombre,Ocupado,4,2,2.0,51.0,9.0,4.0,1
004556,17,1,Urbano,Lima Metropolitana,Ladrillo o Bloque de cemento,Red publica dentro de la vivienda,Mujer,Ocupado,3,1,3.0,32.0,12.0,4.0,0
004557,15,1,Urbano,Lima Metropolitana,Ladrillo o Bloque de cemento,Red publica dentro de la vivienda,Mujer,Ocupado,7,5,1.4,60.0,9.0,7.0,0
004558,10,1,Urbano,Lima Metropolitana,Adobe,Pozo,Mujer,Ocupado,5,3,1.67,43.0,5.0,5.0,0
004559,15,1,Urbano,Costa Norte,Ladrillo o Bloque de cemento,Red publica fuera de la vivienda,Hombre,Desocupado,5,5,1.0,42.0,10.0,2.0,1
004560,4,1,Urbano,Lima Metropolitana,Otro material,Red publica dentro de la vivienda,Hombre,Ocupado,4,3,1.33,63.0,18.0,6.0,0
004561,4,1,Urbano,Lima Metropolitana,Ladrillo o Bloque de cemento,Red publica dentro de la vivienda,Hombre,Ocupado,4,2,2.0,31.0,11.0,4.0,0
004562,7,1,Rural,Sierra Norte,Adobe,Red publica dentro de la vivienda,Hombre,Ocupado,1,1,1.0,23.0,2.0,3.0,0
004563,14,1,Urbano,Sierra Norte,Ladrillo o Bloque de cemento,Red publica dentro de la vivienda,Hombre,Ocupado,5,3,1.67,45.0,,2.0,0
004564,2,1,Urbano,Lima Metropolitana,Madera,Red publica dentro de la vivienda,Hombre,Ocupado,2,1,2.0,52.0,,7.0,0
004565,11,1,Urbano,Costa Centro,Ladrillo o Bloque de cemento,Red publica dentro de la vivienda,Hombre,Ocupado,9,4,2.25,60.0,12.0,7.0,1
004566,9,1,Urbano,Lima Metropolitana,Madera,Red publica dentro de la vivienda,Hombre,Ocupado,6,4,1.5,,15.0,4.0,0
004567,18,1,Urbano,Lima Metropolitana,Ladrillo o Bloque de cemento,Red publica dentro de la vivienda,Hombre,Ocupado,6,5,1.2,18.0,11.0,2.0,0
004568,19,1,Urbano,Costa Norte,Madera,Red publica dentro de la vivienda,Hombre,Ocupado,8,5,1.6,34.0,12.0,2.0,0
004569,8,1,Urbano,Selva,Ladrillo o Bloque de cemento,Red publica dentro de la vivienda,Mujer,Ocupado,3,1,3.0,30.0,11.0,4.0,0
004570,5,1,Urbano,Selva,Ladrillo o Bloque de cemento,Red publica fuera de la vivienda,Mujer,Ocupado,3,1,3.0,22.0,5.0,4.0,1
004571,17,1,Urbano,Sierra Norte,Ladrillo o Bloque de cemento,Red publica dentro de la vivienda,Hombre,Ocupado,2,1,2.0,46.0,9.0,1.0,0
004572,3,1,Urbano,Lima Metropolitana,Ladrillo o Bloque de cemento,Red publica dentro de la vivienda,Mujer,Ocupado,6,5,1.2,55.0,10.0,3.0,0
004573,4,1,Urbano,Costa Centro,Madera,Otro,Mujer,Ocupado,5,2,2.5,62.0,6.0,6.0,1
004574,12,1,Rural,Sierra Centro,Adobe,"Rio, acequia o manantial",Hombre,Ocupado,5,3,1.67,55.0,4.0,6.0,0
004575,2,1,Urbano,Lima Metropolitana,Ladrillo o Bloque de cemento,Red publica dentro de la vivienda,Mujer,Ocupado,4,3,1.33,40.0,15.0,7.0,0
004576,16,1,Urbano,Costa Sur,Ladrillo o Bloque de cemento,Red publica dentro de la vivienda,Hombre,Ocupado,4,2,2.0,63.0,11.0,2.0,0
004577,5,1,Urbano,Lima Metropolitana,Ladrillo o Bloque de cemento,Red publica dentro de la vivienda,Hombre,Ocupado,7,7,1.0,,7.0,3.0,0
004578,11,1,Urbano,Costa Norte,Ladrillo o Bloque de cemento,Red publica dentro de la vivienda,Mujer,Ocupado,6,4,1.5,49.0,7.0,4.0,0
004579,2,1,Rural,Sierra Sur,Otro material,Red publica fuera de la vivienda,Mujer,Ocupado,3,3,1.0,39.0,7.0,3.0,0
004580,6,1,Urbano,Costa Norte,Ladrillo o Bloque de cemento,Otro,Mujer,Ocupado,3,2,1.5,45.0,11.0,8.0,0
004581,12,1,Urbano,Lima Metropolitana,Adobe,Red publica dentro de la vivienda,Mujer,Ocupado,1,1,1.0,42.0,11.0,6.0,0
004582,8,1,Urbano,Lima Metropolitana,Ladrillo o Bloque de cemento,Red publica dentro de la vivienda,Mujer,Ocupado,2,1,2.0,29.0,15.0,5.0,0
004583,13,1,Urbano,Lima Metropolitana,Ladrillo o Bloque de cemento,Red publica dentro de la vivienda,Hombre,Ocupado,9,5,1.8,57.0,,4.0,1
004584,15,1,Urbano,Lima Metropolitana,Ladrillo o Bloque de cemento,Red publica fuera de la vivienda,Hombre,Ocupado,7,6,1.17,50.0,11.0,5.0,0
004585,16,1,Urbano,Lima Metropolitana,Ladrillo o Bloque de cemento,Red publica dentro de la vivienda,Mujer,Ocupado,6,5,1.2,59.0,10.0,2.0,0
004586,15,1,Urbano,Lima Metropolitana,Ladrillo o Bloque de cemento,Red publica dentro de la vivienda,Hombre,Ocupado,5,3,1.67,38.0,12.0,4.0,0
004587,17,1,Rural,Selva,Adobe,"Rio, acequia o manantial",Hombre,Ocupado,7,4,1.75,58.0,0.0,3.0,1
004588,2,1,Urbano,Lima Metropolitana,Ladrillo o Bloque de cemento,Red publica dentro de la vivienda,Hombre,Ocupado,4,4,1.0,26.0,13.0,4.0,0
004589,11,1,Urbano,Lima Metropolitana,Ladrillo o Bloque de cemento,Pozo,Hombre,Ocupado,4,4,1.0,56.0,8.0,3.0,0
004590,14,1,Urbano,Lima Metropolitana,Ladrillo o Bloque de cemento,Red publica dentro de la vivienda,Mujer,Ocupado,8,5,1.6,57.0,16.0,6.0,0
004591,1,1,Urbano,Costa Sur,Ladrillo o Bloque de cemento,Red publica dentro de la vivienda,Hombre,Ocupado,4,3,1.33,33.0,,3.0,0
004592,5,1,Urbano,Sierra Sur,Ladrillo o Bloque de cemento,Red publica dentro de la vivienda,Hombre,Ocupado,7,3,2.33,64.0,12.0,2.0,0
004593,4,1,Urbano,Lima Metropolitana,Ladrillo o Bloque de cemento,Red publica dentro de la vivienda,Hombre,Inactivo,4,4,1.0,70.0,6.0,2.0,0
004594,19,1,Urbano,Costa Sur,Adobe,Red publica fuera de la vivienda,Hombre,Ocupado,7,5,1.4,40.0,9.0,4.0,0
004595,6,1,Urbano,Costa Sur,Adobe,Pozo,Hombre,Inactivo,5,3,1.67,68.0,12.0,7.0,1
004596,9,1,Urbano,Lima Metropolitana,Ladrillo o Bloque de cemento,Red publica dentro de la vivienda,Hombre,Ocupado,6,2,3.0,24.0,15.0,4.0,0
004597,18,1,Urbano,Sierra Sur,Ladrillo o Bloque de cemento,Red publica dentro de la vivienda,Mujer,Ocupado,7,6,1.17,46.0,14.0,4.0,0
004598,19,1,Urbano,Costa Sur,Ladrillo o Bloque de cemento,Red publica dentro de la vivienda,Hombre,Ocupado,5,1,5.0,18.0,13.0,2.0,1
004599,13,1,Urbano,Sierra Centro,Ladrillo o Bloque de cemento,Red publica dentro de la vivienda,Hombre,Ocupado,4,3,1.33,61.0,14.0,3.0,0
004600,9,1,Rural,Sierra Centro,Adobe,"Rio, acequia o manantial",Hombre,Ocupado,5,4,1.25,27.0,9.0,4.0,0
004601,6,1,Urbano,Lima Metropolitana,Ladrillo o Bloque de cemento,Red publica dentro de la vivienda,Mujer,Ocupado,1,1,1.0,21.0,11.0,3.0,0
004602,9,1,Urbano,Lima Metropolitana,Adobe,Red publica dentro de la vivienda,Hombre,Ocupado,3,2,1.5,52.0,11.0,5.0,0
004603,4,1,Urbano,Lima Metropolitana,Ladrillo o Bloque de cemento,Red publica dentro de la vivienda,Hombre,Ocupado,2,1,2.0,63.0,15.0,6.0,0
004604,8,1,Urbano,Lima Metropolitana,Adobe,Red publica dentro de la vivienda,Mujer,Ocupado,5,3,1.67,42.0,16.0,6.0,0
004605,16,1,Urbano,Lima Metropolitana,Adobe,Pozo,Hombre,Ocupado,4,2,2.0,50.0,12.0,6.0,0
004606,6,1,Urbano,Sierra Norte,Ladrillo o Bloque de cemento,Red publica dentro de la vivienda,Mujer,Inactivo,3,2,1.5,73.0,9.0,3.0,0
004607,1,1,Urbano,Lima Metropolitana,Ladrillo o Bloque de cemento,Red publica dentro de la vivienda,Hombre,Ocupado,3,2,1.5,35.0,11.0,4.0,0
004608,15,1,Urbano,Costa Sur,Ladrillo o Bloque de cemento,Red publica dentro de la vivienda,Hombre,Ocupado,4,3,1.33,34.0,8.0,5.0,0
004609,1,1,Urbano,Costa Centro,Ladrillo o Bloque de cemento,Red publica dentro de la vivienda,Hombre,Ocupado,2,1,2.0,63.0,12.0,5.0,0
004610,9,1,Urbano,Lima Metropolitana,Ladrillo o Bloque de cemento,Red publica dentro de la vivienda,Hombre,Ocupado,3,2,1.5,51.0,16.0,4.0,0
004611,4,1,Urbano,Lima Metropolitana,Ladrillo o Bloque de cemento,Pozo,Hombre,Inactivo,8,4,2.0,68.0,14.0,5.0,1
004612,13,1,Rural,Sierra Norte,Adobe,Red publica fuera de la vivienda,Hombre,Ocupado,9,6,1.5,30.0,6.0,3.0,1
004613,3,1,Urbano,Lima Metropolitana,Ladrillo o Bloque de cemento,Pozo,Hombre,Ocupado,5,4,1.25,23.0,18.0,6.0,0
004614,15,1,Urbano,Sierra Sur,Ladrillo o Bloque de cemento,,Mujer,Ocupado,6,4,1.5,28.0,11.0,,0
004615,7,1,Rural,Sierra Norte,Madera,Pozo,Hombre,Desocupado,8,7,1.14,58.0,11.0,4.0,1
004616,16,1,Urbano,Sierra Norte,Ladrillo o Bloque de cemento,Red publica dentro de la vivienda,Hombre,Inactivo,1,1,1.0,65.0,7.0,5.0,0
004617,1,1,Urbano,Costa Centro,Ladrillo o Bloque de cemento,Red publica dentro de la vivienda,Hombre,Ocupado,7,4,1.75,63.0,12.0,3.0,0
004618,18,1,Urbano,Selva,Ladrillo o Bloque de cemento,Red publica dentro de la vivienda,Mujer,Ocupado,5,2,2.5,56.0,8.0,1.0,1
004619,10,1,Rural,Sierra Sur,Adobe,Red publica fuera de la vivienda,Hombre,Inactivo,5,3,1.67,66.0,4.0,3.0,1
004620,4,1,Urbano,Selva,Ladrillo o Bloque de cemento,Red publica dentro de la vivienda,Hombre,Ocupado,2,2,1.0,39.0,8.0,4.0,0
004621,3,1,Urbano,Costa Sur,Ladrillo o Bloque de cemento,Red publica dentro de la vivienda,Hombre,Ocupado,2,2,1.0,20.0,11.0,2.0,0
004622,11,1,Urbano,Lima Metropolitana,Ladrillo o Bloque de cemento,Red publica dentro de la vivienda,Hombre,Ocupado,3,2,1.5,25.0,11.0,8.0,0
004623,13,1,Urbano,Lima Metropolitana,Ladrillo o Bloque de cemento,Red publica dentro de la vivienda,Hombre,Desocupado,7,3,2.33,28.0,6.0,1.0,1
004624,10,1,Urbano,Lima Metropolitana,Ladrillo o Bloque de cemento,Red publica dentro de la vivienda,Hombre,Ocupado,5,3,1.67,21.0,11.0,4.0,0
004625,5,1,Urbano,Costa Centro,Ladrillo o Bloque de cemento,Pozo,Hombre,Ocupado,7,4,1.75,29.0,9.0,3.0,0
004626,18,1,Urbano,Lima Metropolitana,Ladrillo o Bloque de cemento,Red publica dentro de la vivienda,Mujer,Ocupado,3,1,3.0,35.0,7.0,6.0,0
004627,18,1,Urbano,Lima Metropolitana,Ladrillo o Bloque de cemento,Red publica dentro de la vivienda,Hombre,Ocupado,7,4,1.75,56.0,14.0,4.0,0
004628,16,1,Rural,Sierra Centro,,"Rio, acequia o manantial",Hombre,Ocupado,5,4,1.25,52.0,9.0,6.0,0
004629,3,1,Urbano,Costa Sur,Madera,Red publica dentro de la vivienda,Hombre,Inactivo,5,4,1.25,69.0,13.0,6.0,0
004630,12,1,Urbano,Sierra Norte,Ladrillo o Bloque de cemento,Otro,Hombre,Ocupado,6,2,3.0,31.0,16.0,5.0,0
004631,2,1,Rural,Sierra Norte,Adobe,Pozo,Hombre,Ocupado,5,3,1.67,53.0,3.0,3.0,0
004632,6,1,Urbano,Sierra Sur,Ladrillo o Bloque de cemento,Red publica dentro de la vivienda,Mujer,Inactivo,6,4,1.5,66.0,7.0,4.0,1
004633,18,1,Urbano,Sierra Norte,Ladrillo o Bloque de cemento,Red publica fuera de la vivienda,Hombre,Ocupado,5,4,1.25,41.0,11.0,5.0,0
004634,9,1,Rural,Sierra Norte,Madera,"Rio, acequia o manantial",Mujer,Ocupado,1,1,1.0,42.0,6.0,3.0,0
004635,18,1,Urbano,Lima Metropolitana,Ladrillo o Bloque de cemento,Otro,Hombre,Inactivo,5,4,1.25,67.0,13.0,4.0,0
004636,15,1,Urbano,Costa Norte,Adobe,Red publica dentro de la vivienda,Hombre,Ocupado,3,1,3.0,43.0,14.0,7.0,0
004637,12,1,Rural,Sierra Centro,Ladrillo o Bloque de cemento,Red publica dentro de la vivienda,Mujer,Inactivo,8,5,1.6,68.0,6.0,7.0,1
004638,17,1,Urbano,Lima Metropolitana,Ladrillo o Bloque de cemento,Red publica fuera de la vivienda,Hombre,Ocupado,8,3,2.67,27.0,16.0,2.0,0
004639,8,1,Urbano,Costa Centro,Ladrillo o Bloque de cemento,Red publica dentro de la vivienda,Mujer,Inactivo,2,2,1.0,71.0,,6.0,0
004640,4,1,Urbano,Costa Sur,Ladrillo o Bloque de cemento,Red publica dentro de la vivienda,Hombre,Inactivo,6,5,1.2,66.0,9.0,3.0,1
004641,11,1,Urbano,Costa Sur,Ladrillo o Bloque de cemento,Red publica dentro de la vivienda,Hombre,Ocupado,4,1,4.0,35.0,7.0,3.0,1
004642,3,1,Urbano,Costa Norte,Ladrillo o Bloque de cemento,Red publica dentro de la vivienda,Hombre,Ocupado,3,2,1.5,44.0,0.0,2.0,1
004643,12,1,Rural,Sierra Sur,Madera,Red publica dentro de la vivienda,Hombre,Ocupado,4,2,2.0,31.0,1.0,1.0,0
004644,6,1,Urbano,Costa Norte,Ladrillo o Bloque de cemento,Red publica dentro de la vivienda,Mujer,Ocupado,9,6,1.5,41.0,14.0,3.0,1
004645,15,1,Rural,Sierra Norte,Madera,Red publica dentro de la vivienda,Hombre,Ocupado,5,4,1.25,26.0,10.0,5.0,0
004646,17,1,Urbano,Lima Metropolitana,Ladrillo o Bloque de cemento,Red publica dentro de la vivienda,Hombre,Ocupado,3,1,3.0,23.0,8.0,4.0,0
004647,6,1,Urbano,Lima Metropolitana,Otro material,Red publica dentro de la vivienda,Hombre,Ocupado,4,4,1.0,30.0,15.0,6.0,0
004648,14,1,Urbano,Costa Sur,Ladrillo o Bloque de cemento,Red publica fuera de la vivienda,Mujer,Ocupado,1,1,1.0,63.0,3.0,1.0,0
004649,9,1,Rural,Sierra Norte,Adobe,Pozo,Hombre,Ocupado,3,1,3.0,22.0,3.0,7.0,1
004650,6,1,Rural,Sierra Sur,Madera,Red publica dentro de la vivienda,Hombre,Inactivo,3,2,1.5,67.0,5.0,5.0,0
004651,13,1,Urbano,Lima Metropolitana,Ladrillo o Bloque de cemento,Pozo,Hombre,Ocupado,6,3,2.0,61.0,16.0,3.0,0
004652,4,1,Urbano,Lima Metropolitana,Adobe,Red publica dentro de la vivienda,Mujer,Inactivo,4,3,1.33,66.0,18.0,5.0,0
004653,9,1,Rural,Costa Centro,Madera,"Rio, acequia o manantial",Hombre,Ocupado,5,4,1.25,53.0,5.0,3.0,1
004654,17,1,Urbano,Costa Centro,Ladrillo o Bloque de cemento,Pozo,Mujer,Inactivo,8,6,1.33,71.0,11.0,1.0,1
004655,10,1,Rural,Sierra Sur,Ladrillo o Bloque de cemento,Red publica fuera de la vivienda,Mujer,Ocupado,4,3,1.33,28.0,10.0,3.0,0
004656,17,1,Urbano,Lima Metropolitana,Ladrillo o Bloque de cemento,Red publica dentro de la vivienda,Mujer,Inactivo,6,5,1.2,67.0,18.0,6.0,0
004657,17,1,Urbano,Lima Metropolitana,Ladrillo o Bloque de cemento,Pozo,Hombre,Inactivo,4,4,1.0,90.0,16.0,4.0,1
004658,7,1,Urbano,Costa Centro,Adobe,Red publica dentro de la vivienda,Hombre,Ocupado,5,1,5.0,44.0,7.0,5.0,1
004659,17,1,Urbano,Selva,Ladrillo o Bloque de cemento,Red publica dentro de la vivienda,Hombre,Ocupado,6,2,3.0,47.0,14.0,7.0,0
004660,1,1,Urbano,Costa Centro,Ladrillo o Bloque de cemento,Red publica dentro de la vivienda,Hombre,Ocupado,4,4,1.0,35.0,9.0,5.0,0
004661,19,1,Urbano,Lima Metropolitana,Ladrillo o Bloque de cemento,Red publica dentro de la vivienda,Hombre,Ocupado,4,3,1.33,49.0,17.0,5.0,0
004662,3,1,Urbano,Lima Metropolitana,Ladrillo o Bloque de cemento,Red publica fuera de la vivienda,Mujer,Ocupado,4,2,2.0,51.0,15.0,4.0,0
004663,17,1,Rural,Sierra Sur,Ladrillo o Bloque de cemento,Red publica dentro de la vivienda,Hombre,Ocupado,1,1,1.0,18.0,3.0,1.0,0
004664,3,1,Urbano,Costa Norte,Adobe,Red publica dentro de la vivienda,Mujer,Ocupado,5,3,1.67,57.0,15.0,4.0,0
004665,5,1,Rural,Selva,Adobe,Pozo,Mujer,Ocupado,2,2,1.0,64.0,8.0,5.0,0
004666,8,1,Rural,Sierra Centro,Madera,"Rio, acequia o manantial",Hombre,Ocupado,8,6,1.33,36.0,8.0,4.0,1
004667,13,1,Urbano,Lima Metropolitana,Ladrillo o Bloque de cemento,Red publica dentro de la vivienda,Mujer,Ocupado,4,2,2.0,42.0,13.0,3.0,0
004668,2,1,Urbano,Sierra Centro,Madera,Red publica dentro de la vivienda,Mujer,Ocupado,6,5,1.2,60.0,9.0,2.0,0
004669,17,1,Urbano,Lima Metropolitana,Ladrillo o Bloque de cemento,Red publica dentro de la vivienda,Hombre,Ocupado,2,1,2.0,35.0,14.0,4.0,0
004670,11,1,Urbano,Sierra Norte,Ladrillo o Bloque de cemento,Red publica dentro de la vivienda,Mujer,Ocupado,5,3,1.67,58.0,18.0,3.0,0
004671,1,1,Urbano,Costa Centro,Ladrillo o Bloque de cemento,Red publica dentro de la vivienda,Mujer,Ocupado,5,4,1.25,,17.0,7.0,0
004672,1,1,Urbano,Sierra Norte,Ladrillo o Bloque de cemento,"Rio, acequia o manantial",Hombre,Inactivo,3,2,1.5,81.0,10.0,2.0,0
004673,2,1,Rural,Costa Norte,Adobe,"Rio, acequia o manantial",Mujer,Ocupado,7,3,2.33,46.0,0.0,8.0,0
004674,7,1,Urbano,Sierra Norte,Otro material,Red publica dentro de la vivienda,Hombre,Ocupado,4,2,2.0,41.0,9.0,7.0,0
004675,7,1,Urbano,Lima Metropolitana,Ladrillo o Bloque de cemento,Red publica dentro de la vivienda,Hombre,Ocupado,6,3,2.0,51.0,,6.0,0
004676,13,1,Urbano,Costa Centro,Ladrillo o Bloque de cemento,Red publica dentro de la vivienda,Hombre,Ocupado,5,3,1.67,50.0,12.0,4.0,0
004677,13,1,Rural,Costa Centro,Adobe,Red publica fuera de la vivienda,Mujer,Inactivo,6,3,2.0,71.0,9.0,1.0,1
004678,11,1,Urbano,Costa Centro,Otro material,Red publica dentro de la vivienda,Mujer,Inactivo,2,2,1.0,70.0,,5.0,1
004679,18,1,Urbano,Costa Norte,Ladrillo o Bloque de cemento,Red publica dentro de la vivienda,Hombre,Ocupado,3,3,1.0,38.0,13.0,8.0,0
004680,2,1,Urbano,Lima Metropolitana,Madera,Red publica fuera de la vivienda,Mujer,Ocupado,4,2,2.0,45.0,10.0,3.0,0
004681,17,1,Urbano,Lima Metropolitana,Ladrillo o Bloque de cemento,Red publica dentro de la vivienda,Mujer,Ocupado,2,2,1.0,38.0,11.0,1.0,0
004682,9,1,Urbano,Costa Norte,Ladrillo o Bloque de cemento,Red publica dentro de la vivienda,Mujer,Ocupado,3,1,3.0,36.0,8.0,6.0,0
004683,13,1,Urbano,Lima Metropolitana,Ladrillo o Bloque de cemento,Red publica dentro de la vivienda,Hombre,Ocupado,4,1,4.0,18.0,13.0,7.0,0
004684,9,1,Urbano,Lima Metropolitana,Ladrillo o Bloque de cemento,Pozo,Hombre,Inactivo,6,5,1.2,72.0,15.0,5.0,1
004685,17,1,Urbano,Lima Metropolitana,Ladrillo o Bloque de cemento,,Mujer,Ocupado,5,4,1.25,39.0,16.0,8.0,0
004686,8,1,Rural,Sierra Centro,Otro material,Red publica dentro de la vivienda,Mujer,Ocupado,8,5,1.6,42.0,0.0,3.0,1
004687,14,1,Urbano,Sierra Norte,Ladrillo o Bloque de cemento,Red publica fuera de la vivienda,Hombre,Inactivo,6,3,2.0,87.0,13.0,6.0,1
004688,10,1,Rural,Sierra Sur,Adobe,Red publica dentro de la vivienda,Mujer,Ocupado,7,4,1.75,39.0,3.0,4.0,0
004689,12,1,Urbano,Lima Metropolitana,Ladrillo o Bloque de cemento,Red publica dentro de la vivienda,Hombre,Ocupado,4,3,1.33,45.0,14.0,5.0,0
004690,2,1,Urbano,Lima Metropolitana,Ladrillo o Bloque de cemento,"Rio, acequia o manantial",Hombre,Ocupado,3,3,1.0,52.0,9.0,4.0,0
004691,2,1,Rural,Sierra Sur,Madera,Red publica dentro de la vivienda,Hombre,Ocupado,3,1,3.0,53.0,9.0,2.0,1
004692,9,1,Urbano,Sierra Norte,Madera,Red publica dentro de la vivienda,Mujer,Ocupado,5,3,1.67,39.0,9.0,2.0,1
004693,19,1,Urbano,Lima Metropolitana,Ladrillo o Bloque de cemento,Red publica dentro de la vivienda,Hombre,Ocupado,4,2,2.0,64.0,10.0,5.0,0
004694,10,1,Urbano,Lima Metropolitana,Madera,Pozo,Mujer,Ocupado,1,1,1.0,50.0,15.0,4.0,0
004695,5,1,Urbano,Sierra Centro,Ladrillo o Bloque de cemento,Red publica dentro de la vivienda,Hombre,Desocupado,6,4,1.5,50.0,9.0,3.0,0
004696,19,1,Urbano,Lima Metropolitana,Ladrillo o Bloque de cemento,Red publica dentro de la vivienda,Hombre,Ocupado,3,2,1.5,39.0,16.0,5.0,0
004697,11,1,Urbano,Sierra Centro,Adobe,Red publica dentro de la vivienda,Hombre,Ocupado,6,3,2.0,46.0,13.0,3.0,0
004698,13,1,Urbano,Sierra Sur,Ladrillo o Bloque de cemento,Red publica dentro de la vivienda,Hombre,Ocupado,3,1,3.0,62.0,11.0,4.0,0
004699,16,1,Urbano,Selva,Ladrillo o Bloque de cemento,Red publica dentro de la vivienda,Hombre,Ocupado,4,3,1.33,62.0,10.0,2.0,0
004700,5,1,Urbano,Lima Metropolitana,Ladrillo o Bloque de cemento,Red publica dentro de la vivienda,Mujer,Ocupado,7,2,3.5,42.0,17.0,5.0,0
004701,17,1,Urbano,Lima Metropolitana,Ladrillo o Bloque de cemento,Red publica fuera de la vivienda,Hombre,Ocupado,6,5,1.2,37.0,15.0,4.0,0
004702,4,1,Urbano,Sierra Sur,Ladrillo o Bloque de cemento,Red publica dentro de la vivienda,Hombre,Ocupado,6,3,2.0,60.0,16.0,5.0,0
004703,2,1,Urbano,Sierra Centro,Ladrillo o Bloque de cemento,Red publica dentro de la vivienda,Hombre,Ocupado,3,3,1.0,52.0,5.0,3.0,0
004704,2,1,Urbano,Sierra Centro,,Red publica dentro de la vivienda,Hombre,Ocupado,3,3,1.0,60.0,10.0,3.0,0
004705,8,1,Urbano,Costa Centro,Ladrillo o Bloque de cemento,Red publica dentro de la vivienda,Hombre,Desocupado,4,4,1.0,34.0,10.0,4.0,0
004706,5,1,Urbano,Sierra Norte,Ladrillo o Bloque de cemento,Red publica dentro de la vivienda,Mujer,Ocupado,5,3,1.67,48.0,13.0,2.0,1
004707,16,1,Urbano,Costa Norte,Ladrillo o Bloque de cemento,Red publica dentro de la vivienda,Hombre,Ocupado,8,4,2.0,60.0,8.0,5.0,1
004708,10,1,Rural,Sierra Sur,Madera,Red publica dentro de la vivienda,Hombre,Ocupado,9,8,1.12,38.0,4.0,5.0,0
004709,13,1,Urbano,Costa Centro,Ladrillo o Bloque de cemento,Red publica fuera de la vivienda,Hombre,Inactivo,9,5,1.8,74.0,11.0,5.0,1
004710,18,1,Rural,Sierra Centro,Madera,Red publica fuera de la vivienda,Hombre,Inactivo,4,1,4.0,71.0,0.0,4.0,1
004711,18,1,Urbano,Lima Metropolitana,Ladrillo o Bloque de cemento,Red publica dentro de la vivienda,Hombre,Ocupado,5,2,2.5,45.0,6.0,3.0,0
004712,17,1,Rural,Sierra Norte,Madera,Red publica fuera de la vivienda,Hombre,Ocupado,3,2,1.5,45.0,6.0,3.0,0
004713,18,1,Urbano,Selva,Ladrillo o Bloque de cemento,Red publica dentro de la vivienda,Hombre,Ocupado,4,4,1.0,52.0,18.0,7.0,0
004714,19,1,Urbano,Lima Metropolitana,Ladrillo o Bloque de cemento,Red publica dentro de la vivienda,Hombre,Ocupado,7,4,1.75,50.0,13.0,4.0,0
004715,9,1,Rural,Selva,Adobe,Red publica dentro de la vivienda,Hombre,Inactivo,5,2,2.5,65.0,5.0,4.0,1
004716,9,1,Urbano,Costa Sur,Ladrillo o Bloque de cemento,Red publica dentro de la vivienda,Hombre,Ocupado,3,2,1.5,36.0,12.0,4.0,0
004717,13,1,Urbano,Sierra Centro,Ladrillo o Bloque de cemento,Red publica dentro de la vivienda,Mujer,Ocupado,6,4,1.5,36.0,13.0,3.0,0
004718,15,1,Urbano,Selva,Adobe,Red publica dentro de la vivienda,Hombre,Ocupado,3,2,1.5,52.0,11.0,3.0,0
004719,15,1,Rural,Selva,Ladrillo o Bloque de cemento,Red publica fuera de la vivienda,Mujer,Ocupado,9,4,2.25,55.0,4.0,3.0,0
004720,15,1,Urbano,Costa Centro,Adobe,Red publica dentro de la vivienda,Hombre,Ocupado,5,3,1.67,47.0,6.0,4.0,0
004721,7,1,Rural,Sierra Sur,Adobe,Otro,Hombre,Ocupado,3,1,3.0,61.0,9.0,3.0,1
004722,4,1,Rural,Selva,Adobe,Red publica dentro de la vivienda,Hombre,Inactivo,7,6,1.17,67.0,5.0,6.0,1
004723,8,1,Rural,Sierra Norte,Adobe,Otro,Hombre,Ocupado,3,1,3.0,58.0,8.0,5.0,0
004724,12,1,Urbano,Selva,Ladrillo o Bloque de cemento,Red publica dentro de la vivienda,Mujer,Ocupado,8,5,1.6,53.0,14.0,2.0,0
004725,1,1,Rural,Costa Norte,Adobe,Pozo,Mujer,Ocupado,5,3,1.67,45.0,6.0,4.0,1
004726,11,1,Rural,Sierra Centro,Ladrillo o Bloque de cemento,Red publica dentro de la vivienda,Hombre,Ocupado,2,1,2.0,49.0,2.0,4.0,0
004727,3,1,Urbano,Lima Metropolitana,Ladrillo o Bloque de cemento,Red publica dentro de la vivienda,Hombre,Ocupado,5,4,1.25,29.0,12.0,7.0,0
004728,6,1,Urbano,Sierra Norte,Ladrillo o Bloque de cemento,Red publica dentro de la vivienda,Hombre,Ocupado,4,3,1.33,31.0,11.0,5.0,0
004729,14,1,Rural,Selva,Adobe,"Rio, acequia o manantial",Hombre,Inactivo,6,2,3.0,66.0,8.0,3.0,1
004730,1,1,Urbano,Sierra Sur,Ladrillo o Bloque de cemento,Red publica dentro de la vivienda,Hombre,Inactivo,8,5,1.6,,9.0,5.0,1
004731,10,1,Urbano,Sierra Norte,Ladrillo o Bloque de cemento,Red publica dentro de la vivienda,Hombre,Ocupado,5,4,1.25,29.0,9.0,4.0,1
004732,15,1,Urbano,Lima Metropolitana,Madera,Red publica dentro de la vivienda,Mujer,Ocupado,4,2,2.0,56.0,,4.0,0
004733,17,1,Rural,Sierra Centro,Ladrillo o Bloque de cemento,Red publica dentro de la vivienda,Hombre,Ocupado,3,2,1.5,27.0,8.0,5.0,0
004734,7,1,Urbano,Costa Sur,,Red publica dentro de la vivienda,Mujer,Inactivo,7,4,1.75,71.0,14.0,4.0,1
004735,19,1,Urbano,Lima Metropolitana,Otro material,Red publica fuera de la vivienda,Hombre,Ocupado,4,3,1.33,48.0,18.0,3.0,0
004736,9,1,Urbano,Lima Metropolitana,Ladrillo o Bloque de cemento,Red publica dentro de la vivienda,Mujer,Inactivo,5,4,1.25,83.0,18.0,5.0,1
004737,3,1,Urbano,Lima Metropolitana,Ladrillo o Bloque de cemento,Red publica dentro de la vivienda,Hombre,Ocupado,3,3,1.0,39.0,12.0,2.0,0
004738,18,1,Urbano,Costa Norte,Adobe,"Rio, acequia o manantial",Hombre,Ocupado,3,1,3.0,41.0,9.0,6.0,0
004739,7,1,Urbano,Costa Centro,Ladrillo o Bloque de cemento,Red publica fuera de la vivienda,Hombre,Ocupado,4,3,1.33,54.0,9.0,5.0,0
004740,2,1,Urbano,Lima Metropolitana,Ladrillo o Bloque de cemento,Pozo,Hombre,Desocupado,4,3,1.33,61.0,8.0,6.0,1
004741,19,1,Urbano,Costa Sur,Madera,Otro,Hombre,Ocupado,5,3,1.67,59.0,11.0,6.0,0
004742,7,1,Rural,Costa Sur,Adobe,Otro,Mujer,Ocupado,4,3,1.33,62.0,3.0,5.0,1
004743,17,1,Urbano,Lima Metropolitana,Ladrillo o Bloque de cemento,Red publica dentro de la vivienda,Hombre,Ocupado,4,4,1.0,45.0,9.0,4.0,0
004744,4,1,Urbano,Sierra Norte,Madera,Red publica dentro de la vivienda,Mujer,Ocupado,5,3,1.67,62.0,8.0,3.0,0
004745,5,1,Urbano,Costa Norte,Otro material,Red publica dentro de la vivienda,Hombre,Inactivo,5,2,2.5,79.0,14.0,3.0,1
004746,19,1,Rural,Costa Norte,Ladrillo o Bloque de cemento,Red publica dentro de la vivienda,Mujer,Ocupado,2,2,1.0,59.0,6.0,,0
004747,12,1,Urbano,Sierra Sur,Ladrillo o Bloque de cemento,Red publica dentro de la vivienda,Hombre,Ocupado,4,4,1.0,37.0,7.0,1.0,0
004748,8,1,Rural,Selva,Adobe,Pozo,Hombre,Ocupado,5,4,1.25,54.0,9.0,5.0,0
004749,4,1,Urbano,Lima Metropolitana,Ladrillo o Bloque de cemento,Red publica dentro de la vivienda,Mujer,Ocupado,4,4,1.0,21.0,16.0,3.0,0
004750,19,1,Urbano,Costa Centro,Ladrillo o Bloque de cemento,Red publica dentro de la vivienda,Hombre,Ocupado,5,3,1.67,,10.0,5.0,1
004751,14,1,Urbano,Costa Sur,Ladrillo o Bloque de cemento,Red publica dentro de la vivienda,Hombre,Ocupado,4,2,2.0,,8.0,5.0,1
004752,2,1,Rural,Selva,Ladrillo o Bloque de cemento,Red publica fuera de la vivienda,Hombre,Ocupado,5,1,5.0,58.0,4.0,2.0,1
004753,9,1,Urbano,Sierra Centro,Ladrillo o Bloque de cemento,Red publica dentro de la vivienda,Hombre,Ocupado,8,3,2.67,47.0,12.0,4.0,0
004754,11,1,Rural,Sierra Sur,Ladrillo o Bloque de cemento,"Rio, acequia o manantial",Hombre,Ocupado,3,2,1.5,62.0,9.0,1.0,0
004755,14,1,Urbano,Lima Metropolitana,Ladrillo o Bloque de cemento,Red publica dentro de la vivienda,Hombre,Desocupado,3,1,3.0,49.0,13.0,7.0,1
004756,4,1,Urbano,Selva,Ladrillo o Bloque de cemento,Red publica dentro de la vivienda,Hombre,Inactivo,2,2,1.0,68.0,7.0,3.0,0
004757,7,1,Rural,Sierra Sur,Ladrillo o Bloque de cemento,Pozo,Hombre,Ocupado,2,2,1.0,56.0,10.0,2.0,0
004758,19,1,Urbano,Lima Metropolitana,Adobe,Red publica dentro de la vivienda,Mujer,Ocupado,4,3,1.33,63.0,12.0,4.0,1
004759,1,1,Urbano,Costa Norte,Otro material,,Hombre,Ocupado,5,4,1.25,43.0,10.0,2.0,0
004760,14,1,Urbano,Lima Metropolitana,Otro material,Red publica dentro de la vivienda,Hombre,Ocupado,3,2,1.5,42.0,14.0,4.0,0
004761,8,1,Urbano,Selva,Adobe,Red publica dentro de la vivienda,Mujer,Ocupado,3,2,1.5,28.0,14.0,7.0,0
004762,5,1,Urbano,Selva,Madera,Red publica dentro de la vivienda,Mujer,Ocupado,9,6,1.5,32.0,7.0,2.0,0
004763,9,1,Urbano,Lima Metropolitana,Ladrillo o Bloque de cemento,Red publica dentro de la vivienda,Hombre,Ocupado,2,2,1.0,49.0,8.0,6.0,0
004764,7,1,Urbano,Selva,Ladrillo o Bloque de cemento,Red publica dentro de la vivienda,Mujer,Ocupado,8,4,2.0,49.0,11.0,2.0,1
004765,1,1,Rural,Sierra Sur,,Red publica dentro de la vivienda,Mujer,Ocupado,4,3,1.33,54.0,6.0,3.0,0
004766,4,1,Rural,Sierra Norte,Adobe,Red publica dentro de la vivienda,Mujer,Ocupado,5,3,1.67,38.0,9.0,4.0,0
004767,5,1,Urbano,Lima Metropolitana,Ladrillo o Bloque de cemento,Red publica dentro de la vivienda,Hombre,Ocupado,7,3,2.33,50.0,17.0,6.0,0
004768,8,1,Rural,Selva,Adobe,"Rio, acequia o manantial",Mujer,Inactivo,3,3,1.0,67.0,5.0,7.0,0
004769,7,1,Urbano,Costa Sur,Ladrillo o Bloque de cemento,,Hombre,Ocupado,9,6,1.5,54.0,12.0,8.0,1
004770,8,1,Urbano,Lima Metropolitana,Ladrillo o Bloque de cemento,Red publica dentro de la vivienda,Hombre,Ocupado,6,4,1.5,49.0,14.0,5.0,0
004771,5,1,Urbano,Lima Metropolitana,Ladrillo o Bloque de cemento,"Rio, acequia o manantial",Hombre,Ocupado,3,2,1.5,52.0,14.0,5.0,0
004772,5,1,Rural,Sierra Centro,Ladrillo o Bloque de cemento,Red publica dentro de la vivienda,Mujer,Inactivo,3,2,1.5,65.0,1.0,2.0,1
004773,14,1,Urbano,Costa Norte,Ladrillo o Bloque de cemento,,Hombre,Ocupado,4,2,2.0,50.0,13.0,3.0,0
004774,19,1,Rural,Sierra Sur,Ladrillo o Bloque de cemento,Red publica dentro de la vivienda,Mujer,Ocupado,4,1,4.0,41.0,,2.0,1
004775,16,1,Urbano,Costa Norte,Ladrillo o Bloque de cemento,Red publica dentro de la vivienda,Hombre,Ocupado,5,3,1.67,41.0,13.0,6.0,0
004776,18,1,Rural,Costa Norte,Adobe,,Mujer,Ocupado,6,4,1.5,40.0,3.0,6.0,1
004777,10,1,Rural,Sierra Sur,Madera,Pozo,Mujer,Ocupado,5,4,1.25,40.0,7.0,2.0,1
004778,10,1,Rural,Costa Norte,Adobe,Red publica fuera de la vivienda,Mujer,Ocupado,7,5,1.4,59.0,6.0,1.0,0
004779,4,1,Rural,Sierra Norte,Adobe,Red publica dentro de la vivienda,Hombre,Inactivo,6,4,1.5,72.0,13.0,5.0,1
004780,7,1,Urbano,Lima Metropolitana,Ladrillo o Bloque de cemento,Red publica dentro de la vivienda,Mujer,Ocupado,6,3,2.0,42.0,10.0,3.0,1
004781,11,1,Rural,Sierra Norte,Adobe,"Rio, acequia o manantial",Mujer,Ocupado,4,4,1.0,35.0,3.0,2.0,0
004782,9,1,Urbano,Lima Metropolitana,Ladrillo o Bloque de cemento,"Rio, acequia o manantial",Mujer,Ocupado,4,1,4.0,30.0,17.0,8.0,1
004783,8,1,Urbano,Lima Metropolitana,Ladrillo o Bloque de cemento,Red publica dentro de la vivienda,Hombre,Inactivo,4,2,2.0,72.0,15.0,3.0,1
004784,10,1,Urbano,Selva,Madera,Red publica dentro de la vivienda,Hombre,Ocupado,7,3,2.33,62.0,12.0,3.0,1
004785,17,1,Urbano,Lima Metropolitana,Ladrillo o Bloque de cemento,Red publica dentro de la vivienda,Hombre,Ocupado,5,3,1.67,38.0,11.0,2.0,0
004786,4,1,Urbano,Lima Metropolitana,Otro material,Red publica dentro de la vivienda,Hombre,Ocupado,4,3,1.33,50.0,9.0,,0
004787,3,1,Urbano,Sierra Norte,Ladrillo o Bloque de cemento,Red publica dentro de la vivienda,Hombre,Inactivo,8,3,2.67,68.0,9.0,2.0,1
004788,6,1,Urbano,Lima Metropolitana,Ladrillo o Bloque de cemento,Red publica dentro de la vivienda,Mujer,Ocupado,5,3,1.67,47.0,11.0,2.0,0
004789,11,1,Urbano,Costa Centro,,Pozo,Hombre,Ocupado,6,3,2.0,60.0,9.0,3.0,0
004790,9,1,Urbano,Lima Metropolitana,Ladrillo o Bloque de cemento,Red publica dentro de la vivienda,Hombre,Ocupado,5,5,1.0,46.0,11.0,5.0,0
004791,14,1,Urbano,Sierra Sur,Ladrillo o Bloque de cemento,"Rio, acequia o manantial",Hombre,Ocupado,5,4,1.25,44.0,9.0,3.0,0
004792,1,1,Rural,Costa Norte,Adobe,Red publica fuera de la vivienda,Hombre,Ocupado,7,5,1.4,18.0,9.0,5.0,0
004793,19,1,Rural,Sierra Norte,Ladrillo o Bloque de cemento,"Rio, acequia o manantial",Hombre,Ocupado,6,5,1.2,42.0,2.0,4.0,1
004794,6,1,Rural,Lima Metropolitana,Adobe,Red publica dentro de la vivienda,Hombre,Ocupado,8,5,1.6,40.0,9.0,3.0,1
004795,9,1,Rural,Sierra Norte,Otro material,Otro,Hombre,Ocupado,4,3,1.33,55.0,7.0,8.0,0
004796,5,1,Urbano,Costa Sur,Ladrillo o Bloque de cemento,Red publica dentro de la vivienda,Hombre,Ocupado,6,2,3.0,51.0,11.0,6.0,0
004797,6,1,Urbano,Costa Sur,Adobe,Red publica dentro de la vivienda,Mujer,Ocupado,4,2,2.0,51.0,13.0,4.0,0
004798,4,1,Rural,Sierra Sur,Adobe,Otro,Hombre,Ocupado,4,1,4.0,61.0,8.0,5.0,1
004799,4,1,Urbano,Lima Metropolitana,Ladrillo o Bloque de cemento,Red publica dentro de la vivienda,Mujer,Ocupado,4,3,1.33,18.0,13.0,3.0,0
004800,5,1,Urbano,Lima Metropolitana,Ladrillo o Bloque de cemento,Red publica dentro de la vivienda,Hombre,Ocupado,1,1,1.0,47.0,16.0,5.0,0
004801,3,1,Urbano,Sierra Sur,Ladrillo o Bloque de cemento,Red publica dentro de la vivienda,Mujer,Ocupado,3,2,1.5,32.0,3.0,8.0,0
004802,17,1,Urbano,Costa Sur,Adobe,Red publica dentro de la vivienda,Hombre,Ocupado,2,1,2.0,30.0,18.0,4.0,0
004803,7,1,Rural,Costa Norte,Madera,Red publica dentro de la vivienda,Hombre,Ocupado,9,7,1.29,44.0,10.0,3.0,0
004804,6,1,Rural,Sierra Sur,Adobe,"Rio, acequia o manantial",Hombre,Ocupado,4,1,4.0,48.0,12.0,4.0,1
004805,9,1,Urbano,Lima Metropolitana,Ladrillo o Bloque de cemento,Red publica dentro de la vivienda,Hombre,Desocupado,4,4,1.0,55.0,10.0,2.0,1
004806,7,1,Urbano,Lima Metropolitana,Ladrillo o Bloque de cemento,Red publica dentro de la vivienda,Hombre,Ocupado,3,1,3.0,54.0,13.0,,1
004807,10,1,Urbano,Sierra Centro,Ladrillo o Bloque de cemento,Red publica dentro de la vivienda,Hombre,Ocupado,3,1,3.0,36.0,12.0,4.0,0
004808,4,1,Urbano,Selva,Ladrillo o Bloque de cemento,Red publica dentro de la vivienda,Hombre,Ocupado,6,3,2.0,45.0,10.0,3.0,0
004809,7,1,Urbano,Sierra Sur,Ladrillo o Bloque de cemento,Red publica dentro de la vivienda,Hombre,Inactivo,7,5,1.4,68.0,11.0,7.0,1
004810,5,1,Rural,Selva,Adobe,Red publica dentro de la vivienda,Hombre,Inactivo,5,4,1.25,71.0,7.0,2.0,1
004811,13,1,Urbano,Selva,Madera,Red publica fuera de la vivienda,Hombre,Ocupado,5,4,1.25,44.0,7.0,1.0,0
004812,5,1,Urbano,Lima Metropolitana,Ladrillo o Bloque de cemento,Red publica dentro de la vivienda,Hombre,Ocupado,5,3,1.67,49.0,15.0,4.0,0
004813,11,1,Rural,Selva,Adobe,Pozo,Hombre,Ocupado,2,1,2.0,35.0,9.0,3.0,0
004814,16,1,Urbano,Lima Metropolitana,Ladrillo o Bloque de cemento,Red publica fuera de la vivienda,Mujer,Ocupado,3,1,3.0,62.0,10.0,5.0,0
004815,19,1,Rural,Sierra Sur,Adobe,Red publica fuera de la vivienda,Hombre,Inactivo,4,3,1.33,80.0,2.0,5.0,1
004816,19,1,Urbano,Costa Norte,Adobe,Red publica dentro de la vivienda,Mujer,Ocupado,4,1,4.0,41.0,11.0,4.0,0
004817,10,1,Urbano,Costa Sur,Ladrillo o Bloque de cemento,Red publica dentro de la vivienda,Mujer,Ocupado,4,3,1.33,64.0,8.0,4.0,0
004818,9,1,Urbano,Selva,Ladrillo o Bloque de cemento,Red publica dentro de la vivienda,Hombre,Desocupado,4,3,1.33,58.0,12.0,5.0,1
004819,4,1,Rural,Selva,Adobe,"Rio, acequia o manantial",Mujer,Ocupado,5,3,1.67,46.0,4.0,4.0,1
004820,9,1,Urbano,Selva,Ladrillo o Bloque de cemento,,Hombre,Ocupado,7,7,1.0,38.0,16.0,5.0,0
004821,1,1,Urbano,Lima Metropolitana,Ladrillo o Bloque de cemento,Red publica dentro de la vivienda,Hombre,Inactivo,4,1,4.0,83.0,10.0,4.0,0
004822,7,1,Rural,Sierra Norte,Adobe,"Rio, acequia o manantial",Hombre,Ocupado,5,3,1.67,59.0,4.0,5.0,1
004823,4,1,Urbano,Lima Metropolitana,Ladrillo o Bloque de cemento,Red publica dentro de la vivienda,Hombre,Ocupado,6,5,1.2,61.0,13.0,3.0,0
004824,8,1,Urbano,Lima Metropolitana,Ladrillo o Bloque de cemento,Red publica dentro de la vivienda,Hombre,Ocupado,4,2,2.0,45.0,7.0,7.0,0
004825,13,1,Urbano,Sierra Sur,Ladrillo o Bloque de cemento,Red publica dentro de la vivienda,Hombre,Ocupado,5,4,1.25,49.0,8.0,3.0,1
004826,7,1,Urbano,Sierra Centro,Ladrillo o Bloque de cemento,Red publica dentro de la vivienda,Hombre,Ocupado,2,2,1.0,31.0,6.0,2.0,0
004827,7,1,Urbano,Costa Centro,Ladrillo o Bloque de cemento,Red publica dentro de la vivienda,Hombre,Ocupado,5,3,1.67,59.0,12.0,5.0,0
004828,15,1,Rural,Sierra Sur,Adobe,"Rio, acequia o manantial",Mujer,Desocupado,5,2,2.5,43.0,9.0,3.0,1
004829,4,1,Urbano,Lima Metropolitana,Madera,Red publica dentro de la vivienda,Hombre,Ocupado,4,3,1.33,34.0,11.0,3.0,0
004830,17,1,Urbano,Lima Metropolitana,Ladrillo o Bloque de cemento,Red publica dentro de la vivienda,Mujer,Ocupado,5,3,1.67,36.0,17.0,4.0,0
004831,3,1,Rural,Selva,Adobe,Red publica fuera de la vivienda,Mujer,Inactivo,4,3,1.33,82.0,4.0,2.0,1
004832,11,1,Rural,Sierra Norte,Adobe,"Rio, acequia o manantial",Hombre,Ocupado,2,1,2.0,44.0,5.0,5.0,0
004833,16,1,Urbano,Lima Metropolitana,Ladrillo o Bloque de cemento,Red publica dentro de la vivienda,Hombre,Ocupado,8,3,2.67,53.0,15.0,4.0,0
004834,18,1,Urbano,Lima Metropolitana,Adobe,Red publica dentro de la vivienda,Hombre,Ocupado,6,5,1.2,31.0,15.0,3.0,0
004835,13,1,Rural,Sierra Centro,Adobe,Pozo,Hombre,Ocupado,7,5,1.4,45.0,8.0,1.0,0
004836,8,1,Urbano,Lima Metropolitana,Ladrillo o Bloque de cemento,Red publica dentro de la vivienda,Hombre,Ocupado,2,1,2.0,29.0,16.0,4.0,0
004837,9,1,Urbano,Costa Norte,Adobe,Red publica dentro de la vivienda,Hombre,Desocupado,5,4,1.25,53.0,11.0,5.0,1
004838,8,1,Urbano,Costa Norte,Adobe,Red publica dentro de la vivienda,Hombre,Ocupado,3,3,1.0,35.0,12.0,6.0,0
004839,12,1,Urbano,Costa Centro,Ladrillo o Bloque de cemento,Red publica dentro de la vivienda,Hombre,Ocupado,5,2,2.5,59.0,9.0,2.0,0
004840,12,1,Urbano,Costa Centro,Adobe,Red publica dentro de la vivienda,Hombre,Ocupado,5,4,1.25,23.0,17.0,3.0,1
004841,9,1,Urbano,Lima Metropolitana,Ladrillo o Bloque de cemento,Red publica dentro de la vivienda,Mujer,Ocupado,4,3,1.33,39.0,11.0,5.0,0
004842,19,1,Rural,Sierra Sur,Madera,,Mujer,Desocupado,5,3,1.67,64.0,6.0,7.0,1
004843,15,1,Urbano,Sierra Norte,Madera,Red publica dentro de la vivienda,Mujer,Inactivo,6,3,2.0,69.0,12.0,4.0,1
004844,17,1,Rural,Sierra Sur,Adobe,Pozo,Hombre,Ocupado,3,3,1.0,48.0,9.0,5.0,0
004845,17,1,Rural,Sierra Centro,Adobe,Red publica dentro de la vivienda,Hombre,Ocupado,5,1,5.0,43.0,9.0,3.0,1
004846,7,1,Rural,Sierra Norte,Ladrillo o Bloque de cemento,Red publica dentro de la vivienda,Hombre,Ocupado,2,1,2.0,50.0,0.0,3.0,1
004847,10,1,Urbano,Costa Centro,Madera,Red publica dentro de la vivienda,Hombre,Inactivo,7,6,1.17,77.0,17.0,4.0,1
004848,11,1,Urbano,Lima Metropolitana,Ladrillo o Bloque de cemento,Red publica dentro de la vivienda,Hombre,Ocupado,5,3,1.67,44.0,18.0,3.0,0
004849,18,1,Rural,Costa Centro,Adobe,Red publica dentro de la vivienda,Hombre,Ocupado,6,6,1.0,48.0,11.0,8.0,0
004850,16,1,Urbano,Lima Metropolitana,Ladrillo o Bloque de cemento,Red publica dentro de la vivienda,Mujer,Ocupado,4,3,1.33,33.0,13.0,7.0,0
004851,11,1,Urbano,Costa Sur,Ladrillo o Bloque de cemento,Red publica fuera de la vivienda,Hombre,Ocupado,3,2,1.5,39.0,15.0,4.0,1
004852,4,1,Urbano,Lima Metropolitana,Ladrillo o Bloque de cemento,Red publica dentro de la vivienda,Hombre,Ocupado,5,3,1.67,54.0,13.0,4.0,0
004853,11,1,Urbano,Lima Metropolitana,Ladrillo o Bloque de cemento,Red publica dentro de la vivienda,Mujer,Ocupado,2,1,2.0,61.0,13.0,4.0,0
004854,5,1,Urbano,Costa Centro,Ladrillo o Bloque de cemento,Red publica dentro de la vivienda,Hombre,Ocupado,4,4,1.0,52.0,13.0,2.0,0
004855,11,1,Urbano,Costa Norte,Ladrillo o Bloque de cemento,Red publica dentro de la vivienda,Hombre,Ocupado,6,4,1.5,60.0,13.0,5.0,0
004856,4,1,Urbano,Lima Metropolitana,Adobe,Red publica dentro de la vivienda,Mujer,Ocupado,4,2,2.0,34.0,16.0,7.0,0
004857,4,1,Rural,Sierra Sur,Adobe,"Rio, acequia o manantial",Mujer,Ocupado,4,3,1.33,33.0,0.0,2.0,1
004858,17,1,Urbano,Lima Metropolitana,Ladrillo o Bloque de cemento,Pozo,Hombre,Ocupado,6,3,2.0,59.0,12.0,4.0,0
004859,14,1,Urbano,Costa Norte,Ladrillo o Bloque de cemento,Red publica fuera de la vivienda,Hombre,Ocupado,3,3,1.0,41.0,7.0,5.0,0
004860,1,1,Urbano,Sierra Norte,Ladrillo o Bloque de cemento,Red publica dentro de la vivienda,Hombre,Ocupado,1,1,1.0,32.0,14.0,3.0,0
004861,7,1,Urbano,Selva,Ladrillo o Bloque de cemento,"Rio, acequia o manantial",Hombre,Ocupado,4,2,2.0,51.0,8.0,2.0,0
004862,18,1,Urbano,Lima Metropolitana,Otro material,Red publica dentro de la vivienda,Hombre,Ocupado,1,1,1.0,49.0,12.0,3.0,0
004863,12,1,Rural,Sierra Norte,Adobe,"Rio, acequia o manantial",Hombre,Ocupado,6,5,1.2,45.0,9.0,3.0,1
004864,5,1,Urbano,Lima Metropolitana,Ladrillo o Bloque de cemento,Red publica dentro de la vivienda,Hombre,Inactivo,5,3,1.67,70.0,17.0,7.0,0
004865,6,1,Urbano,Lima Metropolitana,Ladrillo o Bloque de cemento,Red publica dentro de la vivienda,Mujer,Inactivo,5,3,1.67,,15.0,7.0,0
004866,10,1,Urbano,Costa Centro,Ladrillo o Bloque de cemento,Red publica dentro de la vivienda,Mujer,Ocupado,2,1,2.0,61.0,13.0,7.0,0
004867,7,1,Rural,Sierra Norte,Otro material,Otro,Hombre,Ocupado,6,6,1.0,54.0,3.0,3.0,0
004868,5,1,Urbano,Costa Sur,Otro material,Red publica dentro de la vivienda,Mujer,Inactivo,2,1,2.0,67.0,8.0,3.0,0
004869,3,1,Rural,Sierra Sur,Ladrillo o Bloque de cemento,Red publica fuera de la vivienda,Hombre,Ocupado,4,4,1.0,50.0,2.0,3.0,0
004870,10,1,Urbano,Lima Metropolitana,,Otro,Mujer,Ocupado,5,4,1.25,45.0,9.0,7.0,0
004871,9,1,Urbano,Sierra Sur,Ladrillo o Bloque de cemento,Red publica dentro de la vivienda,Mujer,Ocupado,6,5,1.2,40.0,,3.0,0
004872,5,1,Rural,Sierra Norte,Otro material,Red publica fuera de la vivienda,Hombre,Ocupado,4,2,2.0,37.0,10.0,4.0,0
004873,5,1,Urbano,Lima Metropolitana,Ladrillo o Bloque de cemento,Red publica dentro de la vivienda,Mujer,Ocupado,4,4,1.0,,16.0,5.0,0
004874,16,1,Urbano,Selva,Ladrillo o Bloque de cemento,Red publica dentro de la vivienda,Mujer,Ocupado,6,5,1.2,27.0,5.0,6.0,0
004875,11,1,Rural,Selva,Adobe,Red publica dentro de la vivienda,Hombre,Ocupado,3,3,1.0,40.0,6.0,5.0,0
004876,14,1,Rural,Selva,Ladrillo o Bloque de cemento,"Rio, acequia o manantial",Mujer,Ocupado,9,4,2.25,43.0,6.0,4.0,1
004877,11,1,Urbano,Costa Sur,Ladrillo o Bloque de cemento,Red publica dentro de la vivienda,Hombre,Ocupado,3,2,1.5,28.0,4.0,4.0,1
004878,16,1,Urbano,Lima Metropolitana,Ladrillo o Bloque de cemento,Red publica dentro de la vivienda,Hombre,Ocupado,2,1,2.0,43.0,15.0,5.0,0
004879,19,1,Urbano,Sierra Centro,Ladrillo o Bloque de cemento,Red publica dentro de la vivienda,Mujer,Ocupado,5,3,1.67,49.0,14.0,3.0,0
004880,1,1,Rural,Sierra Centro,Madera,"Rio, acequia o manantial",Mujer,Ocupado,9,5,1.8,62.0,5.0,2.0,0
004881,9,1,Rural,Costa Centro,Adobe,"Rio, acequia o manantial",Mujer,Ocupado,5,4,1.25,41.0,6.0,3.0,0
004882,8,1,Urbano,Selva,Ladrillo o Bloque de cemento,Red publica dentro de la vivienda,Hombre,Ocupado,7,7,1.0,49.0,11.0,4.0,0
004883,16,1,Rural,Selva,Adobe,Red publica fuera de la vivienda,Hombre,Desocupado,5,3,1.67,27.0,8.0,7.0,1
004884,13,1,Urbano,Sierra Centro,Ladrillo o Bloque de cemento,Red publica dentro de la vivienda,Hombre,Ocupado,4,3,1.33,31.0,9.0,4.0,0
004885,15,1,Urbano,Lima Metropolitana,Adobe,Otro,Hombre,Ocupado,6,5,1.2,21.0,10.0,4.0,0
004886,3,1,Urbano,Lima Metropolitana,Ladrillo o Bloque de cemento,Red publica dentro de la vivienda,Hombre,Ocupado,4,3,1.33,62.0,9.0,7.0,0
004887,15,1,Urbano,Costa Centro,Ladrillo o Bloque de cemento,Red publica dentro de la vivienda,Hombre,Ocupado,4,3,1.33,43.0,16.0,4.0,1
004888,7,1,Urbano,Lima Metropolitana,Ladrillo o Bloque de cemento,Red publica fuera de la vivienda,Hombre,Ocupado,7,4,1.75,51.0,16.0,5.0,0
004889,14,1,Urbano,Sierra Centro,Ladrillo o Bloque de cemento,Red publica dentro de la vivienda,Hombre,Ocupado,6,4,1.5,55.0,8.0,6.0,0
004890,12,1,Urbano,Lima Metropolitana,Madera,Red publica dentro de la vivienda,Hombre,Ocupado,1,1,1.0,59.0,10.0,4.0,0
004891,2,1,Urbano,Costa Sur,Ladrillo o Bloque de cemento,Red publica dentro de la vivienda,Hombre,Inactivo,5,1,5.0,76.0,8.0,5.0,1
004892,1,1,Urbano,Sierra Norte,Adobe,Red publica fuera de la vivienda,Mujer,Ocupado,3,3,1.0,47.0,6.0,2.0,0
004893,2,1,Rural,Sierra Sur,Ladrillo o Bloque de cemento,Red publica dentro de la vivienda,Hombre,Ocupado,4,4,1.0,38.0,13.0,3.0,0
004894,19,1,Rural,Sierra Norte,Ladrillo o Bloque de cemento,Red publica dentro de la vivienda,Hombre,Ocupado,6,3,2.0,58.0,4.0,5.0,0
004895,12,1,Urbano,Lima Metropolitana,Ladrillo o Bloque de cemento,Red publica dentro de la vivienda,Hombre,Inactivo,5,5,1.0,81.0,15.0,8.0,0
004896,6,1,Urbano,Sierra Sur,Ladrillo o Bloque de cemento,Red publica dentro de la vivienda,Hombre,Ocupado,4,2,2.0,40.0,10.0,4.0,0
004897,15,1,Urbano,Costa Sur,Ladrillo o Bloque de cemento,Red publica dentro de la vivienda,Mujer,Ocupado,4,2,2.0,37.0,10.0,6.0,0
004898,3,1,Urbano,Selva,Ladrillo o Bloque de cemento,Red publica dentro de la vivienda,Hombre,Ocupado,4,3,1.33,18.0,10.0,5.0,0
004899,19,1,Urbano,Lima Metropolitana,Ladrillo o Bloque de cemento,Red publica dentro de la vivienda,Hombre,Ocupado,3,2,1.5,19.0,14.0,5.0,0
004900,2,1,Urbano,Lima Metropolitana,Madera,Red publica dentro de la vivienda,Mujer,Inactivo,6,3,2.0,68.0,12.0,4.0,0
004901,4,1,Rural,Sierra Sur,Madera,Red publica dentro de la vivienda,Hombre,Ocupado,3,3,1.0,46.0,9.0,3.0,0
004902,4,1,Urbano,Sierra Norte,Adobe,Red publica dentro de la vivienda,Hombre,Ocupado,3,2,1.5,32.0,,7.0,0
004903,3,1,Urbano,Costa Centro,Ladrillo o Bloque de cemento,Red publica dentro de la vivienda,Hombre,Ocupado,5,3,1.67,48.0,9.0,5.0,0
004904,17,1,Urbano,Lima Metropolitana,Ladrillo o Bloque de cemento,Red publica dentro de la vivienda,Hombre,Inactivo,7,5,1.4,84.0,13.0,2.0,1
004905,11,1,Urbano,Lima Metropolitana,Ladrillo o Bloque de cemento,Red publica dentro de la vivienda,Hombre,Ocupado,5,3,1.67,48.0,7.0,8.0,1
004906,3,1,Urbano,Selva,Ladrillo o Bloque de cemento,Red publica dentro de la vivienda,Hombre,Inactivo,8,6,1.33,75.0,9.0,4.0,1
004907,1,1,Urbano,Lima Metropolitana,Ladrillo o Bloque de cemento,Red publica dentro de la vivienda,Hombre,Ocupado,7,6,1.17,35.0,13.0,2.0,0
004908,6,1,Urbano,Costa Centro,Ladrillo o Bloque de cemento,Pozo,Mujer,Inactivo,3,1,3.0,68.0,10.0,2.0,1
004909,17,1,Urbano,Lima Metropolitana,Ladrillo o Bloque de cemento,Red publica dentro de la vivienda,Mujer,Ocupado,5,3,1.67,40.0,12.0,4.0,0
004910,9,1,Rural,Costa Sur,Ladrillo o Bloque de cemento,Pozo,Hombre,Desocupado,3,2,1.5,37.0,8.0,3.0,1
004911,2,1,Urbano,Costa Centro,Madera,Red publica dentro de la vivienda,Hombre,Desocupado,3,2,1.5,35.0,13.0,4.0,0
004912,5,1,Rural,Sierra Sur,Adobe,Red publica dentro de la vivienda,Hombre,Ocupado,4,4,1.0,43.0,0.0,5.0,1
004913,12,1,Rural,Sierra Centro,Otro material,Pozo,Hombre,Desocupado,2,2,1.0,62.0,7.0,1.0,1
004914,1,1,Urbano,Lima Metropolitana,Ladrillo o Bloque de cemento,Red publica dentro de la vivienda,Mujer,Ocupado,2,1,2.0,41.0,11.0,3.0,0
004915,13,1,Rural,Sierra Norte,Adobe,Pozo,Mujer,Ocupado,6,3,2.0,63.0,5.0,5.0,0
004916,9,1,Urbano,Lima Metropolitana,Ladrillo o Bloque de cemento,Red publica fuera de la vivienda,Mujer,Ocupado,4,3,1.33,38.0,,3.0,0
004917,8,1,Urbano,Lima Metropolitana,Ladrillo o Bloque de cemento,Red publica dentro de la vivienda,Hombre,Ocupado,7,5,1.4,47.0,7.0,3.0,0
004918,2,1,Urbano,Lima Metropolitana,Adobe,Red publica dentro de la vivienda,Hombre,Ocupado,5,4,1.25,41.0,12.0,7.0,0
004919,9,1,Urbano,Lima Metropolitana,Ladrillo o Bloque de cemento,Red publica dentro de la vivienda,Hombre,Inactivo,1,1,1.0,73.0,17.0,3.0,1
004920,3,1,Urbano,Sierra Centro,Ladrillo o Bloque de cemento,Pozo,Mujer,Ocupado,5,3,1.67,55.0,11.0,4.0,0
004921,2,1,Urbano,Sierra Centro,Ladrillo o Bloque de cemento,Red publica dentro de la vivienda,Hombre,Ocupado,2,1,2.0,52.0,8.0,3.0,0
004922,7,1,Urbano,Costa Centro,Otro material,Red publica dentro de la vivienda,Mujer,Ocupado,3,2,1.5,44.0,10.0,3.0,0
004923,7,1,Rural,Sierra Norte,Madera,Red publica dentro de la vivienda,Hombre,Ocupado,4,3,1.33,40.0,12.0,5.0,1
004924,11,1,Urbano,Lima Metropolitana,Ladrillo o Bloque de cemento,Red publica dentro de la vivienda,Mujer,Ocupado,4,2,2.0,34.0,16.0,6.0,0
004925,18,1,Urbano,Sierra Sur,Ladrillo o Bloque de cemento,Red publica fuera de la vivienda,Mujer,Inactivo,5,3,1.67,67.0,9.0,6.0,1
004926,9,1,Rural,Sierra Centro,Adobe,Red publica dentro de la vivienda,Mujer,Ocupado,2,2,1.0,25.0,11.0,8.0,0
004927,11,1,Urbano,Costa Sur,Ladrillo o Bloque de cemento,Red publica dentro de la vivienda,Mujer,Ocupado,8,5,1.6,43.0,13.0,3.0,1
004928,8,1,Rural,Sierra Sur,Adobe,"Rio, acequia o manantial",Hombre,Ocupado,6,5,1.2,60.0,0.0,5.0,0
004929,6,1,Urbano,Lima Metropolitana,Ladrillo o Bloque de cemento,Red publica dentro de la vivienda,Hombre,Ocupado,3,2,1.5,25.0,12.0,4.0,0
004930,8,1,Urbano,Sierra Norte,Ladrillo o Bloque de cemento,Red publica fuera de la vivienda,Hombre,Desocupado,6,3,2.0,50.0,17.0,3.0,1
004931,1,1,Urbano,Lima Metropolitana,Adobe,,Hombre,Ocupado,3,3,1.0,36.0,,3.0,0
004932,12,1,Urbano,Lima Metropolitana,Ladrillo o Bloque de cemento,Red publica dentro de la vivienda,Hombre,Desocupado,9,5,1.8,48.0,17.0,5.0,1
004933,9,1,Urbano,Lima Metropolitana,Madera,Red publica dentro de la vivienda,Hombre,Ocupado,4,2,2.0,46.0,8.0,3.0,0
004934,4,1,Urbano,Sierra Norte,Ladrillo o Bloque de cemento,"Rio, acequia o manantial",Hombre,Ocupado,6,2,3.0,18.0,7.0,5.0,1
004935,5,1,Urbano,Lima Metropolitana,Ladrillo o Bloque de cemento,Red publica fuera de la vivienda,Mujer,Ocupado,6,2,3.0,57.0,16.0,7.0,0
004936,13,1,Urbano,Costa Centro,Ladrillo o Bloque de cemento,Red publica dentro de la vivienda,Hombre,Ocupado,5,3,1.67,34.0,14.0,2.0,0
004937,11,1,Rural,Sierra Centro,Adobe,"Rio, acequia o manantial",Mujer,Ocupado,6,3,2.0,40.0,6.0,3.0,0
004938,9,1,Urbano,Lima Metropolitana,Ladrillo o Bloque de cemento,Red publica dentro de la vivienda,Hombre,Ocupado,3,1,3.0,,15.0,4.0,0
004939,14,1,Urbano,Lima Metropolitana,Ladrillo o Bloque de cemento,Red publica dentro de la vivienda,Hombre,Ocupado,6,4,1.5,53.0,11.0,3.0,0
004940,16,1,Urbano,Costa Sur,Ladrillo o Bloque de cemento,Red publica dentro de la vivienda,Mujer,Ocupado,5,1,5.0,54.0,7.0,3.0,1
004941,13,1,Urbano,Lima Metropolitana,Madera,Red publica dentro de la vivienda,Mujer,Ocupado,1,1,1.0,59.0,14.0,7.0,0
004942,12,1,Urbano,Costa Norte,Ladrillo o Bloque de cemento,Red publica dentro de la vivienda,Hombre,Ocupado,7,4,1.75,18.0,10.0,3.0,0
004943,11,1,Urbano,Selva,Ladrillo o Bloque de cemento,Red publica dentro de la vivienda,Hombre,Ocupado,5,1,5.0,55.0,12.0,6.0,0
004944,9,1,Urbano,Lima Metropolitana,Otro material,Red publica dentro de la vivienda,Hombre,Ocupado,5,3,1.67,48.0,13.0,4.0,0
004945,1,1,Urbano,Selva,Adobe,Pozo,Hombre,Ocupado,5,3,1.67,40.0,10.0,3.0,0
004946,19,1,Urbano,Lima Metropolitana,Ladrillo o Bloque de cemento,Red publica fuera de la vivienda,Hombre,Ocupado,4,4,1.0,52.0,18.0,,0
004947,4,1,Rural,Selva,Ladrillo o Bloque de cemento,"Rio, acequia o manantial",Hombre,Ocupado,2,1,2.0,61.0,3.0,4.0,0
004948,1,1,Urbano,Lima Metropolitana,Adobe,Red publica dentro de la vivienda,Hombre,Ocupado,6,3,2.0,36.0,,5.0,0
004949,18,1,Urbano,Lima Metropolitana,Ladrillo o Bloque de cemento,Red publica dentro de la vivienda,Hombre,Inactivo,5,4,1.25,68.0,12.0,2.0,0
004950,18,1,Urbano,Lima Metropolitana,Ladrillo o Bloque de cemento,Red publica dentro de la vivienda,Hombre,Desocupado,3,1,3.0,64.0,13.0,4.0,1
004951,6,1,Urbano,Costa Sur,Madera,Red publica dentro de la vivienda,Hombre,Desocupado,4,3,1.33,53.0,11.0,7.0,1
004952,15,1,Urbano,Lima Metropolitana,Ladrillo o Bloque de cemento,Red publica dentro de la vivienda,Hombre,Ocupado,4,2,2.0,31.0,16.0,4.0,0
004953,2,1,Urbano,Costa Sur,Ladrillo o Bloque de cemento,Red publica dentro de la vivienda,Hombre,Inactivo,4,2,2.0,78.0,12.0,5.0,1
004954,15,1,Urbano,Lima Metropolitana,Ladrillo o Bloque de cemento,Red publica dentro de la vivienda,Hombre,Ocupado,4,2,2.0,52.0,10.0,5.0,0
004955,10,1,Urbano,Costa Sur,Ladrillo o Bloque de cemento,Red publica dentro de la vivienda,Hombre,Ocupado,4,2,2.0,50.0,8.0,3.0,1
004956,11,1,Urbano,Costa Sur,Ladrillo o Bloque de cemento,Red publica fuera de la vivienda,Hombre,Ocupado,4,4,1.0,50.0,9.0,2.0,0
004957,10,1,Urbano,Lima Metropolitana,Madera,Pozo,Hombre,Ocupado,7,4,1.75,56.0,10.0,2.0,0
004958,2,1,Rural,Sierra Norte,Otro material,Red publica dentro de la vivienda,Hombre,Ocupado,6,4,1.5,61.0,9.0,3.0,1
004959,6,1,Urbano,Sierra Centro,Ladrillo o Bloque de cemento,Red publica fuera de la vivienda,Mujer,Ocupado,5,1,5.0,48.0,11.0,6.0,0
004960,10,1,Urbano,Lima Metropolitana,Otro material,Pozo,Hombre,Ocupado,3,3,1.0,31.0,14.0,4.0,0
004961,6,1,Rural,Costa Centro,Adobe,Pozo,Mujer,Ocupado,5,3,1.67,62.0,2.0,3.0,1
004962,11,1,Urbano,Costa Centro,Ladrillo o Bloque de cemento,Red publica dentro de la vivienda,Mujer,Ocupado,4,4,1.0,37.0,10.0,7.0,0
004963,8,1,Urbano,Sierra Sur,Ladrillo o Bloque de cemento,Red publica dentro de la vivienda,Hombre,Ocupado,7,3,2.33,34.0,13.0,4.0,1
004964,17,1,Urbano,Sierra Norte,Ladrillo o Bloque de cemento,Red publica dentro de la vivienda,Mujer,Ocupado,4,1,4.0,47.0,14.0,4.0,0
004965,17,1,Urbano,Costa Sur,Ladrillo o Bloque de cemento,Red publica dentro de la vivienda,Mujer,Ocupado,2,1,2.0,42.0,6.0,5.0,0
004966,7,1,Urbano,Costa Norte,Adobe,Red publica dentro de la vivienda,Hombre,Ocupado,4,2,2.0,53.0,16.0,4.0,0
004967,8,1,Urbano,Sierra Centro,Ladrillo o Bloque de cemento,,Hombre,Ocupado,6,3,2.0,56.0,16.0,3.0,0
004968,12,1,Rural,Sierra Norte,Adobe,Red publica dentro de la vivienda,Hombre,Ocupado,3,2,1.5,41.0,10.0,2.0,0
004969,1,1,Rural,Costa Norte,Adobe,"Rio, acequia o manantial",Mujer,Ocupado,4,1,4.0,50.0,11.0,8.0,0
004970,4,1,Urbano,Lima Metropolitana,Ladrillo o Bloque de cemento,Red publica dentro de la vivienda,Mujer,Ocupado,8,5,1.6,41.0,11.0,6.0,0
004971,5,1,Urbano,Lima Metropolitana,Ladrillo o Bloque de cemento,Red publica dentro de la vivienda,Mujer,Ocupado,4,3,1.33,59.0,10.0,2.0,0
004972,9,1,Urbano,Costa Norte,Ladrillo o Bloque de cemento,Red publica fuera de la vivienda,Mujer,Ocupado,6,4,1.5,55.0,11.0,2.0,1
004973,2,1,Urbano,Sierra Norte,Ladrillo o Bloque de cemento,Red publica dentro de la vivienda,Hombre,Ocupado,8,5,1.6,58.0,12.0,4.0,0
004974,12,1,Urbano,Lima Metropolitana,Ladrillo o Bloque de cemento,Red publica dentro de la vivienda,Hombre,Ocupado,4,3,1.33,44.0,10.0,5.0,0
004975,13,1,Rural,Selva,Adobe,"Rio, acequia o manantial",Hombre,Ocupado,4,2,2.0,52.0,8.0,5.0,0
004976,12,1,Rural,Sierra Sur,Adobe,Pozo,Hombre,Ocupado,5,3,1.67,55.0,11.0,1.0,0
004977,17,1,Urbano,Sierra Sur,Ladrillo o Bloque de cemento,Red publica dentro de la vivienda,Hombre,Ocupado,8,4,2.0,58.0,14.0,7.0,1
004978,18,1,Urbano,Costa Sur,Ladrillo o Bloque de cemento,Red publica dentro de la vivienda,Mujer,Ocupado,4,3,1.33,57.0,11.0,3.0,0
004979,1,1,Urbano,Lima Metropolitana,Ladrillo o Bloque de cemento,Red publica dentro de la vivienda,Mujer,Ocupado,3,2,1.5,46.0,5.0,2.0,0
004980,14,1,Urbano,Lima Metropolitana,Adobe,Red publica dentro de la vivienda,Hombre,Ocupado,5,4,1.25,32.0,8.0,5.0,0
004981,11,1,Urbano,Lima Metropolitana,Madera,Otro,Mujer,Ocupado,3,3,1.0,55.0,12.0,7.0,0
004982,2,1,Rural,Costa Sur,Madera,Pozo,Hombre,Ocupado,2,2,1.0,54.0,9.0,3.0,0
004983,11,1,Urbano,Sierra Norte,Otro material,Red publica dentro de la vivienda,Hombre,Ocupado,3,1,3.0,33.0,6.0,2.0,0
004984,15,1,Urbano,Costa Centro,Ladrillo o Bloque de cemento,Red publica dentro de la vivienda,Hombre,Ocupado,8,6,1.33,60.0,11.0,2.0,0
004985,9,1,Rural,Sierra Norte,Adobe,Red publica dentro de la vivienda,Hombre,Ocupado,4,3,1.33,50.0,9.0,3.0,0
004986,3,1,Urbano,Sierra Centro,Adobe,Red publica dentro de la vivienda,Hombre,Ocupado,2,1,2.0,46.0,11.0,2.0,0
004987,5,1,Urbano,Lima Metropolitana,Ladrillo o Bloque de cemento,Red publica dentro de la vivienda,Hombre,Ocupado,3,3,1.0,51.0,11.0,3.0,0
004988,19,1,Rural,Costa Sur,Adobe,Red publica fuera de la vivienda,Hombre,Ocupado,6,4,1.5,61.0,2.0,4.0,0
004989,12,1,Urbano,Lima Metropolitana,Ladrillo o Bloque de cemento,Red publica dentro de la vivienda,Mujer,Inactivo,4,2,2.0,70.0,,4.0,0
004990,13,1,Urbano,Costa Centro,Ladrillo o Bloque de cemento,Red publica dentro de la vivienda,Hombre,Ocupado,8,7,1.14,47.0,9.0,4.0,1
004991,14,1,Urbano,Costa Norte,Ladrillo o Bloque de cemento,Red publica dentro de la vivienda,Hombre,Ocupado,3,2,1.5,45.0,16.0,3.0,0
004992,3,1,Urbano,Lima Metropolitana,Ladrillo o Bloque de cemento,Red publica dentro de la vivienda,Hombre,Ocupado,1,1,1.0,57.0,13.0,5.0,0
004993,3,1,Urbano,Lima Metropolitana,Ladrillo o Bloque de cemento,Red publica dentro de la vivienda,Hombre,Ocupado,2,1,2.0,29.0,14.0,4.0,0
004994,6,1,Rural,Sierra Centro,Ladrillo o Bloque de cemento,Red publica dentro de la vivienda,Hombre,Ocupado,4,3,1.33,60.0,9.0,3.0,0
004995,16,1,Urbano,Selva,Ladrillo o Bloque de cemento,Pozo,Hombre,Ocupado,3,2,1.5,29.0,10.0,3.0,0
004996,1,1,Urbano,Costa Sur,Ladrillo o Bloque de cemento,Red publica dentro de la vivienda,Hombre,Ocupado,4,1,4.0,29.0,13.0,3.0,0
004997,8,1,Urbano,Costa Centro,Ladrillo o Bloque de cemento,Red publica dentro de la vivienda,Hombre,Inactivo,5,2,2.5,70.0,,5.0,1
004998,15,1,Rural,Sierra Sur,Otro material,Red publica dentro de la vivienda,Hombre,Ocupado,5,3,1.67,19.0,4.0,2.0,0
004999,14,1,Urbano,Sierra Centro,Ladrillo o Bloque de cemento,Red publica dentro de la vivienda,Hombre,Inactivo,2,2,1.0,66.0,8.0,3.0,0
005000,15,1,Urbano,Selva,Otro material,Red publica dentro de la vivienda,Hombre,Inactivo,2,2,1.0,70.0,9.0,3.0,0
005001,3,1,Urbano,Costa Sur,Ladrillo o Bloque de cemento,Red publica dentro de la vivienda,Hombre,Ocupado,8,6,1.33,53.0,18.0,5.0,0
005002,7,1,Urbano,Lima Metropolitana,Ladrillo o Bloque de cemento,Red publica dentro de la vivienda,Mujer,Ocupado,5,2,2.5,56.0,10.0,2.0,1
005003,4,1,Urbano,Lima Metropolitana,Ladrillo o Bloque de cemento,Red publica dentro de la vivienda,Mujer,Ocupado,9,7,1.29,26.0,14.0,7.0,0
005004,18,1,Urbano,Costa Centro,Ladrillo o Bloque de cemento,Red publica dentro de la vivienda,Mujer,Ocupado,7,5,1.4,41.0,10.0,2.0,1
005005,7,1,Urbano,Costa Norte,Ladrillo o Bloque de cemento,Red publica dentro de la vivienda,Hombre,Ocupado,6,6,1.0,53.0,7.0,4.0,0
005006,15,1,Rural,Sierra Sur,Adobe,Red publica dentro de la vivienda,Hombre,Ocupado,4,2,2.0,53.0,9.0,3.0,0
005007,16,1,Urbano,Lima Metropolitana,Ladrillo o Bloque de cemento,Red publica dentro de la vivienda,Hombre,Ocupado,5,3,1.67,54.0,11.0,2.0,0
005008,5,1,Urbano,Lima Metropolitana,Ladrillo o Bloque de cemento,Red publica dentro de la vivienda,Hombre,Ocupado,3,3,1.0,53.0,11.0,4.0,0
005009,10,1,Urbano,Lima Metropolitana,Ladrillo o Bloque de cemento,Red publica dentro de la vivienda,Hombre,Ocupado,5,2,2.5,,16.0,4.0,0
005010,8,1,Rural,Sierra Centro,Ladrillo o Bloque de cemento,Red publica dentro de la vivienda,Hombre,Ocupado,8,5,1.6,31.0,6.0,7.0,1
005011,12,1,Urbano,Costa Sur,Ladrillo o Bloque de cemento,Red publica dentro de la vivienda,Hombre,Ocupado,2,1,2.0,53.0,12.0,8.0,0
005012,14,1,Urbano,Selva,Ladrillo o Bloque de cemento,Red publica dentro de la vivienda,Hombre,Desocupado,5,1,5.0,32.0,11.0,3.0,1
005013,1,1,Urbano,Costa Sur,Adobe,Red publica dentro de la vivienda,Mujer,Ocupado,5,1,5.0,43.0,11.0,5.0,0
005014,19,1,Urbano,Lima Metropolitana,Ladrillo o Bloque de cemento,Red publica dentro de la vivienda,Hombre,Inactivo,9,5,1.8,67.0,8.0,5.0,0
005015,5,1,Urbano,Costa Sur,Adobe,Red publica dentro de la vivienda,Mujer,Ocupado,2,2,1.0,26.0,14.0,4.0,0
005016,11,1,Rural,Sierra Norte,Madera,Red publica dentro de la vivienda,Mujer,Ocupado,4,2,2.0,46.0,7.0,3.0,1
005017,7,1,Urbano,Selva,Adobe,Red publica dentro de la vivienda,Hombre,Ocupado,4,4,1.0,60.0,14.0,4.0,0
005018,7,1,Rural,Sierra Sur,Otro material,Pozo,Mujer,Ocupado,7,4,1.75,57.0,7.0,5.0,1
005019,9,1,Rural,Selva,Adobe,,Hombre,Ocupado,4,3,1.33,52.0,10.0,2.0,0
005020,12,1,Rural,Sierra Sur,Otro material,Red publica fuera de la vivienda,Hombre,Ocupado,6,5,1.2,39.0,7.0,5.0,0
005021,14,1,Urbano,Lima Metropolitana,Ladrillo o Bloque de cemento,Red publica dentro de la vivienda,Hombre,Inactivo,4,4,1.0,66.0,17.0,7.0,0
005022,8,1,Urbano,Lima Metropolitana,Ladrillo o Bloque de cemento,Red publica dentro de la vivienda,Hombre,Ocupado,5,2,2.5,31.0,10.0,3.0,0
005023,8,1,Urbano,Lima Metropolitana,Ladrillo o Bloque de cemento,Red publica dentro de la vivienda,Hombre,Ocupado,3,1,3.0,58.0,10.0,3.0,0
005024,14,1,Urbano,Lima Metropolitana,Ladrillo o Bloque de cemento,Otro,Hombre,Ocupado,5,3,1.67,50.0,18.0,6.0,0
005025,11,1,Urbano,Lima Metropolitana,Ladrillo o Bloque de cemento,Red publica dentro de la vivienda,Hombre,Desocupado,8,5,1.6,37.0,15.0,3.0,1
005026,3,1,Rural,Selva,Adobe,"Rio, acequia o manantial",Hombre,Desocupado,5,3,1.67,43.0,12.0,2.0,1
005027,14,1,Rural,Sierra Sur,Adobe,Red publica fuera de la vivienda,Hombre,Inactivo,5,3,1.67,73.0,8.0,2.0,0
005028,6,1,Rural,Sierra Norte,Adobe,Red publica fuera de la vivienda,Mujer,Ocupado,5,1,5.0,32.0,6.0,4.0,0
005029,16,1,Rural,Selva,Ladrillo o Bloque de cemento,Red publica dentro de la vivienda,Mujer,Ocupado,2,1,2.0,23.0,12.0,7.0,0
005030,17,1,Urbano,Costa Norte,Ladrillo o Bloque de cemento,Red publica fuera de la vivienda,Hombre,Ocupado,5,4,1.25,39.0,5.0,3.0,1
005031,2,1,Rural,Costa Norte,Adobe,Pozo,Mujer,Ocupado,5,4,1.25,54.0,9.0,4.0,1
005032,11,1,Urbano,Lima Metropolitana,Ladrillo o Bloque de cemento,Red publica dentro de la vivienda,Mujer,Inactivo,6,3,2.0,68.0,4.0,2.0,0
005033,7,1,Rural,Costa Norte,Ladrillo o Bloque de cemento,Red publica dentro de la vivienda,Mujer,Ocupado,4,3,1.33,48.0,11.0,4.0,1
005034,12,1,Rural,Selva,Madera,Red publica fuera de la vivienda,Mujer,Ocupado,6,3,2.0,25.0,3.0,5.0,0
005035,16,1,Rural,Selva,Adobe,Red publica dentro de la vivienda,Mujer,Ocupado,8,7,1.14,49.0,6.0,4.0,0
005036,12,1,Urbano,Costa Sur,Ladrillo o Bloque de cemento,Red publica dentro de la vivienda,Hombre,Ocupado,3,3,1.0,60.0,8.0,6.0,0
005037,18,1,Urbano,Lima Metropolitana,Ladrillo o Bloque de cemento,Red publica dentro de la vivienda,Hombre,Ocupado,3,2,1.5,52.0,14.0,5.0,1
005038,4,1,Urbano,Costa Sur,,Red publica dentro de la vivienda,Hombre,Ocupado,3,2,1.5,55.0,10.0,8.0,0
005039,15,1,Urbano,Lima Metropolitana,Ladrillo o Bloque de cemento,Red publica dentro de la vivienda,Mujer,Ocupado,4,3,1.33,22.0,17.0,4.0,0
005040,4,1,Urbano,Lima Metropolitana,Ladrillo o Bloque de cemento,Red publica dentro de la vivienda,Mujer,Ocupado,4,2,2.0,,10.0,5.0,0
005041,8,1,Urbano,Sierra Norte,Ladrillo o Bloque de cemento,Red publica dentro de la vivienda,Hombre,Ocupado,6,5,1.2,46.0,7.0,3.0,1
005042,9,1,Urbano,Costa Centro,Ladrillo o Bloque de cemento,Red publica dentro de la vivienda,Hombre,Ocupado,7,5,1.4,64.0,9.0,3.0,1
005043,16,1,Rural,Sierra Norte,Adobe,Red publica fuera de la vivienda,Hombre,Ocupado,6,6,1.0,37.0,12.0,4.0,0
005044,14,1,Urbano,Sierra Centro,Ladrillo o Bloque de cemento,Pozo,Hombre,Ocupado,2,1,2.0,51.0,14.0,2.0,0
005045,1,1,Urbano,Sierra Norte,Madera,Red publica dentro de la vivienda,Mujer,Ocupado,3,2,1.5,,15.0,6.0,0
005046,2,1,Urbano,Lima Metropolitana,Madera,Red publica dentro de la vivienda,Mujer,Ocupado,3,3,1.0,33.0,11.0,3.0,0
005047,6,1,Urbano,Costa Sur,Otro material,Red publica dentro de la vivienda,Hombre,Desocupado,5,3,1.67,38.0,7.0,3.0,1
005048,12,1,Urbano,Lima Metropolitana,Ladrillo o Bloque de cemento,Red publica fuera de la vivienda,Hombre,Ocupado,4,2,2.0,48.0,17.0,6.0,0
005049,5,1,Urbano,Costa Centro,Ladrillo o Bloque de cemento,Red publica dentro de la vivienda,Hombre,Ocupado,6,5,1.2,43.0,7.0,2.0,1
005050,16,1,Urbano,Lima Metropolitana,Ladrillo o Bloque de cemento,Red publica dentro de la vivienda,Mujer,Ocupado,6,4,1.5,59.0,13.0,5.0,0
005051,15,1,Rural,Costa Sur,Ladrillo o Bloque de cemento,Red publica dentro de la vivienda,Mujer,Ocupado,1,1,1.0,42.0,4.0,2.0,0
005052,17,1,Urbano,Sierra Sur,Ladrillo o Bloque de cemento,Red publica dentro de la vivienda,Hombre,Ocupado,5,4,1.25,60.0,11.0,3.0,0
005053,3,1,Rural,Selva,Adobe,"Rio, acequia o manantial",Hombre,Ocupado,5,4,1.25,43.0,1.0,5.0,0
005054,9,1,Urbano,Costa Centro,Madera,Red publica dentro de la vivienda,Mujer,Ocupado,6,4,1.5,48.0,14.0,4.0,0
005055,17,1,Urbano,Lima Metropolitana,Ladrillo o Bloque de cemento,Red publica fuera de la vivienda,Hombre,Ocupado,2,1,2.0,59.0,17.0,6.0,0
005056,14,1,Rural,Sierra Norte,Madera,Red publica dentro de la vivienda,Hombre,Ocupado,7,4,1.75,46.0,10.0,4.0,0
005057,4,1,Rural,Selva,Ladrillo o Bloque de cemento,Pozo,Mujer,Ocupado,6,4,1.5,42.0,3.0,4.0,0
005058,6,1,Urbano,Selva,Otro material,Red publica dentro de la vivienda,Hombre,Ocupado,4,3,1.33,47.0,12.0,4.0,0
005059,1,1,Rural,Selva,Adobe,Red publica dentro de la vivienda,Mujer,Ocupado,3,1,3.0,61.0,6.0,4.0,0
005060,16,1,Urbano,Costa Norte,Ladrillo o Bloque de cemento,Pozo,Mujer,Desocupado,1,1,1.0,53.0,11.0,,1
005061,3,1,Urbano,Costa Centro,Ladrillo o Bloque de cemento,Red publica dentro de la vivienda,Hombre,Ocupado,2,1,2.0,18.0,16.0,7.0,0
005062,17,1,Urbano,Costa Centro,Ladrillo o Bloque de cemento,Red publica dentro de la vivienda,Hombre,Ocupado,6,4,1.5,38.0,10.0,3.0,0
005063,12,1,Urbano,Sierra Norte,Ladrillo o Bloque de cemento,Pozo,Hombre,Desocupado,4,2,2.0,38.0,13.0,4.0,1
005064,10,1,Urbano,Costa Centro,Ladrillo o Bloque de cemento,,Hombre,Ocupado,5,4,1.25,56.0,5.0,5.0,0
005065,18,1,Urbano,Lima Metropolitana,Ladrillo o Bloque de cemento,Red publica dentro de la vivienda,Mujer,Ocupado,3,3,1.0,21.0,13.0,4.0,0
005066,14,1,Rural,Selva,Ladrillo o Bloque de cemento,Red publica dentro de la vivienda,Hombre,Ocupado,5,3,1.67,52.0,9.0,4.0,0
005067,17,1,Urbano,Lima Metropolitana,,Red publica dentro de la vivienda,Mujer,Ocupado,6,5,1.2,57.0,12.0,3.0,0
005068,10,1,Urbano,Sierra Centro,Ladrillo o Bloque de cemento,Red publica dentro de la vivienda,Mujer,Ocupado,2,1,2.0,57.0,13.0,4.0,0
005069,2,1,Rural,Sierra Norte,Madera,,Mujer,Ocupado,3,1,3.0,47.0,4.0,6.0,0
005070,5,1,Urbano,Selva,Madera,,Mujer,Ocupado,2,1,2.0,25.0,10.0,5.0,0
005071,19,1,Urbano,Sierra Norte,Adobe,,Hombre,Ocupado,3,2,1.5,44.0,11.0,5.0,0
005072,5,1,Rural,Sierra Centro,Otro material,Red publica dentro de la vivienda,Hombre,Inactivo,9,6,1.5,69.0,5.0,2.0,1
005073,2,1,Rural,Sierra Sur,Adobe,Red publica dentro de la vivienda,Mujer,Ocupado,5,4,1.25,40.0,9.0,4.0,0
005074,2,1,Rural,Selva,Ladrillo o Bloque de cemento,Red publica dentro de la vivienda,Hombre,Inactivo,3,2,1.5,79.0,10.0,3.0,1
005075,13,1,Urbano,Lima Metropolitana,Adobe,Red publica dentro de la vivienda,Mujer,Ocupado,4,3,1.33,59.0,15.0,6.0,0
005076,3,1,Urbano,Costa Sur,Ladrillo o Bloque de cemento,Red publica dentro de la vivienda,Hombre,Ocupado,3,3,1.0,46.0,3.0,7.0,0
005077,18,1,Rural,Sierra Sur,Ladrillo o Bloque de cemento,Red publica dentro de la vivienda,Hombre,Ocupado,6,4,1.5,51.0,5.0,5.0,0
005078,18,1,Urbano,Costa Centro,Ladrillo o Bloque de cemento,Red publica dentro de la vivienda,Mujer,Ocupado,8,4,2.0,53.0,14.0,2.0,1
005079,10,1,Urbano,Sierra Centro,Ladrillo o Bloque de cemento,Red publica dentro de la vivienda,Hombre,Ocupado,4,3,1.33,40.0,10.0,2.0,0
005080,5,1,Urbano,Lima Metropolitana,Ladrillo o Bloque de cemento,Red publica dentro de la vivienda,Hombre,Ocupado,2,1,2.0,42.0,12.0,3.0,0
005081,15,1,Urbano,Costa Centro,Madera,Red publica dentro de la vivienda,Hombre,Inactivo,2,2,1.0,76.0,14.0,5.0,1
005082,8,1,Rural,Selva,Adobe,Red publica dentro de la vivienda,Hombre,Inactivo,1,1,1.0,69.0,10.0,6.0,1
005083,13,1,Rural,Sierra Sur,Ladrillo o Bloque de cemento,Pozo,Mujer,Ocupado,5,1,5.0,43.0,8.0,4.0,0
005084,19,1,Urbano,Costa Norte,Ladrillo o Bloque de cemento,Pozo,Hombre,Ocupado,3,2,1.5,37.0,6.0,3.0,1
005085,3,1,Urbano,Lima Metropolitana,Ladrillo o Bloque de cemento,Red publica dentro de la vivienda,Hombre,Ocupado,5,5,1.0,26.0,9.0,4.0,0
005086,15,1,Urbano,Sierra Sur,Adobe,Red publica dentro de la vivienda,Hombre,Inactivo,9,8,1.12,78.0,12.0,5.0,0
005087,11,1,Urbano,Lima Metropolitana,Ladrillo o Bloque de cemento,Red publica dentro de la vivienda,Hombre,Ocupado,6,2,3.0,62.0,6.0,3.0,0
005088,13,1,Rural,Sierra Sur,Madera,Red publica dentro de la vivienda,Hombre,Inactivo,5,3,1.67,65.0,12.0,2.0,0
005089,12,1,Urbano,Lima Metropolitana,Adobe,Red publica dentro de la vivienda,Hombre,Ocupado,2,2,1.0,40.0,13.0,4.0,0
005090,3,1,Urbano,Sierra Norte,Ladrillo o Bloque de cemento,Red publica dentro de la vivienda,Hombre,Ocupado,1,1,1.0,39.0,9.0,1.0,0
005091,5,1,Rural,Sierra Sur,Madera,Red publica dentro de la vivienda,Hombre,Ocupado,5,4,1.25,35.0,5.0,3.0,1
005092,11,1,Urbano,Lima Metropolitana,Ladrillo o Bloque de cemento,Red publica dentro de la vivienda,Hombre,Ocupado,5,3,1.67,18.0,16.0,4.0,0
005093,5,1,Rural,Sierra Centro,Adobe,Red publica dentro de la vivienda,Mujer,Ocupado,6,3,2.0,36.0,2.0,3.0,0
005094,14,1,Urbano,Sierra Centro,Ladrillo o Bloque de cemento,Red publica dentro de la vivienda,Hombre,Ocupado,5,2,2.5,52.0,5.0,4.0,1
005095,13,1,Urbano,Lima Metropolitana,Ladrillo o Bloque de cemento,Red publica dentro de la vivienda,Mujer,Ocupado,8,4,2.0,51.0,9.0,1.0,1
005096,17,1,Urbano,Selva,Ladrillo o Bloque de cemento,Red publica fuera de la vivienda,Hombre,Ocupado,4,3,1.33,39.0,12.0,8.0,0
005097,12,1,Urbano,Lima Metropolitana,Madera,Red publica dentro de la vivienda,Mujer,Ocupado,7,6,1.17,57.0,18.0,6.0,0
005098,8,1,Urbano,Lima Metropolitana,Adobe,Red publica dentro de la vivienda,Mujer,Ocupado,3,3,1.0,39.0,16.0,6.0,0
005099,7,1,Urbano,Lima Metropolitana,Ladrillo o Bloque de cemento,Red publica dentro de la vivienda,Hombre,Ocupado,4,2,2.0,59.0,11.0,8.0,0
005100,1,1,Urbano,Lima Metropolitana,Ladrillo o Bloque de cemento,Red publica dentro de la vivienda,Hombre,Ocupado,3,1,3.0,59.0,13.0,5.0,0
005101,11,1,Rural,Selva,Ladrillo o Bloque de cemento,Red publica dentro de la vivienda,Hombre,Ocupado,8,8,1.0,59.0,8.0,1.0,0
005102,10,1,Rural,Sierra Norte,Madera,Red publica dentro de la vivienda,Hombre,Ocupado,3,2,1.5,49.0,7.0,5.0,0
005103,15,1,Urbano,Costa Norte,Ladrillo o Bloque de cemento,Red publica dentro de la vivienda,Hombre,Ocupado,3,2,1.5,37.0,5.0,6.0,0
005104,5,1,Urbano,Selva,Ladrillo o Bloque de cemento,Red publica dentro de la vivienda,Mujer,Ocupado,3,3,1.0,31.0,10.0,2.0,0
005105,8,1,Urbano,Lima Metropolitana,Adobe,Red publica dentro de la vivienda,Hombre,Ocupado,7,5,1.4,18.0,15.0,4.0,0
005106,7,1,Urbano,Sierra Sur,Ladrillo o Bloque de cemento,Red publica dentro de la vivienda,Hombre,Ocupado,3,2,1.5,59.0,17.0,6.0,0
005107,6,1,Urbano,Costa Centro,Ladrillo o Bloque de cemento,Red publica dentro de la vivienda,Hombre,Ocupado,3,3,1.0,24.0,12.0,3.0,0
005108,18,1,Rural,Sierra Norte,Adobe,Red publica fuera de la vivienda,Hombre,Ocupado,4,2,2.0,46.0,10.0,2.0,0
005109,16,1,Urbano,Selva,Ladrillo o Bloque de cemento,Red publica dentro de la vivienda,Hombre,Ocupado,9,8,1.12,51.0,14.0,5.0,0
005110,14,1,Urbano,Lima Metropolitana,Ladrillo o Bloque de cemento,Red publica dentro de la vivienda,Hombre,Ocupado,4,3,1.33,33.0,11.0,1.0,0
005111,14,1,Urbano,Costa Centro,Ladrillo o Bloque de cemento,Red publica dentro de la vivienda,Mujer,Ocupado,8,4,2.0,46.0,7.0,5.0,1
005112,17,1,Rural,Selva,Adobe,"Rio, acequia o manantial",Hombre,Ocupado,6,4,1.5,52.0,10.0,3.0,0
005113,5,1,Urbano,Lima Metropolitana,Madera,Red publica dentro de la vivienda,Hombre,Ocupado,4,1,4.0,44.0,18.0,4.0,0
005114,4,1,Urbano,Lima Metropolitana,Ladrillo o Bloque de cemento,Red publica dentro de la vivienda,Hombre,Ocupado,5,5,1.0,54.0,11.0,3.0,1
005115,14,1,Rural,Costa Centro,Adobe,Pozo,Hombre,Ocupado,8,4,2.0,42.0,10.0,2.0,0
005116,4,1,Urbano,Lima Metropolitana,Ladrillo o Bloque de cemento,Red publica dentro de la vivienda,Hombre,Ocupado,7,4,1.75,44.0,13.0,3.0,0
005117,17,1,Urbano,Selva,Ladrillo o Bloque de cemento,Red publica dentro de la vivienda,Hombre,Ocupado,4,4,1.0,36.0,7.0,1.0,0
005118,11,1,Urbano,Lima Metropolitana,Ladrillo o Bloque de cemento,Red publica dentro de la vivienda,Mujer,Ocupado,4,3,1.33,46.0,13.0,3.0,0
005119,6,1,Urbano,Costa Norte,Ladrillo o Bloque de cemento,Red publica dentro de la vivienda,Mujer,Ocupado,5,3,1.67,48.0,9.0,1.0,0
005120,9,1,Urbano,Selva,Ladrillo o Bloque de cemento,Red publica dentro de la vivienda,Hombre,Ocupado,7,4,1.75,35.0,12.0,3.0,0
005121,6,1,Urbano,Lima Metropolitana,Ladrillo o Bloque de cemento,Otro,Hombre,Ocupado,6,5,1.2,54.0,14.0,5.0,0
005122,4,1,Rural,Sierra Norte,Ladrillo o Bloque de cemento,Red publica fuera de la vivienda,Mujer,Ocupado,5,4,1.25,18.0,4.0,5.0,0
005123,7,1,Rural,Sierra Sur,Otro material,Red publica dentro de la vivienda,Hombre,Ocupado,3,2,1.5,63.0,2.0,5.0,1
005124,5,1,Urbano,Selva,Ladrillo o Bloque de cemento,Red publica dentro de la vivienda,Hombre,Ocupado,6,2,3.0,28.0,10.0,8.0,0
005125,17,1,Urbano,Selva,Ladrillo o Bloque de cemento,Red publica dentro de la vivienda,Hombre,Ocupado,8,4,2.0,63.0,16.0,3.0,0
005126,9,1,Rural,Costa Norte,Ladrillo o Bloque de cemento,"Rio, acequia o manantial",Hombre,Ocupado,9,2,4.5,57.0,3.0,3.0,1
005127,10,1,Urbano,Sierra Sur,Ladrillo o Bloque de cemento,Red publica dentro de la vivienda,Hombre,Ocupado,4,4,1.0,62.0,13.0,5.0,0
005128,16,1,Urbano,Costa Sur,Otro material,Red publica dentro de la vivienda,Hombre,Ocupado,7,3,2.33,32.0,13.0,3.0,1
005129,7,1,Urbano,Lima Metropolitana,Adobe,Red publica dentro de la vivienda,Hombre,Ocupado,4,2,2.0,45.0,11.0,1.0,0
005130,7,1,Urbano,Lima Metropolitana,Ladrillo o Bloque de cemento,Red publica dentro de la vivienda,Mujer,Ocupado,4,4,1.0,52.0,10.0,1.0,0
005131,19,1,Urbano,Sierra Norte,Ladrillo o Bloque de cemento,Red publica dentro de la vivienda,Hombre,Ocupado,7,4,1.75,54.0,13.0,6.0,1
005132,6,1,Urbano,Costa Centro,Madera,Red publica dentro de la vivienda,Hombre,Ocupado,2,1,2.0,60.0,11.0,2.0,0
005133,7,1,Urbano,Costa Sur,Ladrillo o Bloque de cemento,Red publica dentro de la vivienda,Mujer,Ocupado,6,3,2.0,57.0,9.0,3.0,0
005134,3,1,Rural,Sierra Sur,Otro material,Pozo,Hombre,Ocupado,9,6,1.5,55.0,8.0,6.0,1
005135,13,1,Urbano,Lima Metropolitana,Adobe,Red publica dentro de la vivienda,Hombre,Ocupado,7,4,1.75,55.0,18.0,6.0,0
005136,8,1,Urbano,Selva,Adobe,Red publica dentro de la vivienda,Hombre,Ocupado,3,3,1.0,58.0,15.0,3.0,0
005137,14,1,Rural,Costa Norte,Adobe,Red publica dentro de la vivienda,Hombre,Ocupado,7,2,3.5,48.0,7.0,3.0,1
005138,11,1,Rural,Costa Norte,Madera,Red publica fuera de la vivienda,Hombre,Ocupado,3,2,1.5,64.0,0.0,5.0,0
005139,1,1,Urbano,Costa Sur,Ladrillo o Bloque de cemento,Red publica dentro de la vivienda,Hombre,Ocupado,3,1,3.0,47.0,10.0,4.0,1
005140,15,1,Urbano,Lima Metropolitana,Ladrillo o Bloque de cemento,Red publica dentro de la vivienda,Hombre,Ocupado,5,4,1.25,24.0,9.0,3.0,0
005141,15,1,Urbano,Lima Metropolitana,Ladrillo o Bloque de cemento,Red publica dentro de la vivienda,Hombre,Inactivo,6,4,1.5,65.0,12.0,2.0,1
005142,6,1,Rural,Selva,Ladrillo o Bloque de cemento,"Rio, acequia o manantial",Mujer,Ocupado,3,3,1.0,55.0,5.0,2.0,0
005143,9,1,Rural,Sierra Norte,Adobe,"Rio, acequia o manantial",Hombre,Ocupado,4,2,2.0,46.0,5.0,3.0,0
005144,17,1,Urbano,Lima Metropolitana,Ladrillo o Bloque de cemento,Red publica fuera de la vivienda,Hombre,Ocupado,5,3,1.67,50.0,,4.0,0
005145,5,1,Rural,Sierra Centro,Ladrillo o Bloque de cemento,Pozo,Hombre,Inactivo,6,2,3.0,69.0,6.0,5.0,1
005146,7,1,Urbano,Lima Metropolitana,Ladrillo o Bloque de cemento,Red publica dentro de la vivienda,Hombre,Ocupado,4,3,1.33,49.0,12.0,,0
005147,17,1,Urbano,Lima Metropolitana,Adobe,Red publica dentro de la vivienda,Mujer,Inactivo,7,3,2.33,69.0,14.0,3.0,1
005148,14,1,Rural,Sierra Sur,Adobe,Red publica dentro de la vivienda,Hombre,Ocupado,5,2,2.5,55.0,3.0,3.0,0
005149,8,1,Urbano,Lima Metropolitana,Ladrillo o Bloque de cemento,Red publica dentro de la vivienda,Mujer,Ocupado,4,3,1.33,43.0,11.0,3.0,0
005150,14,1,Rural,Sierra Norte,Adobe,"Rio, acequia o manantial",Hombre,Ocupado,7,5,1.4,30.0,2.0,4.0,0
005151,9,1,Urbano,Lima Metropolitana,Ladrillo o Bloque de cemento,Red publica dentro de la vivienda,Hombre,Ocupado,2,2,1.0,49.0,14.0,7.0,0
005152,15,1,Urbano,Costa Norte,Ladrillo o Bloque de cemento,Red publica dentro de la vivienda,Hombre,Inactivo,2,1,2.0,66.0,12.0,3.0,0
005153,17,1,Rural,Sierra Sur,Ladrillo o Bloque de cemento,"Rio, acequia o manantial",Hombre,Ocupado,3,2,1.5,40.0,13.0,5.0,0
005154,16,1,Urbano,Costa Sur,Ladrillo o Bloque de cemento,Red publica dentro de la vivienda,Hombre,Ocupado,3,1,3.0,53.0,6.0,4.0,0
005155,12,1,Urbano,Costa Norte,Ladrillo o Bloque de cemento,Red publica dentro de la vivienda,Hombre,Inactivo,5,2,2.5,69.0,14.0,6.0,1
005156,3,1,Urbano,Costa Norte,Ladrillo o Bloque de cemento,Red publica dentro de la vivienda,Mujer,Ocupado,5,3,1.67,23.0,,3.0,1
005157,18,1,Rural,Sierra Norte,Adobe,Red publica dentro de la vivienda,Hombre,Ocupado,5,3,1.67,54.0,3.0,5.0,1
005158,2,1,Rural,Selva,Otro material,Red publica dentro de la vivienda,Hombre,Ocupado,4,4,1.0,56.0,0.0,2.0,0
005159,15,1,Urbano,Sierra Sur,Ladrillo o Bloque de cemento,,Hombre,Ocupado,3,2,1.5,53.0,11.0,8.0,0
005160,6,1,Rural,Sierra Norte,Adobe,"Rio, acequia o manantial",Mujer,Ocupado,3,2,1.5,24.0,7.0,4.0,1
005161,18,1,Urbano,Lima Metropolitana,Ladrillo o Bloque de cemento,Red publica dentro de la vivienda,Hombre,Ocupado,3,1,3.0,37.0,11.0,3.0,0
005162,4,1,Urbano,Lima Metropolitana,Ladrillo o Bloque de cemento,Red publica dentro de la vivienda,Mujer,Ocupado,2,1,2.0,19.0,6.0,4.0,0
005163,16,1,Urbano,Costa Centro,Ladrillo o Bloque de cemento,Red publica dentro de la vivienda,Mujer,Ocupado,7,4,1.75,30.0,9.0,,0
005164,15,1,Rural,Sierra Sur,Ladrillo o Bloque de cemento,"Rio, acequia o manantial",Hombre,Ocupado,3,1,3.0,60.0,7.0,6.0,0
005165,3,1,Urbano,Lima Metropolitana,Ladrillo o Bloque de cemento,Red publica dentro de la vivienda,Hombre,Ocupado,7,6,1.17,43.0,10.0,5.0,0
005166,7,1,Urbano,Lima Metropolitana,Adobe,Otro,Hombre,Ocupado,4,2,2.0,59.0,12.0,8.0,0
005167,2,1,Rural,Sierra Centro,Adobe,"Rio, acequia o manantial",Mujer,Ocupado,7,4,1.75,59.0,10.0,3.0,0
005168,7,1,Urbano,Lima Metropolitana,Madera,Red publica dentro de la vivienda,Hombre,Ocupado,5,3,1.67,32.0,11.0,2.0,0
005169,5,1,Urbano,Costa Centro,Ladrillo o Bloque de cemento,Red publica dentro de la vivienda,Hombre,Ocupado,4,3,1.33,50.0,8.0,3.0,0
005170,7,1,Rural,Sierra Centro,Ladrillo o Bloque de cemento,"Rio, acequia o manantial",Hombre,Ocupado,2,1,2.0,26.0,,2.0,0
005171,15,1,Urbano,Lima Metropolitana,Madera,Red publica dentro de la vivienda,Mujer,Ocupado,8,8,1.0,,18.0,7.0,0
005172,12,1,Urbano,Lima Metropolitana,Adobe,Red publica dentro de la vivienda,Hombre,Ocupado,5,4,1.25,54.0,14.0,4.0,0
005173,2,1,Urbano,Lima Metropolitana,Ladrillo o Bloque de cemento,,Hombre,Ocupado,5,4,1.25,45.0,8.0,1.0,0
005174,1,1,Urbano,Costa Norte,Ladrillo o Bloque de cemento,Red publica dentro de la vivienda,Hombre,Ocupado,4,3,1.33,24.0,15.0,4.0,0
005175,5,1,Rural,Costa Centro,Ladrillo o Bloque de cemento,Red publica dentro de la vivienda,Mujer,Ocupado,9,8,1.12,27.0,5.0,3.0,0
005176,14,1,Rural,Costa Norte,Ladrillo o Bloque de cemento,Red publica fuera de la vivienda,Hombre,Inactivo,5,3,1.67,84.0,6.0,4.0,0
005177,18,1,Urbano,Costa Sur,Ladrillo o Bloque de cemento,Red publica dentro de la vivienda,Hombre,Ocupado,2,2,1.0,57.0,7.0,6.0,0
005178,18,1,Urbano,Costa Norte,Otro material,Red publica dentro de la vivienda,Mujer,Ocupado,5,5,1.0,44.0,11.0,2.0,0
005179,1,1,Rural,Selva,Ladrillo o Bloque de cemento,"Rio, acequia o manantial",Hombre,Ocupado,3,2,1.5,61.0,0.0,7.0,0
005180,9,1,Urbano,Selva,Adobe,Red publica dentro de la vivienda,Hombre,Inactivo,3,3,1.0,69.0,7.0,3.0,1
005181,16,1,Urbano,Lima Metropolitana,Madera,Red publica dentro de la vivienda,Hombre,Inactivo,4,2,2.0,65.0,14.0,5.0,0
005182,11,1,Urbano,Sierra Centro,Ladrillo o Bloque de cemento,Red publica fuera de la vivienda,Mujer,Ocupado,8,4,2.0,45.0,11.0,2.0,1
005183,5,1,Rural,Costa Norte,Ladrillo o Bloque de cemento,"Rio, acequia o manantial",Hombre,Ocupado,5,3,1.67,43.0,4.0,1.0,0
005184,15,1,Urbano,Lima Metropolitana,Ladrillo o Bloque de cemento,Pozo,Hombre,Ocupado,4,1,4.0,59.0,12.0,8.0,0
005185,4,1,Urbano,Costa Norte,Ladrillo o Bloque de cemento,Red publica dentro de la vivienda,Hombre,Ocupado,2,1,2.0,45.0,13.0,3.0,0
005186,10,1,Urbano,Lima Metropolitana,Ladrillo o Bloque de cemento,Red publica dentro de la vivienda,Hombre,Inactivo,8,5,1.6,65.0,14.0,5.0,1
005187,11,1,Rural,Costa Norte,Adobe,Red publica fuera de la vivienda,Hombre,Desocupado,6,2,3.0,50.0,9.0,5.0,1
005188,7,1,Rural,Selva,Ladrillo o Bloque de cemento,Red publica dentro de la vivienda,Hombre,Ocupado,6,4,1.5,59.0,3.0,4.0,1
005189,13,1,Urbano,Lima Metropolitana,Ladrillo o Bloque de cemento,Red publica dentro de la vivienda,Hombre,Ocupado,5,3,1.67,63.0,10.0,3.0,0
005190,10,1,Urbano,Selva,Madera,Red publica dentro de la vivienda,Mujer,Ocupado,7,4,1.75,30.0,17.0,3.0,0
005191,11,1,Rural,Selva,Adobe,"Rio, acequia o manantial",Hombre,Ocupado,3,3,1.0,50.0,5.0,1.0,0
005192,18,1,Urbano,Lima Metropolitana,,Red publica dentro de la vivienda,Mujer,Ocupado,1,1,1.0,64.0,11.0,5.0,0
005193,4,1,Urbano,Costa Centro,Ladrillo o Bloque de cemento,Otro,Hombre,Ocupado,6,5,1.2,37.0,11.0,3.0,0
005194,16,1,Urbano,Lima Metropolitana,Ladrillo o Bloque de cemento,Red publica fuera de la vivienda,Hombre,Ocupado,4,3,1.33,40.0,13.0,3.0,0
005195,16,1,Urbano,Lima Metropolitana,Ladrillo o Bloque de cemento,Red publica dentro de la vivienda,Hombre,Inactivo,5,3,1.67,65.0,9.0,2.0,1
005196,5,1,Urbano,Lima Metropolitana,Ladrillo o Bloque de cemento,Red publica dentro de la vivienda,Mujer,Inactivo,4,3,1.33,69.0,5.0,6.0,0
005197,1,1,Urbano,Sierra Sur,Ladrillo o Bloque de cemento,Red publica dentro de la vivienda,Mujer,Ocupado,2,2,1.0,18.0,10.0,3.0,0
005198,11,1,Urbano,Sierra Centro,Ladrillo o Bloque de cemento,Red publica dentro de la vivienda,Mujer,Inactivo,4,3,1.33,65.0,11.0,5.0,1
005199,14,1,Rural,Lima Metropolitana,Ladrillo o Bloque de cemento,Red publica fuera de la vivienda,Hombre,Ocupado,6,2,3.0,18.0,2.0,2.0,1
005200,17,1,Rural,Selva,Adobe,Red publica dentro de la vivienda,Mujer,Ocupado,2,2,1.0,47.0,7.0,3.0,0
005201,14,1,Urbano,Sierra Norte,Ladrillo o Bloque de cemento,Red publica dentro de la vivienda,Mujer,Ocupado,4,4,1.0,29.0,12.0,5.0,0
005202,7,1,Rural,Costa Centro,Madera,Pozo,Hombre,Ocupado,3,1,3.0,40.0,10.0,4.0,0
005203,14,1,Urbano,Costa Centro,Adobe,Red publica dentro de la vivienda,Hombre,Ocupado,4,3,1.33,49.0,7.0,,0
005204,19,1,Rural,Sierra Sur,Adobe,Red publica dentro de la vivienda,Hombre,Ocupado,5,2,2.5,55.0,8.0,4.0,0
005205,6,1,Urbano,Costa Centro,Ladrillo o Bloque de cemento,Red publica dentro de la vivienda,Hombre,Inactivo,7,5,1.4,68.0,13.0,6.0,0
005206,11,1,Urbano,Costa Norte,Ladrillo o Bloque de cemento,Red publica dentro de la vivienda,Hombre,Ocupado,7,5,1.4,29.0,16.0,2.0,0
005207,14,1,Urbano,Costa Norte,Ladrillo o Bloque de cemento,Red publica dentro de la vivienda,Hombre,Ocupado,2,1,2.0,64.0,14.0,2.0,0
005208,17,1,Urbano,Lima Metropolitana,Ladrillo o Bloque de cemento,Otro,Hombre,Ocupado,1,1,1.0,44.0,16.0,4.0,0
005209,17,1,Urbano,Costa Norte,Madera,Red publica dentro de la vivienda,Mujer,Ocupado,5,3,1.67,44.0,11.0,2.0,0
005210,1,1,Urbano,Costa Norte,Ladrillo o Bloque de cemento,Red publica dentro de la vivienda,Hombre,Inactivo,3,3,1.0,72.0,10.0,3.0,0
005211,19,1,Urbano,Sierra Sur,Ladrillo o Bloque de cemento,Pozo,Hombre,Ocupado,2,2,1.0,60.0,15.0,5.0,0
005212,18,1,Rural,Sierra Norte,Adobe,"Rio, acequia o manantial",Mujer,Ocupado,4,4,1.0,24.0,2.0,3.0,1
005213,8,1,Urbano,Lima Metropolitana,Ladrillo o Bloque de cemento,Red publica dentro de la vivienda,Mujer,Ocupado,4,3,1.33,47.0,17.0,4.0,0
005214,11,1,Urbano,Lima Metropolitana,Ladrillo o Bloque de cemento,Red publica dentro de la vivienda,Hombre,Ocupado,3,1,3.0,38.0,15.0,5.0,0
005215,19,1,Urbano,Sierra Centro,Ladrillo o Bloque de cemento,Red publica dentro de la vivienda,Mujer,Ocupado,4,3,1.33,42.0,10.0,5.0,0
005216,15,1,Rural,Sierra Sur,Ladrillo o Bloque de cemento,Otro,Hombre,Ocupado,8,4,2.0,46.0,1.0,2.0,1
005217,13,1,Urbano,Sierra Centro,Ladrillo o Bloque de cemento,Red publica dentro de la vivienda,Mujer,Ocupado,2,1,2.0,54.0,11.0,6.0,0
005218,1,1,Urbano,Costa Norte,Ladrillo o Bloque de cemento,Red publica fuera de la vivienda,Mujer,Ocupado,6,4,1.5,30.0,9.0,4.0,1
005219,16,1,Urbano,Sierra Norte,Ladrillo o Bloque de cemento,Red publica dentro de la vivienda,Hombre,Ocupado,6,4,1.5,45.0,6.0,3.0,1
005220,6,1,Urbano,Costa Centro,Ladrillo o Bloque de cemento,Red publica dentro de la vivienda,Hombre,Ocupado,5,3,1.67,42.0,9.0,4.0,1
005221,12,1,Urbano,Costa Centro,Ladrillo o Bloque de cemento,Red publica dentro de la vivienda,Hombre,Ocupado,7,6,1.17,53.0,14.0,3.0,0
005222,2,1,Urbano,Selva,Ladrillo o Bloque de cemento,Red publica dentro de la vivienda,Hombre,Ocupado,6,1,6.0,47.0,11.0,2.0,1
005223,6,1,Urbano,Costa Norte,Otro material,Red publica dentro de la vivienda,Mujer,Ocupado,4,3,1.33,61.0,10.0,,0
005224,9,1,Urbano,Costa Centro,Ladrillo o Bloque de cemento,Red publica dentro de la vivienda,Mujer,Ocupado,6,6,1.0,52.0,,2.0,0
005225,15,1,Urbano,Sierra Sur,Ladrillo o Bloque de cemento,Red publica dentro de la vivienda,Hombre,Ocupado,5,3,1.67,56.0,10.0,3.0,0
005226,4,1,Rural,Sierra Sur,Madera,"Rio, acequia o manantial",Mujer,Ocupado,3,3,1.0,51.0,12.0,5.0,0
005227,3,1,Urbano,Costa Centro,Ladrillo o Bloque de cemento,Red publica dentro de la vivienda,Hombre,Ocupado,5,2,2.5,32.0,11.0,3.0,0
005228,14,1,Urbano,Costa Norte,Ladrillo o Bloque de cemento,Red publica dentro de la vivienda,Hombre,Desocupado,9,7,1.29,43.0,10.0,6.0,1
005229,15,1,Rural,Costa Sur,Ladrillo o Bloque de cemento,Otro,Mujer,Ocupado,4,3,1.33,39.0,9.0,2.0,0
005230,7,1,Urbano,Costa Sur,Ladrillo o Bloque de cemento,Red publica dentro de la vivienda,Hombre,Desocupado,3,3,1.0,59.0,15.0,4.0,1
005231,3,1,Urbano,Lima Metropolitana,Ladrillo o Bloque de cemento,Red publica dentro de la vivienda,Hombre,Ocupado,5,4,1.25,60.0,17.0,3.0,0
005232,11,1,Urbano,Lima Metropolitana,Ladrillo o Bloque de cemento,Red publica dentro de la vivienda,Mujer,Desocupado,6,2,3.0,47.0,,5.0,1
005233,18,1,Urbano,Sierra Centro,Ladrillo o Bloque de cemento,Red publica dentro de la vivienda,Hombre,Desocupado,3,2,1.5,50.0,6.0,1.0,1
005234,10,1,Urbano,Sierra Centro,Ladrillo o Bloque de cemento,Red publica dentro de la vivienda,Hombre,Ocupado,6,5,1.2,26.0,14.0,6.0,0
005235,18,1,Urbano,Lima Metropolitana,Ladrillo o Bloque de cemento,Red publica dentro de la vivienda,Hombre,Ocupado,1,1,1.0,43.0,11.0,2.0,0
005236,5,1,Urbano,Lima Metropolitana,Ladrillo o Bloque de cemento,Red publica dentro de la vivienda,Hombre,Ocupado,3,2,1.5,18.0,11.0,4.0,0
005237,18,1,Rural,Costa Sur,Madera,Pozo,Hombre,Ocupado,3,3,1.0,59.0,3.0,4.0,0
005238,18,1,Urbano,Costa Centro,Ladrillo o Bloque de cemento,Red publica dentro de la vivienda,Hombre,Inactivo,3,2,1.5,79.0,13.0,5.0,1
005239,17,1,Rural,Sierra Sur,Adobe,"Rio, acequia o manantial",Hombre,Ocupado,5,2,2.5,41.0,10.0,4.0,0
005240,15,1,Rural,Selva,Adobe,Red publica fuera de la vivienda,Mujer,Ocupado,4,2,2.0,51.0,4.0,2.0,0
005241,3,1,Rural,Costa Centro,Adobe,Red publica dentro de la vivienda,Hombre,Ocupado,7,5,1.4,54.0,9.0,5.0,1
005242,1,1,Rural,Sierra Norte,Madera,Red publica dentro de la vivienda,Mujer,Ocupado,3,1,3.0,32.0,10.0,4.0,1
005243,8,1,Urbano,Sierra Norte,Ladrillo o Bloque de cemento,Red publica dentro de la vivienda,Hombre,Ocupado,4,3,1.33,46.0,12.0,2.0,0
005244,8,1,Rural,Sierra Norte,Adobe,Red publica dentro de la vivienda,Hombre,Ocupado,9,6,1.5,55.0,7.0,3.0,0
005245,19,1,Rural,Sierra Sur,Madera,"Rio, acequia o manantial",Mujer,Ocupado,5,3,1.67,50.0,6.0,3.0,0
005246,4,1,Urbano,Lima Metropolitana,Ladrillo o Bloque de cemento,Otro,Hombre,Ocupado,4,2,2.0,49.0,10.0,3.0,0
005247,12,1,Urbano,Selva,Madera,Red publica dentro de la vivienda,Mujer,Ocupado,3,3,1.0,44.0,13.0,4.0,0
005248,18,1,Urbano,Costa Sur,Ladrillo o Bloque de cemento,Red publica fuera de la vivienda,Mujer,Ocupado,6,5,1.2,37.0,15.0,8.0,0
005249,18,1,Urbano,Costa Centro,Ladrillo o Bloque de cemento,Red publica dentro de la vivienda,Hombre,Ocupado,9,6,1.5,57.0,11.0,3.0,1
005250,9,1,Urbano,Lima Metropolitana,Ladrillo o Bloque de cemento,Red publica dentro de la vivienda,Hombre,Inactivo,5,3,1.67,73.0,11.0,3.0,1
005251,1,1,Urbano,Sierra Sur,Ladrillo o Bloque de cemento,Red publica dentro de la vivienda,Hombre,Ocupado,7,3,2.33,20.0,13.0,5.0,1
005252,18,1,Rural,Costa Norte,Adobe,Red publica fuera de la vivienda,Hombre,Ocupado,3,2,1.5,18.0,4.0,2.0,0
005253,11,1,Rural,Sierra Norte,Adobe,,Hombre,Ocupado,3,1,3.0,31.0,11.0,2.0,0
005254,11,1,Urbano,Lima Metropolitana,Ladrillo o Bloque de cemento,Red publica dentro de la vivienda,Hombre,Ocupado,5,5,1.0,42.0,16.0,4.0,0
005255,11,1,Urbano,Lima Metropolitana,Ladrillo o Bloque de cemento,Red publica dentro de la vivienda,Hombre,Ocupado,4,2,2.0,44.0,14.0,7.0,0
005256,10,1,Urbano,Lima Metropolitana,Ladrillo o Bloque de cemento,Red publica dentro de la vivienda,Hombre,Ocupado,5,3,1.67,50.0,11.0,2.0,0
005257,16,1,Urbano,Selva,Ladrillo o Bloque de cemento,Red publica fuera de la vivienda,Hombre,Ocupado,2,1,2.0,49.0,10.0,4.0,0
005258,8,1,Urbano,Sierra Sur,Ladrillo o Bloque de cemento,Red publica dentro de la vivienda,Hombre,Ocupado,4,3,1.33,46.0,5.0,4.0,0
005259,13,1,Rural,Sierra Sur,Madera,"Rio, acequia o manantial",Hombre,Inactivo,4,3,1.33,66.0,4.0,4.0,1
005260,18,1,Urbano,Costa Sur,Ladrillo o Bloque de cemento,Red publica dentro de la vivienda,Hombre,Ocupado,4,4,1.0,35.0,13.0,7.0,1
005261,16,1,Urbano,Lima Metropolitana,Adobe,Red publica dentro de la vivienda,Hombre,Ocupado,5,4,1.25,61.0,10.0,3.0,0
005262,6,1,Rural,Selva,Adobe,Red publica dentro de la vivienda,Hombre,Inactivo,4,2,2.0,76.0,14.0,5.0,0
005263,3,1,Urbano,Costa Centro,Ladrillo o Bloque de cemento,Red publica dentro de la vivienda,Hombre,Ocupado,5,4,1.25,27.0,9.0,3.0,0
005264,17,1,Urbano,Lima Metropolitana,Ladrillo o Bloque de cemento,Red publica dentro de la vivienda,Hombre,Ocupado,4,3,1.33,21.0,10.0,3.0,0
005265,14,1,Rural,Sierra Centro,Adobe,Pozo,Hombre,Desocupado,9,5,1.8,51.0,8.0,2.0,1
005266,13,1,Urbano,Costa Norte,Ladrillo o Bloque de cemento,Red publica dentro de la vivienda,Mujer,Ocupado,3,2,1.5,57.0,12.0,2.0,0
005267,5,1,Urbano,Sierra Norte,Ladrillo o Bloque de cemento,Red publica dentro de la vivienda,Hombre,Ocupado,3,1,3.0,49.0,15.0,3.0,0
005268,15,1,Urbano,Lima Metropolitana,Madera,Pozo,Hombre,Ocupado,6,4,1.5,18.0,12.0,7.0,0
005269,10,1,Urbano,Lima Metropolitana,Ladrillo o Bloque de cemento,Red publica dentro de la vivienda,Hombre,Ocupado,2,2,1.0,24.0,10.0,5.0,0
005270,9,1,Urbano,Sierra Sur,Ladrillo o Bloque de cemento,Red publica dentro de la vivienda,Hombre,Ocupado,4,4,1.0,41.0,9.0,3.0,0
005271,18,1,Urbano,Lima Metropolitana,Ladrillo o Bloque de cemento,,Hombre,Ocupado,4,4,1.0,54.0,16.0,4.0,0
005272,10,1,Urbano,Lima Metropolitana,Madera,Red publica dentro de la vivienda,Hombre,Ocupado,4,2,2.0,43.0,18.0,4.0,0
005273,16,1,Urbano,Lima Metropolitana,Ladrillo o Bloque de cemento,Red publica dentro de la vivienda,Mujer,Ocupado,3,2,1.5,51.0,11.0,4.0,0
005274,2,1,Urbano,Lima Metropolitana,Ladrillo o Bloque de cemento,Red publica dentro de la vivienda,Mujer,Ocupado,7,4,1.75,51.0,,4.0,1
005275,14,1,Urbano,Sierra Centro,Ladrillo o Bloque de cemento,Red publica dentro de la vivienda,Hombre,Ocupado,4,4,1.0,61.0,15.0,3.0,0
005276,15,1,Urbano,Lima Metropolitana,Madera,Red publica dentro de la vivienda,Mujer,Ocupado,5,4,1.25,32.0,15.0,4.0,1
005277,1,1,Urbano,Selva,Ladrillo o Bloque de cemento,Red publica dentro de la vivienda,Hombre,Ocupado,4,2,2.0,49.0,9.0,2.0,1
005278,13,1,Urbano,Lima Metropolitana,Otro material,Red publica dentro de la vivienda,Hombre,Inactivo,4,2,2.0,68.0,9.0,6.0,1
005279,17,1,Urbano,Costa Centro,Ladrillo o Bloque de cemento,Red publica dentro de la vivienda,Hombre,Ocupado,3,3,1.0,37.0,9.0,5.0,0
005280,9,1,Urbano,Lima Metropolitana,Madera,Red publica fuera de la vivienda,Hombre,Ocupado,5,4,1.25,39.0,15.0,8.0,0
005281,18,1,Urbano,Lima Metropolitana,Ladrillo o Bloque de cemento,Red publica fuera de la vivienda,Hombre,Ocupado,2,1,2.0,49.0,8.0,4.0,0
005282,6,1,Rural,Sierra Norte,Adobe,"Rio, acequia o manantial",Mujer,Ocupado,7,5,1.4,33.0,7.0,4.0,0
005283,16,1,Urbano,Lima Metropolitana,Ladrillo o Bloque de cemento,Red publica dentro de la vivienda,Mujer,Ocupado,5,5,1.0,32.0,11.0,5.0,0
005284,11,1,Rural,Sierra Centro,Ladrillo o Bloque de cemento,Red publica dentro de la vivienda,Hombre,Ocupado,5,2,2.5,43.0,4.0,7.0,0
005285,6,1,Urbano,Costa Sur,Ladrillo o Bloque de cemento,Red publica fuera de la vivienda,Hombre,Ocupado,4,3,1.33,45.0,,5.0,0
005286,1,1,Urbano,Costa Centro,Ladrillo o Bloque de cemento,Red publica dentro de la vivienda,Mujer,Ocupado,9,8,1.12,59.0,14.0,4.0,0
005287,19,1,Urbano,Lima Metropolitana,Ladrillo o Bloque de cemento,Red publica dentro de la vivienda,Mujer,Ocupado,6,5,1.2,35.0,,2.0,0
005288,18,1,Urbano,Selva,Ladrillo o Bloque de cemento,Red publica dentro de la vivienda,Hombre,Ocupado,3,2,1.5,48.0,14.0,4.0,0
005289,3,1,Urbano,Sierra Norte,Ladrillo o Bloque de cemento,Red publica dentro de la vivienda,Hombre,Inactivo,4,3,1.33,65.0,8.0,5.0,0
005290,15,1,Urbano,Selva,Ladrillo o Bloque de cemento,Red publica fuera de la vivienda,Hombre,Ocupado,4,3,1.33,64.0,6.0,5.0,0
005291,7,1,Urbano,Sierra Centro,Ladrillo o Bloque de cemento,Red publica dentro de la vivienda,Hombre,Ocupado,4,3,1.33,46.0,12.0,4.0,0
005292,15,1,Rural,Sierra Sur,Adobe,Red publica dentro de la vivienda,Hombre,Ocupado,2,2,1.0,51.0,6.0,3.0,0
005293,5,1,Urbano,Lima Metropolitana,Ladrillo o Bloque de cemento,Red publica dentro de la vivienda,Hombre,Ocupado,5,2,2.5,35.0,11.0,3.0,0
005294,19,1,Urbano,Lima Metropolitana,Ladrillo o Bloque de cemento,Red publica dentro de la vivienda,Hombre,Ocupado,6,5,1.2,52.0,6.0,3.0,0
005295,18,1,Urbano,Lima Metropolitana,Ladrillo o Bloque de cemento,Red publica dentro de la vivienda,Hombre,Inactivo,4,4,1.0,69.0,15.0,4.0,0
005296,18,1,Rural,Selva,Madera,Pozo,Hombre,Inactivo,3,2,1.5,66.0,0.0,4.0,1
005297,12,1,Urbano,Lima Metropolitana,Ladrillo o Bloque de cemento,Red publica dentro de la vivienda,Mujer,Ocupado,2,2,1.0,48.0,15.0,3.0,0
005298,4,1,Rural,Sierra Norte,Madera,Pozo,Hombre,Ocupado,5,3,1.67,53.0,9.0,8.0,0
005299,7,1,Rural,Sierra Norte,Ladrillo o Bloque de cemento,Red publica fuera de la vivienda,Mujer,Ocupado,6,6,1.0,38.0,8.0,3.0,0
005300,19,1,Urbano,Costa Norte,Ladrillo o Bloque de cemento,Red publica dentro de la vivienda,Hombre,Ocupado,4,1,4.0,35.0,11.0,6.0,1
005301,9,1,Urbano,Selva,Ladrillo o Bloque de cemento,Red publica dentro de la vivienda,Hombre,Ocupado,5,2,2.5,43.0,4.0,4.0,1
005302,17,1,Urbano,Selva,Ladrillo o Bloque de cemento,Red publica fuera de la vivienda,Mujer,Ocupado,7,4,1.75,52.0,6.0,2.0,1
005303,16,1,Urbano,Lima Metropolitana,Madera,Red publica dentro de la vivienda,Hombre,Ocupado,5,3,1.67,58.0,10.0,3.0,0
005304,5,1,Urbano,Sierra Centro,Ladrillo o Bloque de cemento,Red publica dentro de la vivienda,Hombre,Ocupado,5,3,1.67,47.0,17.0,5.0,0
005305,16,1,Urbano,Costa Norte,Madera,Red publica dentro de la vivienda,Hombre,Ocupado,2,1,2.0,54.0,14.0,4.0,0
005306,5,1,Urbano,Lima Metropolitana,Ladrillo o Bloque de cemento,Red publica dentro de la vivienda,Hombre,Ocupado,8,4,2.0,18.0,12.0,5.0,0
005307,19,1,Urbano,Lima Metropolitana,Ladrillo o Bloque de cemento,Red publica fuera de la vivienda,Hombre,Desocupado,7,3,2.33,50.0,10.0,4.0,1
005308,6,1,Rural,Sierra Norte,Adobe,"Rio, acequia o manantial",Mujer,Ocupado,7,4,1.75,39.0,7.0,6.0,0
005309,2,1,Rural,Costa Sur,Madera,"Rio, acequia o manantial",Hombre,Ocupado,5,3,1.67,30.0,9.0,4.0,0
005310,8,1,Rural,Sierra Norte,Ladrillo o Bloque de cemento,"Rio, acequia o manantial",Hombre,Ocupado,2,2,1.0,54.0,7.0,3.0,0
005311,4,1,Rural,Sierra Sur,Ladrillo o Bloque de cemento,Pozo,Hombre,Inactivo,5,3,1.67,68.0,2.0,,1
005312,2,1,Urbano,Sierra Norte,Ladrillo o Bloque de cemento,Red publica dentro de la vivienda,Hombre,Ocupado,6,3,2.0,48.0,15.0,7.0,0
005313,13,1,Rural,Sierra Centro,Adobe,Pozo,Hombre,Ocupado,1,1,1.0,60.0,8.0,2.0,0
005314,4,1,Urbano,Lima Metropolitana,Madera,Pozo,Hombre,Ocupado,6,2,3.0,42.0,11.0,3.0,0
005315,2,1,Rural,Sierra Centro,Madera,Red publica dentro de la vivienda,Mujer,Inactivo,1,1,1.0,77.0,8.0,3.0,0
005316,19,1,Rural,Sierra Centro,Adobe,Pozo,Hombre,Ocupado,3,2,1.5,26.0,10.0,5.0,0
005317,13,1,Urbano,Costa Norte,Ladrillo o Bloque de cemento,Red publica dentro de la vivienda,Mujer,Ocupado,4,4,1.0,47.0,12.0,7.0,0
005318,13,1,Urbano,Lima Metropolitana,Madera,Red publica dentro de la vivienda,Hombre,Ocupado,8,6,1.33,59.0,14.0,3.0,0
005319,18,1,Urbano,Sierra Centro,Ladrillo o Bloque de cemento,Red publica dentro de la vivienda,Mujer,Ocupado,7,7,1.0,48.0,16.0,6.0,0
005320,9,1,Rural,Sierra Norte,Madera,Red publica fuera de la vivienda,Hombre,Inactivo,4,1,4.0,67.0,4.0,1.0,1
005321,4,1,Rural,Costa Norte,Otro material,Red publica fuera de la vivienda,Hombre,Ocupado,8,3,2.67,19.0,3.0,5.0,1
005322,10,1,Urbano,Lima Metropolitana,Otro material,Red publica dentro de la vivienda,Hombre,Ocupado,2,2,1.0,46.0,11.0,6.0,0
005323,5,1,Urbano,Lima Metropolitana,Ladrillo o Bloque de cemento,Red publica dentro de la vivienda,Hombre,Ocupado,3,3,1.0,45.0,15.0,5.0,0
005324,16,1,Urbano,Costa Norte,Ladrillo o Bloque de cemento,Red publica dentro de la vivienda,Mujer,Ocupado,3,2,1.5,46.0,14.0,4.0,0
005325,15,1,Urbano,Costa Centro,Otro material,Red publica dentro de la vivienda,Hombre,Ocupado,9,4,2.25,26.0,12.0,4.0,0
005326,14,1,Urbano,Costa Centro,Ladrillo o Bloque de cemento,Pozo,Hombre,Ocupado,4,2,2.0,44.0,8.0,3.0,0
005327,5,1,Urbano,Selva,Ladrillo o Bloque de cemento,Red publica dentro de la vivienda,Hombre,Ocupado,5,4,1.25,43.0,17.0,5.0,0
005328,3,1,Urbano,Lima Metropolitana,Ladrillo o Bloque de cemento,Red publica dentro de la vivienda,Mujer,Ocupado,4,2,2.0,51.0,9.0,3.0,1
005329,10,1,Rural,Sierra Sur,Ladrillo o Bloque de cemento,"Rio, acequia o manantial",Hombre,Ocupado,3,3,1.0,63.0,5.0,3.0,0
005330,6,1,Urbano,Sierra Centro,Madera,Red publica dentro de la vivienda,Hombre,Ocupado,8,5,1.6,50.0,9.0,4.0,0
005331,1,1,Urbano,Lima Metropolitana,Adobe,Red publica dentro de la vivienda,Hombre,Ocupado,5,3,1.67,54.0,16.0,7.0,0
005332,10,1,Urbano,Lima Metropolitana,Ladrillo o Bloque de cemento,Red publica dentro de la vivienda,Mujer,Inactivo,6,3,2.0,66.0,12.0,4.0,1
005333,16,1,Rural,Sierra Norte,Ladrillo o Bloque de cemento,Red publica dentro de la vivienda,Hombre,Inactivo,4,2,2.0,65.0,12.0,5.0,1
005334,16,1,Urbano,Costa Centro,Ladrillo o Bloque de cemento,Red publica dentro de la vivienda,Hombre,Ocupado,3,3,1.0,18.0,14.0,4.0,0
005335,17,1,Rural,Sierra Centro,Ladrillo o Bloque de cemento,Red publica fuera de la vivienda,Hombre,Ocupado,4,3,1.33,59.0,4.0,6.0,0
005336,14,1,Urbano,Lima Metropolitana,Ladrillo o Bloque de cemento,Otro,Mujer,Ocupado,4,2,2.0,59.0,11.0,4.0,0
005337,3,1,Urbano,Lima Metropolitana,Ladrillo o Bloque de cemento,Red publica dentro de la vivienda,Mujer,Ocupado,5,2,2.5,44.0,11.0,1.0,0
005338,16,1,Urbano,Lima Metropolitana,Otro material,Red publica dentro de la vivienda,Hombre,Ocupado,6,5,1.2,42.0,17.0,4.0,0
005339,11,1,Urbano,Lima Metropolitana,Adobe,Red publica dentro de la vivienda,Hombre,Ocupado,5,5,1.0,32.0,15.0,,0
005340,18,1,Rural,Sierra Norte,Ladrillo o Bloque de cemento,"Rio, acequia o manantial",Hombre,Ocupado,6,6,1.0,21.0,1.0,3.0,1
005341,18,1,Rural,Sierra Centro,Adobe,Red publica dentro de la vivienda,Hombre,Ocupado,3,2,1.5,60.0,8.0,4.0,0
005342,8,1,Rural,Costa Norte,Madera,"Rio, acequia o manantial",Mujer,Ocupado,6,5,1.2,59.0,6.0,4.0,0
005343,1,1,Urbano,Lima Metropolitana,Ladrillo o Bloque de cemento,Red publica dentro de la vivienda,Hombre,Ocupado,6,4,1.5,47.0,8.0,3.0,1
005344,12,1,Rural,Selva,Adobe,Otro,Mujer,Ocupado,3,3,1.0,58.0,4.0,3.0,0
005345,3,1,Rural,Sierra Norte,Adobe,Otro,Hombre,Ocupado,6,4,1.5,62.0,6.0,5.0,1
005346,6,1,Urbano,Costa Norte,Ladrillo o Bloque de cemento,Red publica dentro de la vivienda,Mujer,Ocupado,3,3,1.0,23.0,4.0,3.0,0
005347,18,1,Urbano,Lima Metropolitana,Ladrillo o Bloque de cemento,Red publica dentro de la vivienda,Hombre,Desocupado,5,5,1.0,51.0,13.0,6.0,1
005348,17,1,Urbano,Lima Metropolitana,Ladrillo o Bloque de cemento,Red publica dentro de la vivienda,Hombre,Ocupado,6,4,1.5,45.0,13.0,8.0,0
005349,2,1,Urbano,Lima Metropolitana,Adobe,Red publica dentro de la vivienda,Hombre,Ocupado,7,3,2.33,54.0,12.0,6.0,0
005350,19,1,Urbano,Costa Sur,Ladrillo o Bloque de cemento,Red publica dentro de la vivienda,Mujer,Ocupado,3,3,1.0,51.0,11.0,4.0,0
005351,16,1,Urbano,Lima Metropolitana,Ladrillo o Bloque de cemento,Otro,Hombre,Ocupado,7,5,1.4,59.0,12.0,3.0,0
005352,2,1,Urbano,Lima Metropolitana,Ladrillo o Bloque de cemento,Red publica dentro de la vivienda,Mujer,Ocupado,4,3,1.33,26.0,9.0,4.0,0
005353,9,1,Urbano,Lima Metropolitana,Ladrillo o Bloque de cemento,Red publica dentro de la vivienda,Hombre,Inactivo,2,1,2.0,66.0,10.0,4.0,1
005354,1,1,Urbano,Lima Metropolitana,Ladrillo o Bloque de cemento,Red publica fuera de la vivienda,Hombre,Desocupado,8,5,1.6,41.0,10.0,8.0,1
005355,13,1,Urbano,Lima Metropolitana,Ladrillo o Bloque de cemento,Red publica dentro de la vivienda,Mujer,Ocupado,4,2,2.0,46.0,15.0,3.0,0
005356,16,1,Urbano,Lima Metropolitana,Ladrillo o Bloque de cemento,Red publica dentro de la vivienda,Hombre,Ocupado,7,6,1.17,23.0,9.0,2.0,0
005357,14,1,Rural,Selva,Ladrillo o Bloque de cemento,"Rio, acequia o manantial",Mujer,Ocupado,5,3,1.67,47.0,5.0,8.0,0
005358,10,1,Rural,Sierra Sur,Otro material,Red publica dentro de la vivienda,Hombre,Ocupado,2,2,1.0,48.0,7.0,3.0,0
005359,6,1,Rural,Sierra Centro,Adobe,Pozo,Hombre,Ocupado,3,2,1.5,47.0,2.0,5.0,0
005360,16,1,Urbano,Lima Metropolitana,,Red publica dentro de la vivienda,Hombre,Ocupado,1,1,1.0,38.0,11.0,5.0,0
005361,8,1,Urbano,Lima Metropolitana,Ladrillo o Bloque de cemento,Red publica dentro de la vivienda,Hombre,Ocupado,6,3,2.0,31.0,13.0,3.0,0
005362,8,1,Rural,Costa Norte,Otro material,Red publica fuera de la vivienda,Hombre,Ocupado,6,6,1.0,57.0,7.0,5.0,0
005363,11,1,Urbano,Costa Centro,Ladrillo o Bloque de cemento,Otro,Mujer,Ocupado,8,5,1.6,24.0,12.0,4.0,0
005364,8,1,Urbano,Lima Metropolitana,Ladrillo o Bloque de cemento,Red publica dentro de la vivienda,Hombre,Ocupado,3,2,1.5,59.0,10.0,6.0,0
005365,6,1,Urbano,Lima Metropolitana,Ladrillo o Bloque de cemento,Red publica dentro de la vivienda,Hombre,Inactivo,6,4,1.5,72.0,9.0,2.0,1
005366,9,1,Urbano,Lima Metropolitana,Ladrillo o Bloque de cemento,Red publica dentro de la vivienda,Hombre,Inactivo,5,3,1.67,79.0,11.0,2.0,1
005367,10,1,Rural,Sierra Sur,Ladrillo o Bloque de cemento,"Rio, acequia o manantial",Mujer,Ocupado,5,3,1.67,,7.0,3.0,0
005368,7,1,Urbano,Lima Metropolitana,Ladrillo o Bloque de cemento,Red publica dentro de la vivienda,Mujer,Ocupado,4,3,1.33,56.0,12.0,3.0,0
005369,14,1,Urbano,Lima Metropolitana,Adobe,Red publica fuera de la vivienda,Hombre,Ocupado,4,2,2.0,40.0,9.0,2.0,0
005370,16,1,Urbano,Sierra Norte,Ladrillo o Bloque de cemento,Red publica dentro de la vivienda,Hombre,Inactivo,5,3,1.67,65.0,18.0,5.0,0
005371,6,1,Rural,Costa Centro,Ladrillo o Bloque de cemento,Otro,Hombre,Ocupado,6,4,1.5,54.0,4.0,3.0,1
005372,9,1,Urbano,Lima Metropolitana,Ladrillo o Bloque de cemento,Otro,Hombre,Ocupado,2,2,1.0,44.0,8.0,4.0,0
005373,13,1,Rural,Costa Norte,Otro material,Red publica fuera de la vivienda,Hombre,Ocupado,6,1,6.0,35.0,4.0,7.0,1
005374,1,1,Urbano,Selva,Adobe,Red publica dentro de la vivienda,Hombre,Ocupado,3,2,1.5,43.0,14.0,,0
005375,12,1,Urbano,Lima Metropolitana,Ladrillo o Bloque de cemento,Red publica dentro de la vivienda,Hombre,Ocupado,3,2,1.5,39.0,14.0,4.0,0
005376,19,1,Urbano,Lima Metropolitana,Ladrillo o Bloque de cemento,Red publica dentro de la vivienda,Mujer,Ocupado,8,4,2.0,48.0,18.0,7.0,1
005377,10,1,Rural,Sierra Norte,Ladrillo o Bloque de cemento,Red publica dentro de la vivienda,Hombre,Ocupado,3,3,1.0,48.0,3.0,4.0,0
005378,18,1,Urbano,Lima Metropolitana,Ladrillo o Bloque de cemento,,Hombre,Ocupado,6,1,6.0,40.0,12.0,2.0,1
005379,19,1,Urbano,Costa Sur,Ladrillo o Bloque de cemento,Red publica dentro de la vivienda,Hombre,Ocupado,7,5,1.4,39.0,14.0,4.0,0
005380,3,1,Urbano,Lima Metropolitana,Madera,Red publica dentro de la vivienda,Hombre,Ocupado,7,5,1.4,57.0,9.0,3.0,0
005381,17,1,Urbano,Costa Sur,Ladrillo o Bloque de cemento,Red publica dentro de la vivienda,Hombre,Ocupado,3,1,3.0,58.0,15.0,4.0,0
005382,11,1,Urbano,Lima Metropolitana,Ladrillo o Bloque de cemento,Red publica dentro de la vivienda,Hombre,Ocupado,8,4,2.0,37.0,13.0,8.0,0
005383,17,1,Urbano,Lima Metropolitana,Otro material,Red publica dentro de la vivienda,Hombre,Ocupado,5,3,1.67,47.0,10.0,5.0,0
005384,18,1,Rural,Costa Sur,Adobe,"Rio, acequia o manantial",Mujer,Ocupado,3,1,3.0,36.0,1.0,4.0,0
005385,4,1,Urbano,Costa Sur,Ladrillo o Bloque de cemento,Red publica dentro de la vivienda,Hombre,Inactivo,1,1,1.0,85.0,13.0,5.0,0
005386,12,1,Urbano,Lima Metropolitana,Ladrillo o Bloque de cemento,Red publica dentro de la vivienda,Hombre,Ocupado,3,2,1.5,35.0,17.0,3.0,0
005387,2,1,Urbano,Costa Norte,Ladrillo o Bloque de cemento,Red publica dentro de la vivienda,Hombre,Ocupado,8,6,1.33,,12.0,5.0,0
005388,12,1,Urbano,Costa Sur,Ladrillo o Bloque de cemento,Red publica dentro de la vivienda,Hombre,Ocupado,3,3,1.0,,12.0,7.0,0
005389,2,1,Rural,Sierra Sur,Adobe,Red publica dentro de la vivienda,Hombre,Ocupado,3,3,1.0,39.0,7.0,5.0,0
005390,14,1,Urbano,Lima Metropolitana,Ladrillo o Bloque de cemento,Red publica dentro de la vivienda,Hombre,Ocupado,4,3,1.33,36.0,15.0,4.0,0
005391,12,1,Urbano,Selva,Ladrillo o Bloque de cemento,Red publica fuera de la vivienda,Mujer,Ocupado,6,1,6.0,44.0,15.0,3.0,1
005392,16,1,Urbano,Sierra Centro,Ladrillo o Bloque de cemento,Red publica dentro de la vivienda,Hombre,Ocupado,4,2,2.0,36.0,2.0,1.0,1
005393,4,1,Urbano,Lima Metropolitana,Ladrillo o Bloque de cemento,Red publica fuera de la vivienda,Hombre,Ocupado,6,2,3.0,51.0,11.0,1.0,0
005394,19,1,Rural,Sierra Sur,Ladrillo o Bloque de cemento,Red publica fuera de la vivienda,Hombre,Ocupado,6,5,1.2,36.0,5.0,3.0,1
005395,19,1,Rural,Sierra Sur,Adobe,Red publica fuera de la vivienda,Hombre,Ocupado,6,5,1.2,50.0,7.0,8.0,1
005396,7,1,Urbano,Sierra Sur,Ladrillo o Bloque de cemento,Red publica dentro de la vivienda,Hombre,Ocupado,7,5,1.4,19.0,10.0,1.0,0
005397,9,1,Rural,Sierra Norte,Madera,Red publica dentro de la vivienda,Mujer,Ocupado,5,3,1.67,37.0,8.0,5.0,0
005398,13,1,Rural,Sierra Norte,Madera,Red publica dentro de la vivienda,Hombre,Ocupado,6,5,1.2,42.0,8.0,3.0,0
005399,11,1,Urbano,Lima Metropolitana,,Red publica dentro de la vivienda,Hombre,Ocupado,3,2,1.5,62.0,6.0,4.0,0
005400,7,1,Rural,Costa Norte,Ladrillo o Bloque de cemento,"Rio, acequia o manantial",Hombre,Ocupado,6,3,2.0,22.0,0.0,5.0,0
005401,17,1,Urbano,Lima Metropolitana,Ladrillo o Bloque de cemento,Pozo,Mujer,Ocupado,5,2,2.5,62.0,15.0,4.0,0
005402,10,1,Urbano,Costa Sur,Ladrillo o Bloque de cemento,Red publica dentro de la vivienda,Hombre,Ocupado,4,3,1.33,57.0,8.0,4.0,0
005403,2,1,Rural,Sierra Centro,Adobe,Red publica dentro de la vivienda,Mujer,Ocupado,9,6,1.5,23.0,12.0,5.0,0
005404,2,1,Urbano,Costa Centro,Ladrillo o Bloque de cemento,Otro,Mujer,Ocupado,4,3,1.33,56.0,14.0,5.0,0
005405,19,1,Rural,Selva,Adobe,"Rio, acequia o manantial",Hombre,Ocupado,6,4,1.5,35.0,1.0,3.0,0
005406,18,1,Urbano,Lima Metropolitana,Ladrillo o Bloque de cemento,Red publica dentro de la vivienda,Hombre,Ocupado,1,1,1.0,56.0,10.0,1.0,0
005407,1,1,Rural,Sierra Centro,Ladrillo o Bloque de cemento,Red publica dentro de la vivienda,Mujer,Desocupado,4,2,2.0,57.0,,5.0,1
005408,2,1,Urbano,Costa Centro,Ladrillo o Bloque de cemento,Red publica dentro de la vivienda,Mujer,Ocupado,6,4,1.5,59.0,10.0,2.0,1
005409,6,1,Rural,Costa Sur,Otro material,Pozo,Mujer,Ocupado,5,5,1.0,40.0,6.0,2.0,0
005410,5,1,Urbano,Lima Metropolitana,Ladrillo o Bloque de cemento,Red publica dentro de la vivienda,Hombre,Ocupado,3,3,1.0,58.0,9.0,7.0,0
005411,18,1,Urbano,Sierra Norte,Ladrillo o Bloque de cemento,Red publica dentro de la vivienda,Mujer,Inactivo,6,5,1.2,70.0,12.0,4.0,1
005412,3,1,Urbano,Lima Metropolitana,Ladrillo o Bloque de cemento,Red publica dentro de la vivienda,Hombre,Ocupado,5,5,1.0,44.0,13.0,2.0,0
005413,10,1,Urbano,Sierra Centro,Ladrillo o Bloque de cemento,Pozo,Mujer,Ocupado,5,2,2.5,46.0,13.0,7.0,0
005414,5,1,Urbano,Costa Sur,Ladrillo o Bloque de cemento,Red publica dentro de la vivienda,Hombre,Ocupado,2,2,1.0,58.0,11.0,6.0,0
005415,4,1,Urbano,Lima Metropolitana,Madera,Red publica dentro de la vivienda,Mujer,Ocupado,4,4,1.0,18.0,10.0,4.0,0
005416,3,1,Rural,Sierra Sur,Adobe,Red publica fuera de la vivienda,Hombre,Ocupado,2,1,2.0,34.0,7.0,3.0,0
005417,18,1,Urbano,Costa Norte,Ladrillo o Bloque de cemento,Red publica dentro de la vivienda,Hombre,Ocupado,5,4,1.25,62.0,12.0,7.0,0
005418,12,1,Urbano,Lima Metropolitana,Ladrillo o Bloque de cemento,Red publica dentro de la vivienda,Hombre,Ocupado,4,2,2.0,50.0,13.0,6.0,0
005419,2,1,Urbano,Costa Centro,Ladrillo o Bloque de cemento,Red publica dentro de la vivienda,Mujer,Ocupado,3,2,1.5,45.0,15.0,3.0,0
005420,6,1,Urbano,Sierra Centro,Ladrillo o Bloque de cemento,Red publica dentro de la vivienda,Mujer,Ocupado,5,4,1.25,35.0,8.0,5.0,1
005421,11,1,Rural,Sierra Centro,Adobe,Red publica dentro de la vivienda,Hombre,Ocupado,3,1,3.0,48.0,9.0,3.0,1
005422,9,1,Urbano,Sierra Sur,Ladrillo o Bloque de cemento,Red publica dentro de la vivienda,Hombre,Ocupado,3,2,1.5,41.0,7.0,3.0,0
005423,2,1,Urbano,Lima Metropolitana,Ladrillo o Bloque de cemento,Red publica dentro de la vivienda,Hombre,Ocupado,6,3,2.0,24.0,15.0,4.0,0
005424,19,1,Urbano,Costa Norte,Ladrillo o Bloque de cemento,Red publica dentro de la vivienda,Hombre,Inactivo,5,3,1.67,66.0,4.0,3.0,0
005425,11,1,Urbano,Lima Metropolitana,Otro material,Red publica dentro de la vivienda,Hombre,Ocupado,2,1,2.0,38.0,12.0,5.0,1
005426,19,1,Urbano,Lima Metropolitana,Ladrillo o Bloque de cemento,Red publica dentro de la vivienda,Hombre,Ocupado,4,2,2.0,44.0,16.0,5.0,0
005427,12,1,Urbano,Lima Metropolitana,Ladrillo o Bloque de cemento,Red publica dentro de la vivienda,Hombre,Ocupado,7,6,1.17,23.0,11.0,5.0,0
005428,3,1,Urbano,Lima Metropolitana,Ladrillo o Bloque de cemento,Red publica dentro de la vivienda,Hombre,Ocupado,5,3,1.67,41.0,12.0,4.0,0
005429,4,1,Urbano,Lima Metropolitana,Ladrillo o Bloque de cemento,Red publica dentro de la vivienda,Mujer,Ocupado,5,3,1.67,62.0,13.0,4.0,0
005430,16,1,Urbano,Selva,Ladrillo o Bloque de cemento,Red publica dentro de la vivienda,Mujer,Ocupado,4,1,4.0,61.0,4.0,4.0,1
005431,16,1,Urbano,Sierra Centro,Ladrillo o Bloque de cemento,Red publica dentro de la vivienda,Hombre,Desocupado,4,2,2.0,48.0,12.0,4.0,1
005432,18,1,Rural,Sierra Sur,Ladrillo o Bloque de cemento,"Rio, acequia o manantial",Hombre,Desocupado,4,3,1.33,39.0,3.0,4.0,1
005433,10,1,Urbano,Lima Metropolitana,Ladrillo o Bloque de cemento,Red publica dentro de la vivienda,Mujer,Ocupado,6,4,1.5,48.0,15.0,5.0,0
005434,16,1,Urbano,Sierra Sur,Ladrillo o Bloque de cemento,Pozo,Hombre,Ocupado,3,2,1.5,55.0,11.0,,1
005435,16,1,Urbano,Lima Metropolitana,Ladrillo o Bloque de cemento,Red publica dentro de la vivienda,Hombre,Ocupado,3,1,3.0,27.0,13.0,5.0,0
005436,8,1,Urbano,Costa Norte,Ladrillo o Bloque de cemento,Red publica dentro de la vivienda,Hombre,Ocupado,9,5,1.8,52.0,7.0,5.0,0
005437,9,1,Urbano,Lima Metropolitana,Ladrillo o Bloque de cemento,Red publica dentro de la vivienda,Mujer,Ocupado,8,7,1.14,59.0,15.0,,0
005438,9,1,Urbano,Costa Sur,Ladrillo o Bloque de cemento,Red publica dentro de la vivienda,Hombre,Ocupado,5,4,1.25,47.0,11.0,2.0,0
005439,12,1,Urbano,Lima Metropolitana,Ladrillo o Bloque de cemento,Pozo,Mujer,Ocupado,4,1,4.0,48.0,8.0,3.0,0
005440,11,1,Rural,Costa Centro,Adobe,"Rio, acequia o manantial",Mujer,Ocupado,2,1,2.0,38.0,5.0,6.0,1
005441,8,1,Urbano,Costa Centro,Ladrillo o Bloque de cemento,Red publica fuera de la vivienda,Hombre,Ocupado,4,2,2.0,52.0,13.0,4.0,0
005442,7,1,Urbano,Lima Metropolitana,Ladrillo o Bloque de cemento,Red publica dentro de la vivienda,Mujer,Inactivo,3,3,1.0,71.0,13.0,6.0,0
005443,4,1,Urbano,Lima Metropolitana,Ladrillo o Bloque de cemento,Red publica dentro de la vivienda,Hombre,Inactivo,5,4,1.25,68.0,15.0,4.0,0
005444,9,1,Urbano,Lima Metropolitana,Ladrillo o Bloque de cemento,Red publica dentro de la vivienda,Mujer,Ocupado,6,3,2.0,40.0,11.0,5.0,1
005445,18,1,Urbano,Lima Metropolitana,Otro material,Red publica dentro de la vivienda,Hombre,Ocupado,3,2,1.5,43.0,16.0,3.0,0
005446,4,1,Rural,Sierra Norte,Adobe,"Rio, acequia o manantial",Hombre,Inactivo,2,1,2.0,67.0,11.0,3.0,1
005447,19,1,Urbano,Lima Metropolitana,Ladrillo o Bloque de cemento,Red publica dentro de la vivienda,Hombre,Ocupado,2,2,1.0,56.0,7.0,2.0,0
005448,12,1,Rural,Sierra Centro,Adobe,Pozo,Mujer,Ocupado,2,2,1.0,56.0,8.0,5.0,0
005449,16,1,Urbano,Selva,Ladrillo o Bloque de cemento,Red publica dentro de la vivienda,Mujer,Ocupado,4,2,2.0,23.0,16.0,4.0,0
005450,15,1,Rural,Sierra Sur,Adobe,Red publica dentro de la vivienda,Mujer,Ocupado,4,3,1.33,61.0,8.0,6.0,0
005451,8,1,Urbano,Costa Norte,Ladrillo o Bloque de cemento,Red publica dentro de la vivienda,Hombre,Ocupado,3,1,3.0,44.0,,5.0,0
005452,6,1,Urbano,Selva,Ladrillo o Bloque de cemento,Red publica dentro de la vivienda,Mujer,Ocupado,3,3,1.0,51.0,7.0,1.0,0
005453,2,1,Urbano,Lima Metropolitana,Ladrillo o Bloque de cemento,Red publica fuera de la vivienda,Hombre,Desocupado,5,2,2.5,38.0,11.0,5.0,1
005454,13,1,Urbano,Costa Centro,Ladrillo o Bloque de cemento,Pozo,Hombre,Inactivo,3,1,3.0,71.0,9.0,4.0,1
005455,9,1,Urbano,Lima Metropolitana,Ladrillo o Bloque de cemento,Red publica dentro de la vivienda,Hombre,Ocupado,2,2,1.0,34.0,15.0,3.0,0
005456,13,1,Urbano,Selva,Madera,Red publica dentro de la vivienda,Hombre,Inactivo,3,2,1.5,75.0,14.0,5.0,1
005457,10,1,Rural,Costa Centro,Madera,"Rio, acequia o manantial",Hombre,Ocupado,4,3,1.33,48.0,6.0,6.0,0
005458,19,1,Urbano,Lima Metropolitana,Ladrillo o Bloque de cemento,Red publica fuera de la vivienda,Hombre,Ocupado,5,4,1.25,46.0,9.0,4.0,0
005459,8,1,Urbano,Costa Sur,Ladrillo o Bloque de cemento,Red publica dentro de la vivienda,Hombre,Ocupado,4,3,1.33,36.0,4.0,2.0,0
005460,7,1,Urbano,Costa Norte,Otro material,Red publica dentro de la vivienda,Mujer,Ocupado,2,2,1.0,41.0,13.0,6.0,0
005461,9,1,Urbano,Lima Metropolitana,Ladrillo o Bloque de cemento,Red publica dentro de la vivienda,Mujer,Ocupado,5,5,1.0,45.0,14.0,3.0,0
005462,9,1,Urbano,Costa Centro,Adobe,Red publica dentro de la vivienda,Mujer,Ocupado,5,5,1.0,50.0,4.0,2.0,0
005463,13,1,Urbano,Costa Centro,Ladrillo o Bloque de cemento,Red publica dentro de la vivienda,Hombre,Ocupado,2,2,1.0,56.0,12.0,2.0,0
005464,5,1,Urbano,Lima Metropolitana,Madera,,Mujer,Ocupado,3,2,1.5,45.0,15.0,3.0,0
005465,11,1,Urbano,Costa Norte,Ladrillo o Bloque de cemento,Red publica fuera de la vivienda,Hombre,Ocupado,5,4,1.25,56.0,2.0,3.0,0
005466,16,1,Urbano,Lima Metropolitana,Adobe,Red publica dentro de la vivienda,Mujer,Inactivo,8,4,2.0,65.0,9.0,3.0,1
005467,17,1,Urbano,Lima Metropolitana,Ladrillo o Bloque de cemento,Red publica dentro de la vivienda,Hombre,Ocupado,4,3,1.33,63.0,18.0,8.0,0
005468,4,1,Urbano,Costa Centro,,Red publica dentro de la vivienda,Hombre,Ocupado,5,3,1.67,57.0,11.0,4.0,1
005469,15,1,Rural,Selva,Madera,Red publica dentro de la vivienda,Mujer,Desocupado,2,1,2.0,55.0,14.0,5.0,1
005470,3,1,Urbano,Costa Norte,Ladrillo o Bloque de cemento,Red publica dentro de la vivienda,Mujer,Ocupado,8,5,1.6,33.0,12.0,7.0,0
005471,5,1,Urbano,Lima Metropolitana,Adobe,Red publica dentro de la vivienda,Hombre,Ocupado,4,3,1.33,51.0,16.0,3.0,0
005472,3,1,Urbano,Costa Norte,Madera,Red publica dentro de la vivienda,Hombre,Ocupado,4,2,2.0,33.0,10.0,2.0,0
005473,7,1,Urbano,Lima Metropolitana,Ladrillo o Bloque de cemento,Red publica dentro de la vivienda,Hombre,Ocupado,6,4,1.5,62.0,10.0,3.0,1
005474,3,1,Rural,Costa Sur,Madera,Red publica dentro de la vivienda,Mujer,Ocupado,4,2,2.0,52.0,1.0,2.0,0
005475,11,1,Urbano,Lima Metropolitana,Ladrillo o Bloque de cemento,Red publica dentro de la vivienda,Hombre,Ocupado,3,2,1.5,64.0,14.0,,0
005476,6,1,Urbano,Costa Centro,Ladrillo o Bloque de cemento,Red publica dentro de la vivienda,Mujer,Ocupado,3,2,1.5,64.0,8.0,4.0,0
005477,6,1,Urbano,Costa Sur,Ladrillo o Bloque de cemento,Pozo,Hombre,Ocupado,5,4,1.25,,8.0,,0
005478,4,1,Urbano,Sierra Sur,Ladrillo o Bloque de cemento,Red publica dentro de la vivienda,Hombre,Ocupado,7,4,1.75,39.0,6.0,2.0,0
005479,12,1,Urbano,Selva,Ladrillo o Bloque de cemento,Pozo,Mujer,Ocupado,4,2,2.0,18.0,11.0,5.0,0
005480,6,1,Urbano,Lima Metropolitana,Ladrillo o Bloque de cemento,Red publica dentro de la vivienda,Hombre,Ocupado,8,4,2.0,56.0,15.0,6.0,0
005481,14,1,Urbano,Costa Norte,Otro material,Red publica dentro de la vivienda,Mujer,Ocupado,5,4,1.25,46.0,10.0,2.0,0
005482,6,1,Rural,Costa Norte,Adobe,Red publica fuera de la vivienda,Mujer,Ocupado,3,2,1.5,59.0,5.0,4.0,0
005483,1,1,Rural,Sierra Centro,Adobe,Pozo,Hombre,Ocupado,4,2,2.0,58.0,11.0,6.0,0
005484,7,1,Rural,Sierra Centro,Adobe,Red publica dentro de la vivienda,Mujer,Ocupado,5,3,1.67,56.0,1.0,2.0,1
005485,2,1,Urbano,Lima Metropolitana,Ladrillo o Bloque de cemento,Red publica dentro de la vivienda,Hombre,Ocupado,4,1,4.0,51.0,18.0,5.0,0
005486,14,1,Urbano,Lima Metropolitana,Ladrillo o Bloque de cemento,Red publica dentro de la vivienda,Hombre,Ocupado,4,2,2.0,25.0,8.0,2.0,0
005487,12,1,Urbano,Lima Metropolitana,Ladrillo o Bloque de cemento,Red publica dentro de la vivienda,Hombre,Inactivo,2,2,1.0,66.0,12.0,5.0,0
005488,2,1,Rural,Costa Centro,Adobe,Pozo,Mujer,Ocupado,2,1,2.0,30.0,8.0,5.0,1
005489,12,1,Rural,Sierra Sur,Adobe,Red publica dentro de la vivienda,Mujer,Ocupado,9,6,1.5,39.0,10.0,3.0,0
005490,14,1,Urbano,Lima Metropolitana,Otro material,Red publica dentro de la vivienda,Hombre,Ocupado,7,3,2.33,43.0,7.0,4.0,0
005491,5,1,Rural,Sierra Norte,Otro material,Red publica fuera de la vivienda,Hombre,Ocupado,8,7,1.14,48.0,7.0,3.0,0
005492,7,1,Urbano,Lima Metropolitana,Ladrillo o Bloque de cemento,Red publica dentro de la vivienda,Hombre,Ocupado,4,2,2.0,44.0,11.0,6.0,0
005493,8,1,Urbano,Costa Sur,Ladrillo o Bloque de cemento,Red publica dentro de la vivienda,Hombre,Ocupado,2,2,1.0,40.0,14.0,4.0,0
005494,8,1,Rural,Sierra Norte,Madera,Pozo,Hombre,Ocupado,9,7,1.29,59.0,4.0,2.0,1
005495,11,1,Urbano,Lima Metropolitana,Ladrillo o Bloque de cemento,Red publica dentro de la vivienda,Hombre,Ocupado,4,4,1.0,29.0,6.0,5.0,0
005496,16,1,Rural,Sierra Norte,Adobe,Red publica dentro de la vivienda,Hombre,Ocupado,5,1,5.0,42.0,8.0,3.0,0
005497,12,1,Urbano,Lima Metropolitana,Adobe,Red publica dentro de la vivienda,Hombre,Ocupado,5,3,1.67,19.0,12.0,7.0,0
005498,17,1,Rural,Sierra Norte,Adobe,Red publica fuera de la vivienda,Hombre,Ocupado,4,3,1.33,34.0,12.0,7.0,0
005499,10,1,Rural,Costa Norte,Adobe,"Rio, acequia o manantial",Mujer,Ocupado,5,3,1.67,26.0,10.0,3.0,0
005500,19,1,Urbano,Sierra Norte,Ladrillo o Bloque de cemento,Red publica fuera de la vivienda,Hombre,Ocupado,2,2,1.0,58.0,8.0,3.0,0
005501,2,1,Urbano,Costa Centro,Ladrillo o Bloque de cemento,Red publica dentro de la vivienda,Hombre,Ocupado,5,2,2.5,51.0,14.0,3.0,0
005502,19,1,Rural,Selva,Adobe,Pozo,Hombre,Ocupado,9,4,2.25,37.0,7.0,3.0,1
005503,17,1,Urbano,Costa Centro,Ladrillo o Bloque de cemento,Red publica fuera de la vivienda,Mujer,Ocupado,8,6,1.33,18.0,13.0,4.0,0
005504,10,1,Urbano,Lima Metropolitana,Ladrillo o Bloque de cemento,Red publica dentro de la vivienda,Mujer,Ocupado,6,4,1.5,27.0,10.0,3.0,0
005505,14,1,Urbano,Lima Metropolitana,Ladrillo o Bloque de cemento,,Hombre,Ocupado,9,7,1.29,33.0,11.0,5.0,0
005506,10,1,Urbano,Sierra Centro,Ladrillo o Bloque de cemento,Red publica fuera de la vivienda,Hombre,Ocupado,8,6,1.33,43.0,13.0,4.0,0
005507,6,1,Rural,Costa Centro,Otro material,"Rio, acequia o manantial",Hombre,Ocupado,8,6,1.33,59.0,9.0,3.0,1
005508,5,1,Urbano,Sierra Centro,Otro material,Red publica dentro de la vivienda,Hombre,Ocupado,4,3,1.33,28.0,4.0,4.0,0
005509,19,1,Urbano,Lima Metropolitana,,Red publica dentro de la vivienda,Mujer,Ocupado,5,2,2.5,29.0,14.0,5.0,1
005510,1,1,Urbano,Selva,Ladrillo o Bloque de cemento,Red publica dentro de la vivienda,Mujer,Ocupado,3,2,1.5,25.0,8.0,3.0,0
005511,9,1,Urbano,Costa Centro,Ladrillo o Bloque de cemento,Red publica dentro de la vivienda,Hombre,Ocupado,4,3,1.33,48.0,12.0,3.0,0
005512,9,1,Rural,Selva,Adobe,"Rio, acequia o manantial",Hombre,Ocupado,5,2,2.5,18.0,1.0,4.0,0
005513,7,1,Urbano,Sierra Sur,Ladrillo o Bloque de cemento,Red publica dentro de la vivienda,Hombre,Ocupado,4,3,1.33,23.0,14.0,4.0,0
005514,3,1,Rural,Sierra Norte,Adobe,Red publica dentro de la vivienda,Mujer,Desocupado,4,4,1.0,55.0,9.0,4.0,1
005515,4,1,Urbano,Costa Centro,Ladrillo o Bloque de cemento,Red publica dentro de la vivienda,Hombre,Inactivo,7,4,1.75,69.0,8.0,3.0,1
005516,14,1,Urbano,Lima Metropolitana,Ladrillo o Bloque de cemento,Red publica dentro de la vivienda,Hombre,Ocupado,6,4,1.5,49.0,14.0,4.0,0
005517,3,1,Urbano,Costa Centro,Madera,Red publica dentro de la vivienda,Hombre,Ocupado,2,2,1.0,44.0,11.0,5.0,0
005518,5,1,Rural,Costa Sur,Adobe,Pozo,Hombre,Inactivo,7,5,1.4,78.0,8.0,4.0,1
005519,1,1,Urbano,Costa Centro,Ladrillo o Bloque de cemento,,Hombre,Ocupado,3,2,1.5,41.0,7.0,3.0,1
005520,1,1,Urbano,Selva,Ladrillo o Bloque de cemento,Red publica dentro de la vivienda,Hombre,Ocupado,5,3,1.67,41.0,,4.0,0
005521,5,1,Urbano,Sierra Sur,Adobe,Red publica dentro de la vivienda,Mujer,Ocupado,3,2,1.5,40.0,9.0,2.0,0
005522,2,1,Urbano,Sierra Norte,Ladrillo o Bloque de cemento,Red publica dentro de la vivienda,Mujer,Inactivo,5,4,1.25,69.0,11.0,3.0,1
005523,16,1,Rural,Sierra Sur,Madera,"Rio, acequia o manantial",Hombre,Ocupado,3,1,3.0,56.0,,3.0,0
005524,9,1,Urbano,Lima Metropolitana,Ladrillo o Bloque de cemento,Red publica dentro de la vivienda,Hombre,Ocupado,5,3,1.67,55.0,13.0,4.0,0
005525,7,1,Rural,Sierra Norte,Ladrillo o Bloque de cemento,,Hombre,Ocupado,4,1,4.0,53.0,10.0,3.0,1
005526,1,1,Urbano,Lima Metropolitana,Adobe,Red publica dentro de la vivienda,Hombre,Ocupado,5,3,1.67,42.0,10.0,3.0,0
005527,15,1,Urbano,Sierra Norte,Ladrillo o Bloque de cemento,Red publica dentro de la vivienda,Mujer,Ocupado,8,6,1.33,43.0,9.0,2.0,1
005528,8,1,Rural,Costa Sur,Adobe,"Rio, acequia o manantial",Hombre,Ocupado,5,4,1.25,34.0,4.0,3.0,0
005529,19,1,Urbano,Lima Metropolitana,Ladrillo o Bloque de cemento,Red publica dentro de la vivienda,Mujer,Ocupado,5,3,1.67,42.0,12.0,4.0,0
005530,2,1,Urbano,Lima Metropolitana,Ladrillo o Bloque de cemento,Red publica dentro de la vivienda,Hombre,Ocupado,7,5,1.4,,15.0,4.0,0
005531,7,1,Urbano,Sierra Centro,Ladrillo o Bloque de cemento,Red publica dentro de la vivienda,Hombre,Ocupado,3,3,1.0,45.0,10.0,1.0,0
005532,17,1,Urbano,Lima Metropolitana,Ladrillo o Bloque de cemento,Red publica fuera de la vivienda,Hombre,Ocupado,2,2,1.0,59.0,12.0,4.0,0
005533,3,1,Rural,Selva,Madera,Red publica dentro de la vivienda,Hombre,Ocupado,8,5,1.6,52.0,8.0,3.0,0
005534,12,1,Urbano,Sierra Centro,Ladrillo o Bloque de cemento,Red publica dentro de la vivienda,Hombre,Ocupado,6,4,1.5,51.0,9.0,3.0,1
005535,7,1,Urbano,Lima Metropolitana,Ladrillo o Bloque de cemento,Red publica fuera de la vivienda,Hombre,Ocupado,5,4,1.25,36.0,10.0,4.0,0
005536,5,1,Urbano,Lima Metropolitana,Ladrillo o Bloque de cemento,Red publica dentro de la vivienda,Hombre,Ocupado,1,1,1.0,31.0,11.0,2.0,0
005537,8,1,Urbano,Sierra Norte,Ladrillo o Bloque de cemento,Red publica dentro de la vivienda,Mujer,Ocupado,4,3,1.33,32.0,17.0,4.0,0
005538,12,1,Urbano,Selva,Ladrillo o Bloque de cemento,Red publica dentro de la vivienda,Hombre,Ocupado,5,4,1.25,63.0,14.0,6.0,0
005539,11,1,Rural,Sierra Centro,Otro material,"Rio, acequia o manantial",Hombre,Ocupado,3,3,1.0,24.0,13.0,6.0,0
005540,2,1,Urbano,Costa Norte,Ladrillo o Bloque de cemento,Red publica fuera de la vivienda,Hombre,Ocupado,7,5,1.4,51.0,7.0,2.0,0
005541,6,1,Urbano,Lima Metropolitana,Ladrillo o Bloque de cemento,Otro,Hombre,Desocupado,2,1,2.0,51.0,14.0,3.0,1
005542,2,1,Urbano,Selva,Ladrillo o Bloque de cemento,Red publica fuera de la vivienda,Hombre,Ocupado,4,3,1.33,38.0,10.0,4.0,0
005543,15,1,Rural,Selva,Ladrillo o Bloque de cemento,Red publica dentro de la vivienda,Hombre,Ocupado,6,4,1.5,47.0,5.0,2.0,0
005544,3,1,Rural,Selva,Adobe,Red publica dentro de la vivienda,Hombre,Ocupado,4,3,1.33,50.0,2.0,3.0,1
005545,18,1,Rural,Selva,Adobe,Pozo,Hombre,Ocupado,2,1,2.0,32.0,11.0,7.0,0
005546,4,1,Urbano,Sierra Norte,,Red publica dentro de la vivienda,Mujer,Ocupado,4,4,1.0,37.0,6.0,5.0,0
005547,8,1,Urbano,Lima Metropolitana,Madera,Red publica dentro de la vivienda,Hombre,Ocupado,1,1,1.0,46.0,15.0,2.0,0
005548,17,1,Urbano,Lima Metropolitana,Ladrillo o Bloque de cemento,Red publica dentro de la vivienda,Hombre,Ocupado,5,3,1.67,47.0,11.0,3.0,0
005549,19,1,Urbano,Lima Metropolitana,Ladrillo o Bloque de cemento,Red publica dentro de la vivienda,Mujer,Ocupado,4,2,2.0,28.0,10.0,3.0,0
005550,1,1,Rural,Sierra Sur,Adobe,Pozo,Hombre,Ocupado,7,3,2.33,48.0,3.0,3.0,0
005551,9,1,Rural,Sierra Norte,Otro material,"Rio, acequia o manantial",Mujer,Ocupado,2,2,1.0,49.0,7.0,3.0,0
005552,9,1,Urbano,Costa Norte,Ladrillo o Bloque de cemento,Red publica dentro de la vivienda,Hombre,Ocupado,5,4,1.25,61.0,10.0,6.0,0
005553,11,1,Rural,Sierra Centro,Ladrillo o Bloque de cemento,"Rio, acequia o manantial",Mujer,Ocupado,7,3,2.33,47.0,7.0,5.0,0
005554,3,1,Urbano,Costa Centro,Madera,Red publica dentro de la vivienda,Hombre,Ocupado,8,3,2.67,41.0,5.0,2.0,1
005555,16,1,Urbano,Lima Metropolitana,Ladrillo o Bloque de cemento,Otro,Hombre,Ocupado,5,2,2.5,58.0,6.0,3.0,0
005556,18,1,Urbano,Lima Metropolitana,Adobe,Pozo,Hombre,Ocupado,1,1,1.0,62.0,7.0,4.0,0
005557,18,1,Rural,Sierra Norte,Otro material,Otro,Mujer,Ocupado,3,2,1.5,27.0,9.0,3.0,0
005558,13,1,Urbano,Sierra Centro,Otro material,Red publica fuera de la vivienda,Hombre,Ocupado,2,1,2.0,39.0,16.0,7.0,0
005559,8,1,Urbano,Lima Metropolitana,Ladrillo o Bloque de cemento,Red publica dentro de la vivienda,Hombre,Ocupado,9,4,2.25,18.0,12.0,,0
005560,9,1,Urbano,Costa Centro,Ladrillo o Bloque de cemento,Red publica dentro de la vivienda,Mujer,Ocupado,4,3,1.33,33.0,13.0,3.0,0
005561,6,1,Urbano,Lima Metropolitana,Ladrillo o Bloque de cemento,Red publica dentro de la vivienda,Mujer,Inactivo,5,3,1.67,68.0,14.0,4.0,1
005562,15,1,Rural,Sierra Centro,Ladrillo o Bloque de cemento,"Rio, acequia o manantial",Hombre,Ocupado,2,1,2.0,32.0,10.0,7.0,0
005563,11,1,Urbano,Costa Centro,Adobe,Red publica dentro de la vivienda,Hombre,Ocupado,6,6,1.0,53.0,15.0,5.0,0
005564,5,1,Urbano,Costa Centro,Adobe,Red publica dentro de la vivienda,Mujer,Desocupado,2,1,2.0,52.0,7.0,3.0,1
005565,10,1,Urbano,Lima Metropolitana,Ladrillo o Bloque de cemento,Red publica dentro de la vivienda,Mujer,Ocupado,4,2,2.0,39.0,13.0,4.0,0
005566,13,1,Urbano,Sierra Norte,Ladrillo o Bloque de cemento,Red publica dentro de la vivienda,Hombre,Ocupado,7,5,1.4,40.0,14.0,5.0,0
005567,17,1,Urbano,Lima Metropolitana,Ladrillo o Bloque de cemento,Red publica dentro de la vivienda,Hombre,Inactivo,5,4,1.25,66.0,15.0,6.0,0
005568,10,1,Rural,Costa Centro,Madera,"Rio, acequia o manantial",Mujer,Desocupado,8,5,1.6,60.0,9.0,3.0,1
005569,13,1,Urbano,Costa Sur,Ladrillo o Bloque de cemento,Red publica dentro de la vivienda,Mujer,Inactivo,8,5,1.6,78.0,11.0,3.0,1
005570,15,1,Urbano,Lima Metropolitana,Ladrillo o Bloque de cemento,Red publica dentro de la vivienda,Mujer,Ocupado,4,2,2.0,18.0,15.0,7.0,0
005571,8,1,Urbano,Costa Centro,Adobe,Red publica dentro de la vivienda,Hombre,Ocupado,7,3,2.33,54.0,6.0,4.0,0
005572,10,1,Rural,Costa Norte,Ladrillo o Bloque de cemento,"Rio, acequia o manantial",Hombre,Ocupado,6,2,3.0,18.0,2.0,4.0,1
005573,6,1,Urbano,Selva,Ladrillo o Bloque de cemento,Red publica fuera de la vivienda,Hombre,Ocupado,4,1,4.0,46.0,16.0,6.0,1
005574,10,1,Urbano,Lima Metropolitana,Ladrillo o Bloque de cemento,"Rio, acequia o manantial",Hombre,Ocupado,8,2,4.0,44.0,16.0,4.0,0
005575,16,1,Rural,Sierra Norte,Madera,Red publica dentro de la vivienda,Hombre,Ocupado,2,1,2.0,31.0,12.0,3.0,0
005576,14,1,Urbano,Costa Centro,Madera,Red publica dentro de la vivienda,Hombre,Ocupado,7,6,1.17,38.0,11.0,4.0,0
005577,1,1,Urbano,Lima Metropolitana,Ladrillo o Bloque de cemento,Red publica dentro de la vivienda,Hombre,Ocupado,4,3,1.33,42.0,9.0,3.0,0
005578,1,1,Urbano,Lima Metropolitana,Ladrillo o Bloque de cemento,Red publica dentro de la vivienda,Hombre,Ocupado,5,2,2.5,53.0,12.0,6.0,0
005579,9,1,Urbano,Lima Metropolitana,Ladrillo o Bloque de cemento,Pozo,Hombre,Ocupado,3,2,1.5,31.0,18.0,2.0,0
005580,15,1,Urbano,Lima Metropolitana,Ladrillo o Bloque de cemento,Red publica dentro de la vivienda,Hombre,Ocupado,3,3,1.0,36.0,10.0,4.0,0
005581,16,1,Urbano,Lima Metropolitana,Madera,Red publica dentro de la vivienda,Hombre,Ocupado,5,4,1.25,54.0,12.0,3.0,0
005582,2,1,Rural,Sierra Centro,Otro material,Red publica dentro de la vivienda,Mujer,Ocupado,2,2,1.0,57.0,10.0,8.0,0
005583,7,1,Urbano,Sierra Norte,Ladrillo o Bloque de cemento,Red publica dentro de la vivienda,Hombre,Inactivo,4,3,1.33,83.0,11.0,3.0,1
005584,7,1,Urbano,Lima Metropolitana,Ladrillo o Bloque de cemento,Red publica dentro de la vivienda,Mujer,Ocupado,3,3,1.0,49.0,11.0,,0
005585,1,1,Urbano,Lima Metropolitana,Otro material,Red publica dentro de la vivienda,Mujer,Ocupado,5,3,1.67,55.0,15.0,5.0,0
005586,3,1,Urbano,Lima Metropolitana,Ladrillo o Bloque de cemento,Red publica fuera de la vivienda,Hombre,Ocupado,5,3,1.67,43.0,11.0,3.0,0
005587,18,1,Urbano,Selva,Ladrillo o Bloque de cemento,Red publica dentro de la vivienda,Hombre,Inactivo,1,1,1.0,66.0,13.0,3.0,0
005588,16,1,Urbano,Sierra Norte,Otro material,Red publica dentro de la vivienda,Mujer,Ocupado,5,2,2.5,34.0,3.0,3.0,0
005589,7,1,Urbano,Sierra Sur,Ladrillo o Bloque de cemento,Otro,Hombre,Ocupado,1,1,1.0,46.0,5.0,1.0,0
005590,1,1,Urbano,Selva,Adobe,Red publica dentro de la vivienda,Hombre,Ocupado,5,3,1.67,50.0,10.0,4.0,0
005591,4,1,Rural,Sierra Sur,Adobe,Pozo,Mujer,Ocupado,7,3,2.33,53.0,11.0,3.0,0
005592,14,1,Urbano,Lima Metropolitana,Ladrillo o Bloque de cemento,Red publica dentro de la vivienda,Hombre,Ocupado,5,4,1.25,60.0,12.0,8.0,0
005593,6,1,Urbano,Selva,Madera,Otro,Mujer,Ocupado,5,3,1.67,44.0,11.0,6.0,0
005594,6,1,Rural,Costa Norte,Adobe,Red publica dentro de la vivienda,Hombre,Desocupado,6,4,1.5,59.0,7.0,6.0,1
005595,8,1,Urbano,Selva,Ladrillo o Bloque de cemento,Pozo,Mujer,Ocupado,3,2,1.5,27.0,10.0,5.0,0
005596,18,1,Urbano,Lima Metropolitana,Ladrillo o Bloque de cemento,Red publica dentro de la vivienda,Hombre,Ocupado,3,1,3.0,50.0,7.0,4.0,0
005597,1,1,Urbano,Lima Metropolitana,Ladrillo o Bloque de cemento,Red publica dentro de la vivienda,Hombre,Ocupado,6,5,1.2,20.0,15.0,5.0,1
005598,10,1,Urbano,Sierra Sur,Ladrillo o Bloque de cemento,Red publica fuera de la vivienda,Hombre,Ocupado,1,1,1.0,43.0,12.0,5.0,0
005599,19,1,Rural,Selva,Madera,Red publica dentro de la vivienda,Hombre,Inactivo,3,2,1.5,82.0,8.0,2.0,0
005600,4,1,Urbano,Sierra Sur,Ladrillo o Bloque de cemento,Red publica dentro de la vivienda,Mujer,Desocupado,8,3,2.67,,7.0,3.0,1
005601,12,1,Urbano,Selva,Adobe,Red publica dentro de la vivienda,Hombre,Ocupado,2,2,1.0,40.0,16.0,3.0,0
005602,12,1,Rural,Costa Norte,Adobe,"Rio, acequia o manantial",Hombre,Ocupado,3,3,1.0,54.0,5.0,2.0,0
005603,1,1,Urbano,Lima Metropolitana,Ladrillo o Bloque de cemento,Red publica dentro de la vivienda,Hombre,Ocupado,3,2,1.5,46.0,,6.0,0
005604,5,1,Urbano,Lima Metropolitana,Ladrillo o Bloque de cemento,Red publica dentro de la vivienda,Hombre,Ocupado,4,2,2.0,31.0,6.0,5.0,1
005605,17,1,Rural,Selva,Adobe,Pozo,Hombre,Ocupado,7,3,2.33,21.0,5.0,,1
005606,11,1,Urbano,Selva,Adobe,Red publica dentro de la vivienda,Hombre,Ocupado,4,3,1.33,46.0,,3.0,0
005607,3,1,Rural,Costa Norte,Ladrillo o Bloque de cemento,Otro,Hombre,Ocupado,3,2,1.5,44.0,6.0,4.0,0
005608,6,1,Urbano,Selva,Ladrillo o Bloque de cemento,Red publica dentro de la vivienda,Mujer,Ocupado,9,6,1.5,43.0,3.0,3.0,0
005609,2,1,Rural,Sierra Sur,Adobe,Pozo,Hombre,Ocupado,6,2,3.0,58.0,3.0,4.0,1
005610,19,1,Urbano,Lima Metropolitana,Adobe,Red publica dentro de la vivienda,Hombre,Inactivo,4,2,2.0,66.0,13.0,2.0,1
005611,10,1,Urbano,Costa Norte,Ladrillo o Bloque de cemento,Red publica dentro de la vivienda,Hombre,Ocupado,7,5,1.4,57.0,16.0,5.0,0
005612,1,1,Urbano,Lima Metropolitana,Madera,Red publica dentro de la vivienda,Hombre,Ocupado,5,3,1.67,42.0,12.0,7.0,0
005613,2,1,Urbano,Sierra Norte,Ladrillo o Bloque de cemento,Red publica dentro de la vivienda,Mujer,Ocupado,4,1,4.0,49.0,15.0,6.0,0
005614,4,1,Urbano,Lima Metropolitana,Ladrillo o Bloque de cemento,Red publica dentro de la vivienda,Hombre,Ocupado,4,1,4.0,62.0,14.0,7.0,0
005615,10,1,Urbano,Lima Metropolitana,Ladrillo o Bloque de cemento,Red publica dentro de la vivienda,Hombre,Ocupado,4,2,2.0,59.0,11.0,4.0,0
005616,16,1,Rural,Costa Sur,Madera,Red publica dentro de la vivienda,Hombre,Ocupado,3,3,1.0,55.0,9.0,5.0,0
005617,3,1,Rural,Sierra Sur,Ladrillo o Bloque de cemento,Red publica dentro de la vivienda,Mujer,Ocupado,4,3,1.33,,10.0,2.0,0
005618,9,1,Urbano,Lima Metropolitana,Ladrillo o Bloque de cemento,Red publica dentro de la vivienda,Mujer,Ocupado,7,5,1.4,63.0,12.0,3.0,0
005619,11,1,Rural,Selva,Adobe,"Rio, acequia o manantial",Hombre,Inactivo,3,3,1.0,67.0,,2.0,1
005620,14,1,Urbano,Costa Norte,Madera,Red publica dentro de la vivienda,Hombre,Ocupado,5,3,1.67,59.0,6.0,2.0,0
005621,9,1,Urbano,Sierra Sur,Ladrillo o Bloque de cemento,Red publica dentro de la vivienda,Hombre,Inactivo,5,2,2.5,89.0,12.0,4.0,1
005622,11,1,Urbano,Sierra Norte,Ladrillo o Bloque de cemento,Otro,Hombre,Ocupado,5,3,1.67,58.0,9.0,6.0,0
005623,11,1,Urbano,Lima Metropolitana,Madera,Red publica dentro de la vivienda,Hombre,Ocupado,2,1,2.0,64.0,14.0,5.0,0
005624,12,1,Urbano,Selva,Ladrillo o Bloque de cemento,Red publica fuera de la vivienda,Hombre,Ocupado,7,4,1.75,57.0,12.0,3.0,1
005625,10,1,Rural,Costa Norte,Ladrillo o Bloque de cemento,Red publica dentro de la vivienda,Hombre,Desocupado,4,2,2.0,46.0,8.0,1.0,1
005626,17,1,Urbano,Selva,Ladrillo o Bloque de cemento,Red publica dentro de la vivienda,Hombre,Ocupado,4,4,1.0,32.0,,4.0,0
005627,14,1,Urbano,Lima Metropolitana,Ladrillo o Bloque de cemento,Red publica dentro de la vivienda,Mujer,Ocupado,5,3,1.67,37.0,8.0,4.0,0
005628,9,1,Urbano,Lima Metropolitana,Ladrillo o Bloque de cemento,,Hombre,Ocupado,8,6,1.33,37.0,14.0,3.0,0
005629,19,1,Urbano,Costa Norte,Ladrillo o Bloque de cemento,Red publica dentro de la vivienda,Hombre,Ocupado,3,2,1.5,31.0,14.0,5.0,0
005630,9,1,Rural,Sierra Norte,Madera,Red publica dentro de la vivienda,Mujer,Ocupado,5,2,2.5,44.0,14.0,3.0,0
005631,14,1,Rural,Sierra Sur,Ladrillo o Bloque de cemento,Red publica dentro de la vivienda,Hombre,Ocupado,1,1,1.0,48.0,5.0,5.0,0
005632,11,1,Urbano,Costa Centro,Ladrillo o Bloque de cemento,Red publica dentro de la vivienda,Hombre,Inactivo,3,1,3.0,65.0,8.0,3.0,1
005633,12,1,Urbano,Sierra Sur,Ladrillo o Bloque de cemento,Red publica dentro de la vivienda,Hombre,Desocupado,5,2,2.5,31.0,7.0,4.0,1
005634,12,1,Rural,Costa Norte,Madera,Pozo,Hombre,Ocupado,5,4,1.25,60.0,6.0,5.0,0
005635,1,1,Urbano,Costa Centro,Ladrillo o Bloque de cemento,Red publica dentro de la vivienda,Hombre,Desocupado,6,4,1.5,52.0,14.0,3.0,1
005636,2,1,Urbano,Lima Metropolitana,Ladrillo o Bloque de cemento,Red publica dentro de la vivienda,Hombre,Ocupado,9,5,1.8,53.0,15.0,,0
005637,3,1,Rural,Sierra Norte,Madera,Red publica fuera de la vivienda,Mujer,Ocupado,4,4,1.0,47.0,12.0,7.0,1
005638,15,1,Urbano,Lima Metropolitana,Adobe,Red publica dentro de la vivienda,Hombre,Inactivo,7,3,2.33,77.0,14.0,7.0,0
005639,16,1,Urbano,Costa Norte,Madera,Red publica dentro de la vivienda,Mujer,Ocupado,2,1,2.0,37.0,7.0,2.0,0
005640,17,1,Rural,Selva,Madera,Red publica fuera de la vivienda,Hombre,Ocupado,5,3,1.67,40.0,7.0,3.0,0
005641,14,1,Rural,Sierra Centro,Otro material,"Rio, acequia o manantial",Hombre,Ocupado,4,2,2.0,50.0,0.0,3.0,0
005642,1,1,Urbano,Lima Metropolitana,Ladrillo o Bloque de cemento,Pozo,Hombre,Ocupado,6,5,1.2,54.0,11.0,3.0,0
005643,5,1,Urbano,Lima Metropolitana,Ladrillo o Bloque de cemento,Red publica fuera de la vivienda,Hombre,Ocupado,7,4,1.75,51.0,11.0,6.0,0
005644,9,1,Rural,Sierra Centro,Ladrillo o Bloque de cemento,Otro,Hombre,Ocupado,2,2,1.0,47.0,8.0,4.0,0
005645,14,1,Urbano,Lima Metropolitana,Ladrillo o Bloque de cemento,,Mujer,Ocupado,3,1,3.0,55.0,14.0,3.0,0
005646,12,1,Urbano,Costa Sur,Ladrillo o Bloque de cemento,Red publica dentro de la vivienda,Hombre,Ocupado,4,3,1.33,56.0,,3.0,0
005647,16,1,Urbano,Selva,Madera,Red publica dentro de la vivienda,Mujer,Ocupado,6,3,2.0,47.0,9.0,6.0,0
005648,4,1,Urbano,Costa Norte,Ladrillo o Bloque de cemento,Red publica fuera de la vivienda,Hombre,Inactivo,5,3,1.67,74.0,11.0,3.0,1
005649,12,1,Rural,Sierra Sur,Otro material,,Hombre,Ocupado,5,3,1.67,54.0,8.0,2.0,0
005650,6,1,Urbano,Costa Sur,Ladrillo o Bloque de cemento,Red publica dentro de la vivienda,Mujer,Ocupado,3,2,1.5,44.0,13.0,3.0,0
005651,2,1,Urbano,Lima Metropolitana,Ladrillo o Bloque de cemento,Red publica dentro de la vivienda,Hombre,Inactivo,8,5,1.6,65.0,11.0,5.0,1
005652,14,1,Rural,Sierra Sur,Madera,Pozo,Hombre,Ocupado,4,4,1.0,20.0,6.0,2.0,0
005653,11,1,Rural,Selva,Adobe,Red publica dentro de la vivienda,Hombre,Ocupado,6,5,1.2,32.0,3.0,1.0,0
005654,8,1,Rural,Sierra Centro,Adobe,Red publica dentro de la vivienda,Hombre,Ocupado,3,2,1.5,,3.0,2.0,0
005655,6,1,Rural,Sierra Norte,Adobe,Pozo,Hombre,Ocupado,3,2,1.5,32.0,0.0,5.0,0
005656,13,1,Rural,Costa Sur,Madera,Red publica dentro de la vivienda,Hombre,Ocupado,5,3,1.67,59.0,4.0,3.0,0
005657,17,1,Urbano,Lima Metropolitana,Ladrillo o Bloque de cemento,Red publica dentro de la vivienda,Hombre,Ocupado,4,3,1.33,59.0,17.0,4.0,0
005658,7,1,Urbano,Lima Metropolitana,Ladrillo o Bloque de cemento,Red publica dentro de la vivienda,Hombre,Inactivo,5,1,5.0,71.0,17.0,5.0,1
005659,13,1,Urbano,Costa Centro,Ladrillo o Bloque de cemento,Red publica dentro de la vivienda,Hombre,Ocupado,6,4,1.5,40.0,13.0,5.0,0
005660,15,1,Urbano,Lima Metropolitana,Ladrillo o Bloque de cemento,Red publica dentro de la vivienda,Hombre,Ocupado,4,2,2.0,56.0,,7.0,0
005661,2,1,Urbano,Sierra Sur,Ladrillo o Bloque de cemento,Red publica dentro de la vivienda,Hombre,Inactivo,4,3,1.33,66.0,14.0,4.0,0
005662,11,1,Urbano,Costa Norte,Ladrillo o Bloque de cemento,Red publica dentro de la vivienda,Hombre,Ocupado,5,4,1.25,50.0,12.0,7.0,0
005663,15,1,Urbano,Selva,Madera,Red publica dentro de la vivienda,Hombre,Ocupado,5,4,1.25,62.0,3.0,3.0,1
005664,1,1,Urbano,Costa Centro,Ladrillo o Bloque de cemento,Red publica dentro de la vivienda,Mujer,Ocupado,3,3,1.0,47.0,18.0,4.0,0
005665,1,1,Urbano,Costa Sur,Adobe,Red publica dentro de la vivienda,Hombre,Inactivo,5,3,1.67,66.0,10.0,4.0,0
005666,7,1,Urbano,Lima Metropolitana,Madera,Red publica dentro de la vivienda,Hombre,Ocupado,5,3,1.67,37.0,12.0,3.0,0
005667,2,1,Urbano,Sierra Norte,Ladrillo o Bloque de cemento,Red publica dentro de la vivienda,Mujer,Ocupado,3,2,1.5,26.0,16.0,7.0,0
005668,16,1,Urbano,Lima Metropolitana,Ladrillo o Bloque de cemento,Red publica dentro de la vivienda,Hombre,Ocupado,1,1,1.0,43.0,13.0,6.0,0
005669,9,1,Urbano,Lima Metropolitana,Ladrillo o Bloque de cemento,Red publica dentro de la vivienda,Hombre,Ocupado,3,2,1.5,47.0,18.0,2.0,0
005670,15,1,Urbano,Lima Metropolitana,Ladrillo o Bloque de cemento,Red publica dentro de la vivienda,Hombre,Ocupado,6,3,2.0,54.0,10.0,6.0,0
005671,6,1,Urbano,Selva,Ladrillo o Bloque de cemento,Otro,Mujer,Ocupado,8,6,1.33,54.0,14.0,6.0,0
005672,1,1,Urbano,Lima Metropolitana,,Red publica dentro de la vivienda,Mujer,Ocupado,6,6,1.0,38.0,12.0,4.0,0
005673,15,1,Rural,Sierra Centro,Adobe,Red publica fuera de la vivienda,Hombre,Ocupado,3,2,1.5,34.0,7.0,2.0,0
005674,9,1,Rural,Selva,Ladrillo o Bloque de cemento,"Rio, acequia o manantial",Mujer,Inactivo,5,3,1.67,71.0,4.0,3.0,1
005675,18,1,Urbano,Selva,Otro material,Red publica dentro de la vivienda,Mujer,Ocupado,6,4,1.5,46.0,9.0,3.0,0
005676,2,1,Urbano,Lima Metropolitana,Ladrillo o Bloque de cemento,Red publica dentro de la vivienda,Hombre,Ocupado,5,3,1.67,41.0,17.0,4.0,0
005677,1,1,Urbano,Costa Centro,Ladrillo o Bloque de cemento,Red publica dentro de la vivienda,Hombre,Desocupado,7,6,1.17,52.0,13.0,4.0,1
005678,13,1,Rural,Selva,Otro material,,Hombre,Ocupado,4,2,2.0,34.0,8.0,2.0,0
005679,14,1,Urbano,Lima Metropolitana,Adobe,Red publica dentro de la vivienda,Hombre,Ocupado,4,2,2.0,38.0,7.0,8.0,0
005680,14,1,Rural,Sierra Centro,Adobe,Red publica dentro de la vivienda,Mujer,Ocupado,4,2,2.0,59.0,1.0,2.0,0
005681,7,1,Urbano,Lima Metropolitana,Ladrillo o Bloque de cemento,Red publica dentro de la vivienda,Hombre,Ocupado,3,1,3.0,34.0,10.0,1.0,0
005682,19,1,Rural,Sierra Centro,Adobe,Pozo,Hombre,Ocupado,8,4,2.0,29.0,5.0,3.0,0
005683,6,1,Rural,Costa Centro,Adobe,Red publica dentro de la vivienda,Mujer,Ocupado,4,3,1.33,43.0,6.0,3.0,0
005684,8,1,Urbano,Selva,Ladrillo o Bloque de cemento,Red publica fuera de la vivienda,Mujer,Ocupado,4,3,1.33,52.0,12.0,3.0,0
005685,10,1,Rural,Sierra Sur,Adobe,Red publica fuera de la vivienda,Hombre,Inactivo,4,3,1.33,67.0,10.0,2.0,1
005686,9,1,Rural,Costa Norte,Ladrillo o Bloque de cemento,"Rio, acequia o manantial",Hombre,Ocupado,8,6,1.33,53.0,11.0,4.0,1
005687,12,1,Urbano,Costa Norte,Ladrillo o Bloque de cemento,Red publica dentro de la vivienda,Hombre,Ocupado,5,1,5.0,55.0,12.0,3.0,1
005688,13,1,Urbano,Costa Sur,Ladrillo o Bloque de cemento,Red publica dentro de la vivienda,Mujer,Ocupado,6,4,1.5,34.0,8.0,1.0,0
005689,12,1,Urbano,Lima Metropolitana,Ladrillo o Bloque de cemento,Red publica dentro de la vivienda,Hombre,Ocupado,8,3,2.67,51.0,15.0,3.0,0
005690,6,1,Urbano,Lima Metropolitana,Madera,Red publica dentro de la vivienda,Hombre,Ocupado,3,3,1.0,32.0,13.0,,0
005691,4,1,Rural,Selva,Adobe,"Rio, acequia o manantial",Hombre,Ocupado,5,4,1.25,61.0,8.0,5.0,0
005692,19,1,Urbano,Costa Centro,Ladrillo o Bloque de cemento,Red publica dentro de la vivienda,Mujer,Ocupado,5,4,1.25,50.0,15.0,5.0,1
005693,12,1,Rural,Selva,Ladrillo o Bloque de cemento,"Rio, acequia o manantial",Hombre,Ocupado,5,3,1.67,47.0,5.0,3.0,0
005694,1,1,Urbano,Lima Metropolitana,Ladrillo o Bloque de cemento,Red publica fuera de la vivienda,Hombre,Ocupado,4,2,2.0,55.0,17.0,3.0,1
005695,1,1,Urbano,Lima Metropolitana,Ladrillo o Bloque de cemento,Red publica fuera de la vivienda,Mujer,Ocupado,3,2,1.5,41.0,8.0,3.0,0
005696,18,1,Rural,Sierra Norte,Ladrillo o Bloque de cemento,Red publica dentro de la vivienda,Hombre,Ocupado,2,2,1.0,41.0,9.0,5.0,0
005697,16,1,Rural,Costa Centro,Ladrillo o Bloque de cemento,Red publica dentro de la vivienda,Mujer,Ocupado,4,2,2.0,35.0,4.0,3.0,1
005698,16,1,Urbano,Lima Metropolitana,Madera,Red publica dentro de la vivienda,Hombre,Inactivo,3,3,1.0,73.0,13.0,4.0,0
005699,1,1,Urbano,Lima Metropolitana,Ladrillo o Bloque de cemento,Red publica fuera de la vivienda,Mujer,Ocupado,2,2,1.0,45.0,14.0,7.0,0
005700,15,1,Rural,Costa Norte,Madera,Otro,Hombre,Desocupado,5,4,1.25,44.0,5.0,2.0,1
005701,12,1,Urbano,Lima Metropolitana,Ladrillo o Bloque de cemento,Red publica dentro de la vivienda,Mujer,Ocupado,3,2,1.5,58.0,10.0,3.0,0
005702,18,1,Urbano,Costa Norte,Madera,Red publica dentro de la vivienda,Hombre,Ocupado,3,2,1.5,48.0,8.0,2.0,0
005703,5,1,Rural,Costa Norte,,"Rio, acequia o manantial",Hombre,Ocupado,4,1,4.0,18.0,7.0,6.0,0
005704,14,1,Urbano,Lima Metropolitana,Adobe,Red publica dentro de la vivienda,Hombre,Inactivo,4,2,2.0,76.0,15.0,6.0,1
005705,11,1,Rural,Selva,Ladrillo o Bloque de cemento,Red publica dentro de la vivienda,Mujer,Ocupado,6,3,2.0,41.0,12.0,6.0,0
005706,13,1,Urbano,Sierra Sur,Ladrillo o Bloque de cemento,Red publica dentro de la vivienda,Hombre,Ocupado,8,3,2.67,36.0,10.0,4.0,1
005707,9,1,Urbano,Lima Metropolitana,Otro material,Red publica dentro de la vivienda,Hombre,Ocupado,2,2,1.0,46.0,8.0,4.0,0
005708,14,1,Urbano,Lima Metropolitana,Madera,Red publica dentro de la vivienda,Hombre,Ocupado,2,2,1.0,41.0,14.0,4.0,0
005709,2,1,Urbano,Costa Norte,Madera,Red publica dentro de la vivienda,Hombre,Ocupado,3,2,1.5,41.0,,4.0,0
005710,5,1,Rural,Selva,Ladrillo o Bloque de cemento,"Rio, acequia o manantial",Hombre,Desocupado,5,4,1.25,50.0,12.0,5.0,0
005711,6,1,Urbano,Lima Metropolitana,Ladrillo o Bloque de cemento,Red publica dentro de la vivienda,Mujer,Ocupado,3,2,1.5,22.0,15.0,6.0,0
005712,15,1,Urbano,Selva,Ladrillo o Bloque de cemento,Red publica dentro de la vivienda,Mujer,Ocupado,6,4,1.5,58.0,8.0,5.0,0
005713,17,1,Urbano,Lima Metropolitana,Ladrillo o Bloque de cemento,Red publica dentro de la vivienda,Hombre,Ocupado,5,4,1.25,61.0,7.0,6.0,1
005714,1,1,Urbano,Lima Metropolitana,Ladrillo o Bloque de cemento,Red publica dentro de la vivienda,Hombre,Ocupado,9,6,1.5,24.0,10.0,4.0,0
005715,7,1,Urbano,Costa Centro,Ladrillo o Bloque de cemento,Red publica dentro de la vivienda,Hombre,Ocupado,7,3,2.33,54.0,13.0,6.0,0
005716,4,1,Rural,Costa Sur,Madera,Red publica dentro de la vivienda,Mujer,Ocupado,4,3,1.33,36.0,4.0,4.0,0
005717,4,1,Urbano,Lima Metropolitana,Ladrillo o Bloque de cemento,Red publica dentro de la vivienda,Hombre,Ocupado,4,3,1.33,42.0,15.0,4.0,0
005718,11,1,Urbano,Lima Metropolitana,Ladrillo o Bloque de cemento,Otro,Hombre,Ocupado,3,2,1.5,53.0,16.0,7.0,0
005719,18,1,Urbano,Costa Norte,Ladrillo o Bloque de cemento,Pozo,Hombre,Ocupado,6,4,1.5,60.0,9.0,1.0,0
005720,16,1,Rural,Costa Centro,Adobe,Red publica dentro de la vivienda,Mujer,Ocupado,6,1,6.0,53.0,9.0,5.0,0
005721,13,1,Urbano,Lima Metropolitana,Madera,Red publica dentro de la vivienda,Hombre,Desocupado,6,3,2.0,29.0,16.0,,1
005722,10,1,Urbano,Costa Norte,Madera,Red publica dentro de la vivienda,Hombre,Ocupado,1,1,1.0,49.0,13.0,4.0,0
005723,2,1,Urbano,Costa Norte,Ladrillo o Bloque de cemento,Red publica dentro de la vivienda,Hombre,Ocupado,4,3,1.33,55.0,13.0,3.0,0
005724,3,1,Urbano,Lima Metropolitana,Ladrillo o Bloque de cemento,Red publica dentro de la vivienda,Mujer,Ocupado,2,2,1.0,37.0,11.0,5.0,0
005725,19,1,Urbano,Lima Metropolitana,Ladrillo o Bloque de cemento,Red publica dentro de la vivienda,Mujer,Ocupado,5,1,5.0,36.0,18.0,2.0,0
005726,7,1,Urbano,Lima Metropolitana,Ladrillo o Bloque de cemento,Otro,Mujer,Ocupado,6,4,1.5,47.0,9.0,5.0,0
005727,16,1,Urbano,Lima Metropolitana,Ladrillo o Bloque de cemento,Red publica dentro de la vivienda,Mujer,Ocupado,4,3,1.33,56.0,11.0,1.0,0
005728,8,1,Urbano,Sierra Norte,Ladrillo o Bloque de cemento,Red publica dentro de la vivienda,Hombre,Desocupado,6,5,1.2,40.0,14.0,7.0,1
005729,15,1,Urbano,Lima Metropolitana,Ladrillo o Bloque de cemento,Red publica fuera de la vivienda,Hombre,Ocupado,6,4,1.5,51.0,11.0,2.0,0
005730,3,1,Urbano,Sierra Norte,Ladrillo o Bloque de cemento,Red publica dentro de la vivienda,Mujer,Ocupado,1,1,1.0,30.0,10.0,3.0,0
005731,6,1,Urbano,Sierra Norte,Ladrillo o Bloque de cemento,Red publica fuera de la vivienda,Hombre,Ocupado,4,2,2.0,52.0,7.0,2.0,1
005732,4,1,Urbano,Lima Metropolitana,Adobe,Red publica dentro de la vivienda,Hombre,Ocupado,4,4,1.0,23.0,11.0,4.0,0
005733,17,1,Urbano,Lima Metropolitana,Madera,Red publica dentro de la vivienda,Hombre,Ocupado,5,3,1.67,52.0,18.0,4.0,0
005734,3,1,Urbano,Lima Metropolitana,Ladrillo o Bloque de cemento,Red publica dentro de la vivienda,Hombre,Ocupado,2,1,2.0,60.0,11.0,6.0,0
005735,18,1,Urbano,Costa Centro,Ladrillo o Bloque de cemento,Red publica dentro de la vivienda,Hombre,Ocupado,2,2,1.0,46.0,15.0,5.0,0
005736,11,1,Urbano,Lima Metropolitana,Ladrillo o Bloque de cemento,Red publica dentro de la vivienda,Hombre,Desocupado,3,1,3.0,56.0,11.0,3.0,0
005737,15,1,Urbano,Selva,Ladrillo o Bloque de cemento,Otro,Mujer,Ocupado,5,3,1.67,51.0,8.0,6.0,0
005738,1,1,Urbano,Lima Metropolitana,Ladrillo o Bloque de cemento,Red publica dentro de la vivienda,Hombre,Ocupado,7,5,1.4,29.0,10.0,4.0,0
005739,11,1,Urbano,Lima Metropolitana,Adobe,Red publica fuera de la vivienda,Hombre,Ocupado,3,3,1.0,31.0,15.0,4.0,0
005740,19,1,Urbano,Sierra Centro,Ladrillo o Bloque de cemento,Red publica dentro de la vivienda,Mujer,Ocupado,1,1,1.0,43.0,4.0,5.0,0
005741,8,1,Urbano,Lima Metropolitana,Ladrillo o Bloque de cemento,Red publica dentro de la vivienda,Hombre,Ocupado,9,8,1.12,46.0,18.0,3.0,0
005742,17,1,Urbano,Lima Metropolitana,Otro material,Red publica dentro de la vivienda,Mujer,Ocupado,5,3,1.67,37.0,14.0,7.0,0
005743,10,1,Urbano,Lima Metropolitana,,Red publica fuera de la vivienda,Hombre,Ocupado,3,2,1.5,31.0,11.0,4.0,0
005744,15,1,Urbano,Lima Metropolitana,Ladrillo o Bloque de cemento,Red publica dentro de la vivienda,Hombre,Ocupado,8,6,1.33,18.0,10.0,4.0,0
005745,5,1,Urbano,Lima Metropolitana,Ladrillo o Bloque de cemento,Red publica dentro de la vivienda,Mujer,Inactivo,9,3,3.0,71.0,11.0,,1
005746,13,1,Urbano,Costa Norte,Ladrillo o Bloque de cemento,Red publica dentro de la vivienda,Hombre,Inactivo,6,2,3.0,72.0,15.0,6.0,0
005747,11,1,Urbano,Costa Sur,Ladrillo o Bloque de cemento,Red publica dentro de la vivienda,Mujer,Ocupado,6,3,2.0,36.0,6.0,5.0,1
005748,8,1,Urbano,Lima Metropolitana,Ladrillo o Bloque de cemento,Red publica dentro de la vivienda,Hombre,Ocupado,7,6,1.17,28.0,12.0,4.0,0
005749,2,1,Urbano,Lima Metropolitana,Ladrillo o Bloque de cemento,Red publica dentro de la vivienda,Hombre,Inactivo,5,3,1.67,68.0,16.0,6.0,1
005750,16,1,Urbano,Lima Metropolitana,Madera,Red publica dentro de la vivienda,Hombre,Desocupado,3,1,3.0,18.0,6.0,5.0,1
005751,12,1,Urbano,Costa Norte,Ladrillo o Bloque de cemento,Red publica dentro de la vivienda,Mujer,Ocupado,6,5,1.2,62.0,9.0,4.0,0
005752,6,1,Urbano,Sierra Centro,Ladrillo o Bloque de cemento,Red publica dentro de la vivienda,Hombre,Ocupado,1,1,1.0,57.0,6.0,3.0,0
005753,9,1,Urbano,Lima Metropolitana,Madera,Red publica dentro de la vivienda,Hombre,Ocupado,3,1,3.0,43.0,8.0,3.0,0
005754,11,1,Urbano,Lima Metropolitana,Ladrillo o Bloque de cemento,Red publica dentro de la vivienda,Hombre,Inactivo,3,2,1.5,68.0,13.0,4.0,1
005755,5,1,Urbano,Costa Norte,Otro material,Red publica fuera de la vivienda,Hombre,Ocupado,1,1,1.0,39.0,13.0,2.0,0
005756,2,1,Urbano,Selva,Ladrillo o Bloque de cemento,Red publica fuera de la vivienda,Hombre,Desocupado,6,2,3.0,60.0,10.0,3.0,1
005757,7,1,Urbano,Costa Centro,Ladrillo o Bloque de cemento,Red publica dentro de la vivienda,Hombre,Ocupado,6,5,1.2,45.0,6.0,,1
005758,8,1,Rural,Sierra Sur,Adobe,Pozo,Mujer,Ocupado,3,3,1.0,31.0,4.0,3.0,0
005759,19,1,Rural,Costa Sur,Adobe,"Rio, acequia o manantial",Mujer,Inactivo,2,1,2.0,77.0,8.0,6.0,1
005760,15,1,Urbano,Costa Norte,Ladrillo o Bloque de cemento,Red publica dentro de la vivienda,Mujer,Ocupado,5,4,1.25,38.0,11.0,3.0,0
005761,19,1,Urbano,Costa Norte,Madera,Red publica dentro de la vivienda,Mujer,Ocupado,5,4,1.25,42.0,7.0,4.0,0
005762,4,1,Urbano,Lima Metropolitana,Ladrillo o Bloque de cemento,Red publica dentro de la vivienda,Hombre,Ocupado,3,3,1.0,59.0,11.0,1.0,0
005763,3,1,Urbano,Lima Metropolitana,Ladrillo o Bloque de cemento,Red publica dentro de la vivienda,Hombre,Inactivo,4,3,1.33,65.0,15.0,6.0,0
005764,12,1,Urbano,Lima Metropolitana,Ladrillo o Bloque de cemento,Red publica dentro de la vivienda,Mujer,Ocupado,4,3,1.33,30.0,13.0,2.0,0
005765,10,1,Urbano,Sierra Sur,Ladrillo o Bloque de cemento,Red publica dentro de la vivienda,Mujer,Inactivo,6,6,1.0,68.0,8.0,4.0,1
005766,10,1,Urbano,Sierra Sur,Ladrillo o Bloque de cemento,Red publica dentro de la vivienda,Mujer,Ocupado,2,2,1.0,48.0,12.0,3.0,0
005767,14,1,Urbano,Sierra Centro,Ladrillo o Bloque de cemento,Red publica dentro de la vivienda,Hombre,Ocupado,7,5,1.4,47.0,9.0,4.0,0
005768,3,1,Rural,Selva,Otro material,Red publica fuera de la vivienda,Mujer,Ocupado,7,4,1.75,46.0,4.0,3.0,1
005769,10,1,Rural,Sierra Centro,Ladrillo o Bloque de cemento,Red publica dentro de la vivienda,Hombre,Ocupado,8,6,1.33,48.0,7.0,3.0,0
005770,2,1,Urbano,Lima Metropolitana,Ladrillo o Bloque de cemento,Pozo,Mujer,Ocupado,8,6,1.33,26.0,9.0,4.0,0
005771,18,1,Urbano,Lima Metropolitana,Ladrillo o Bloque de cemento,Red publica dentro de la vivienda,Mujer,Ocupado,4,3,1.33,54.0,11.0,2.0,0
005772,19,1,Urbano,Lima Metropolitana,Ladrillo o Bloque de cemento,"Rio, acequia o manantial",Hombre,Ocupado,4,1,4.0,51.0,16.0,5.0,0
005773,18,1,Urbano,Sierra Norte,Ladrillo o Bloque de cemento,Red publica dentro de la vivienda,Hombre,Ocupado,3,3,1.0,43.0,18.0,3.0,0
005774,4,1,Urbano,Selva,Ladrillo o Bloque de cemento,Red publica dentro de la vivienda,Hombre,Ocupado,1,1,1.0,51.0,6.0,2.0,0
005775,4,1,Urbano,Costa Sur,Ladrillo o Bloque de cemento,Red publica dentro de la vivienda,Hombre,Ocupado,8,5,1.6,45.0,8.0,3.0,0
005776,16,1,Urbano,Costa Norte,Ladrillo o Bloque de cemento,Red publica dentro de la vivienda,Mujer,Ocupado,3,1,3.0,47.0,15.0,3.0,0
005777,11,1,Urbano,Lima Metropolitana,Ladrillo o Bloque de cemento,Red publica dentro de la vivienda,Hombre,Ocupado,9,5,1.8,54.0,8.0,3.0,0
005778,16,1,Urbano,Selva,Ladrillo o Bloque de cemento,Red publica dentro de la vivienda,Hombre,Ocupado,7,3,2.33,45.0,11.0,2.0,0
005779,8,1,Urbano,Lima Metropolitana,Ladrillo o Bloque de cemento,Red publica dentro de la vivienda,Hombre,Ocupado,5,4,1.25,37.0,18.0,4.0,0
005780,9,1,Urbano,Costa Norte,Ladrillo o Bloque de cemento,Red publica dentro de la vivienda,Hombre,Ocupado,4,4,1.0,59.0,9.0,3.0,0
005781,3,1,Urbano,Lima Metropolitana,Ladrillo o Bloque de cemento,Red publica dentro de la vivienda,Hombre,Desocupado,6,4,1.5,33.0,12.0,4.0,1
005782,12,1,Urbano,Lima Metropolitana,Ladrillo o Bloque de cemento,Red publica dentro de la vivienda,Mujer,Ocupado,5,4,1.25,63.0,8.0,2.0,0
005783,14,1,Urbano,Sierra Sur,Ladrillo o Bloque de cemento,Red publica dentro de la vivienda,Mujer,Ocupado,4,3,1.33,43.0,13.0,6.0,0
005784,13,1,Urbano,Lima Metropolitana,Ladrillo o Bloque de cemento,Red publica fuera de la vivienda,Hombre,Ocupado,3,3,1.0,60.0,7.0,4.0,0
005785,18,1,Urbano,Sierra Norte,Ladrillo o Bloque de cemento,Otro,Hombre,Inactivo,2,2,1.0,68.0,9.0,1.0,1
005786,18,1,Urbano,Lima Metropolitana,Ladrillo o Bloque de cemento,"Rio, acequia o manantial",Hombre,Ocupado,5,4,1.25,47.0,8.0,1.0,1
005787,15,1,Urbano,Lima Metropolitana,Adobe,Red publica dentro de la vivienda,Mujer,Ocupado,8,6,1.33,60.0,11.0,4.0,1
005788,13,1,Urbano,Lima Metropolitana,Ladrillo o Bloque de cemento,Red publica dentro de la vivienda,Mujer,Ocupado,7,3,2.33,57.0,18.0,5.0,1
005789,17,1,Urbano,Lima Metropolitana,Ladrillo o Bloque de cemento,Red publica dentro de la vivienda,Hombre,Ocupado,9,7,1.29,51.0,14.0,7.0,1
005790,14,1,Urbano,Sierra Sur,Ladrillo o Bloque de cemento,Red publica dentro de la vivienda,Hombre,Ocupado,4,3,1.33,56.0,12.0,5.0,0
005791,14,1,Urbano,Lima Metropolitana,Ladrillo o Bloque de cemento,Red publica dentro de la vivienda,Hombre,Ocupado,2,1,2.0,44.0,13.0,4.0,0
005792,18,1,Urbano,Lima Metropolitana,Ladrillo o Bloque de cemento,Red publica dentro de la vivienda,Mujer,Inactivo,3,3,1.0,71.0,12.0,4.0,0
005793,5,1,Urbano,Costa Centro,Madera,Red publica dentro de la vivienda,Hombre,Ocupado,7,4,1.75,49.0,15.0,3.0,0
005794,18,1,Urbano,Costa Centro,Madera,Red publica fuera de la vivienda,Hombre,Ocupado,5,5,1.0,38.0,13.0,3.0,0
005795,4,1,Urbano,Lima Metropolitana,Ladrillo o Bloque de cemento,Red publica fuera de la vivienda,Mujer,Ocupado,5,4,1.25,42.0,8.0,2.0,0
005796,5,1,Urbano,Lima Metropolitana,Ladrillo o Bloque de cemento,,Hombre,Ocupado,3,1,3.0,60.0,16.0,4.0,0
005797,2,1,Rural,Selva,Adobe,"Rio, acequia o manantial",Mujer,Desocupado,4,2,2.0,35.0,7.0,2.0,1
005798,6,1,Urbano,Lima Metropolitana,Ladrillo o Bloque de cemento,Red publica dentro de la vivienda,Hombre,Inactivo,3,3,1.0,,14.0,6.0,1
005799,9,1,Urbano,Lima Metropolitana,Ladrillo o Bloque de cemento,Red publica dentro de la vivienda,Hombre,Inactivo,8,6,1.33,66.0,6.0,2.0,1
005800,16,1,Urbano,Sierra Centro,Otro material,Red publica dentro de la vivienda,Hombre,Ocupado,5,2,2.5,31.0,11.0,5.0,0
005801,19,1,Rural,Sierra Sur,Adobe,Red publica dentro de la vivienda,Hombre,Ocupado,3,2,1.5,59.0,6.0,2.0,0
005802,14,1,Urbano,Selva,Adobe,Otro,Hombre,Ocupado,3,1,3.0,34.0,9.0,5.0,1
005803,7,1,Urbano,Lima Metropolitana,Ladrillo o Bloque de cemento,Red publica fuera de la vivienda,Hombre,Ocupado,5,2,2.5,36.0,16.0,5.0,0
005804,2,1,Urbano,Selva,Ladrillo o Bloque de cemento,Red publica dentro de la vivienda,Hombre,Ocupado,6,5,1.2,41.0,6.0,8.0,0
005805,3,1,Urbano,Selva,Adobe,Red publica dentro de la vivienda,Hombre,Ocupado,7,4,1.75,38.0,18.0,4.0,0
005806,18,1,Urbano,Lima Metropolitana,Ladrillo o Bloque de cemento,Red publica dentro de la vivienda,Hombre,Ocupado,6,3,2.0,58.0,9.0,3.0,0
005807,14,1,Urbano,Lima Metropolitana,Otro material,Red publica dentro de la vivienda,Hombre,Ocupado,3,2,1.5,52.0,14.0,6.0,0
005808,14,1,Urbano,Lima Metropolitana,Ladrillo o Bloque de cemento,Red publica dentro de la vivienda,Hombre,Ocupado,5,1,5.0,54.0,,7.0,1
005809,5,1,Urbano,Costa Norte,Ladrillo o Bloque de cemento,Red publica dentro de la vivienda,Hombre,Ocupado,3,1,3.0,48.0,15.0,5.0,1
005810,8,1,Urbano,Lima Metropolitana,Adobe,Red publica fuera de la vivienda,Hombre,Ocupado,2,2,1.0,41.0,18.0,4.0,0
005811,19,1,Rural,Selva,Adobe,Pozo,Mujer,Ocupado,2,1,2.0,41.0,5.0,3.0,1
005812,10,1,Urbano,Costa Norte,Ladrillo o Bloque de cemento,Red publica dentro de la vivienda,Mujer,Desocupado,6,3,2.0,63.0,12.0,7.0,1
005813,1,1,Urbano,Lima Metropolitana,Ladrillo o Bloque de cemento,Red publica dentro de la vivienda,Hombre,Ocupado,7,5,1.4,43.0,11.0,3.0,0
005814,14,1,Urbano,Lima Metropolitana,Ladrillo o Bloque de cemento,Red publica fuera de la vivienda,Hombre,Inactivo,4,3,1.33,68.0,9.0,2.0,1
005815,17,1,Urbano,Selva,Ladrillo o Bloque de cemento,Red publica dentro de la vivienda,Hombre,Ocupado,6,3,2.0,39.0,11.0,4.0,0
005816,9,1,Urbano,Lima Metropolitana,Ladrillo o Bloque de cemento,Red publica dentro de la vivienda,Hombre,Ocupado,6,1,6.0,49.0,12.0,8.0,0
005817,15,1,Rural,Sierra Norte,Madera,"Rio, acequia o manantial",Mujer,Ocupado,5,4,1.25,52.0,7.0,8.0,0
005818,10,1,Urbano,Costa Sur,Ladrillo o Bloque de cemento,Red publica dentro de la vivienda,Hombre,Inactivo,4,2,2.0,65.0,10.0,2.0,1
005819,18,1,Rural,Sierra Centro,Adobe,"Rio, acequia o manantial",Hombre,Ocupado,3,2,1.5,62.0,8.0,3.0,0
005820,15,1,Urbano,Sierra Sur,Madera,Red publica fuera de la vivienda,Hombre,Ocupado,7,4,1.75,52.0,14.0,5.0,0
005821,3,1,Urbano,Lima Metropolitana,Ladrillo o Bloque de cemento,Red publica dentro de la vivienda,Hombre,Ocupado,5,2,2.5,49.0,9.0,5.0,1
005822,5,1,Urbano,Lima Metropolitana,Ladrillo o Bloque de cemento,Red publica dentro de la vivienda,Hombre,Ocupado,4,2,2.0,35.0,14.0,5.0,0
005823,15,1,Urbano,Lima Metropolitana,Ladrillo o Bloque de cemento,Red publica dentro de la vivienda,Hombre,Ocupado,7,4,1.75,45.0,17.0,4.0,0
005824,5,1,Urbano,Costa Centro,Ladrillo o Bloque de cemento,Red publica dentro de la vivienda,Mujer,Inactivo,4,2,2.0,80.0,7.0,4.0,1
005825,17,1,Rural,Sierra Centro,Adobe,Pozo,Hombre,Ocupado,4,3,1.33,35.0,7.0,2.0,0
005826,4,1,Urbano,Costa Centro,Ladrillo o Bloque de cemento,Red publica dentro de la vivienda,Mujer,Ocupado,2,2,1.0,40.0,12.0,3.0,0
005827,2,1,Urbano,Lima Metropolitana,Ladrillo o Bloque de cemento,Red publica dentro de la vivienda,Hombre,Ocupado,3,2,1.5,29.0,15.0,2.0,0
005828,5,1,Urbano,Sierra Norte,Madera,Red publica dentro de la vivienda,Mujer,Ocupado,3,2,1.5,38.0,14.0,3.0,0
005829,1,1,Rural,Selva,Adobe,Pozo,Mujer,Ocupado,3,3,1.0,31.0,10.0,3.0,0
005830,4,1,Rural,Lima Metropolitana,Adobe,Red publica fuera de la vivienda,Hombre,Ocupado,5,3,1.67,31.0,8.0,3.0,0
005831,19,1,Urbano,Lima Metropolitana,Ladrillo o Bloque de cemento,Red publica dentro de la vivienda,Mujer,Ocupado,4,3,1.33,53.0,9.0,3.0,0
005832,6,1,Rural,Sierra Norte,Otro material,Pozo,Hombre,Ocupado,6,5,1.2,58.0,5.0,3.0,0
005833,2,1,Rural,Sierra Centro,Ladrillo o Bloque de cemento,"Rio, acequia o manantial",Hombre,Ocupado,5,5,1.0,53.0,11.0,4.0,0
005834,5,1,Urbano,Lima Metropolitana,Ladrillo o Bloque de cemento,Red publica dentro de la vivienda,Hombre,Ocupado,3,1,3.0,34.0,10.0,4.0,0
005835,6,1,Urbano,Selva,Ladrillo o Bloque de cemento,Red publica dentro de la vivienda,Hombre,Ocupado,6,5,1.2,24.0,13.0,4.0,0
005836,18,1,Urbano,Costa Norte,Ladrillo o Bloque de cemento,Red publica dentro de la vivienda,Hombre,Ocupado,6,4,1.5,19.0,14.0,2.0,0
005837,6,1,Urbano,Lima Metropolitana,Ladrillo o Bloque de cemento,Red publica dentro de la vivienda,Hombre,Ocupado,4,3,1.33,31.0,14.0,4.0,0
005838,1,1,Rural,Selva,Adobe,Red publica dentro de la vivienda,Mujer,Ocupado,6,5,1.2,34.0,9.0,4.0,0
005839,17,1,Rural,Sierra Sur,Adobe,Red publica dentro de la vivienda,Mujer,Ocupado,8,5,1.6,42.0,6.0,4.0,1
005840,1,1,Urbano,Costa Sur,Ladrillo o Bloque de cemento,Red publica dentro de la vivienda,Hombre,Ocupado,5,4,1.25,52.0,11.0,6.0,0
005841,1,1,Rural,Sierra Centro,Adobe,Red publica fuera de la vivienda,Hombre,Desocupado,3,3,1.0,43.0,12.0,6.0,1
005842,16,1,Urbano,Sierra Centro,Ladrillo o Bloque de cemento,Red publica dentro de la vivienda,Mujer,Inactivo,7,5,1.4,70.0,17.0,2.0,1
005843,8,1,Urbano,Sierra Norte,Ladrillo o Bloque de cemento,Red publica dentro de la vivienda,Hombre,Inactivo,4,2,2.0,80.0,16.0,5.0,1
005844,1,1,Urbano,Selva,Ladrillo o Bloque de cemento,"Rio, acequia o manantial",Hombre,Ocupado,5,4,1.25,47.0,13.0,2.0,0
005845,13,1,Urbano,Sierra Sur,Adobe,Red publica dentro de la vivienda,Hombre,Ocupado,4,2,2.0,21.0,9.0,3.0,1
005846,8,1,Urbano,Lima Metropolitana,Otro material,Red publica dentro de la vivienda,Mujer,Ocupado,1,1,1.0,40.0,13.0,6.0,0
005847,4,1,Urbano,Lima Metropolitana,Ladrillo o Bloque de cemento,Red publica dentro de la vivienda,Mujer,Ocupado,6,2,3.0,44.0,12.0,7.0,0
005848,10,1,Urbano,Costa Sur,Ladrillo o Bloque de cemento,Red publica dentro de la vivienda,Mujer,Desocupado,5,3,1.67,58.0,15.0,4.0,1
005849,1,1,Urbano,Costa Centro,Ladrillo o Bloque de cemento,Red publica dentro de la vivienda,Hombre,Ocupado,5,3,1.67,29.0,12.0,2.0,0
005850,6,1,Urbano,Lima Metropolitana,Ladrillo o Bloque de cemento,Red publica dentro de la vivienda,Mujer,Ocupado,5,3,1.67,25.0,14.0,4.0,0
005851,13,1,Urbano,Lima Metropolitana,Ladrillo o Bloque de cemento,Red publica dentro de la vivienda,Mujer,Ocupado,3,2,1.5,52.0,12.0,3.0,0
005852,17,1,Urbano,Lima Metropolitana,,Red publica dentro de la vivienda,Hombre,Ocupado,5,2,2.5,40.0,5.0,2.0,0
005853,11,1,Urbano,Costa Norte,Adobe,Red publica dentro de la vivienda,Mujer,Ocupado,6,2,3.0,40.0,15.0,5.0,0
005854,4,1,Rural,Sierra Norte,Adobe,Otro,Hombre,Ocupado,4,3,1.33,36.0,6.0,2.0,0
005855,9,1,Rural,Costa Norte,Otro material,Red publica dentro de la vivienda,Mujer,Ocupado,5,3,1.67,42.0,10.0,5.0,1
005856,2,1,Urbano,Lima Metropolitana,Adobe,Red publica dentro de la vivienda,Hombre,Ocupado,3,2,1.5,51.0,11.0,5.0,0
005857,14,1,Urbano,Selva,Ladrillo o Bloque de cemento,Red publica dentro de la vivienda,Mujer,Ocupado,5,3,1.67,18.0,16.0,3.0,0
005858,3,1,Rural,Selva,Ladrillo o Bloque de cemento,Red publica dentro de la vivienda,Hombre,Ocupado,4,4,1.0,48.0,5.0,7.0,1
005859,6,1,Urbano,Selva,Ladrillo o Bloque de cemento,Red publica dentro de la vivienda,Mujer,Ocupado,8,4,2.0,58.0,11.0,,1
005860,8,1,Urbano,Sierra Norte,Ladrillo o Bloque de cemento,Red publica dentro de la vivienda,Mujer,Ocupado,3,1,3.0,54.0,11.0,2.0,0
005861,19,1,Urbano,Selva,Madera,Red publica dentro de la vivienda,Hombre,Inactivo,5,4,1.25,78.0,6.0,3.0,1
005862,10,1,Urbano,Costa Norte,Madera,Red publica dentro de la vivienda,Hombre,Ocupado,4,2,2.0,42.0,12.0,5.0,0
005863,17,1,Urbano,Lima Metropolitana,Ladrillo o Bloque de cemento,Red publica dentro de la vivienda,Hombre,Ocupado,2,2,1.0,47.0,15.0,2.0,0
005864,17,1,Urbano,Lima Metropolitana,Ladrillo o Bloque de cemento,Red publica dentro de la vivienda,Hombre,Inactivo,4,2,2.0,66.0,14.0,5.0,1
005865,16,1,Urbano,Lima Metropolitana,Ladrillo o Bloque de cemento,Red publica dentro de la vivienda,Hombre,Ocupado,2,2,1.0,49.0,18.0,3.0,0
005866,2,1,Rural,Sierra Centro,Madera,"Rio, acequia o manantial",Hombre,Inactivo,6,4,1.5,69.0,4.0,4.0,1
005867,6,1,Urbano,Lima Metropolitana,Madera,Red publica dentro de la vivienda,Hombre,Ocupado,5,3,1.67,59.0,7.0,1.0,0
005868,1,1,Urbano,Lima Metropolitana,Ladrillo o Bloque de cemento,Red publica dentro de la vivienda,Hombre,Ocupado,4,3,1.33,50.0,9.0,4.0,0
005869,14,1,Rural,Costa Centro,Adobe,,Hombre,Ocupado,5,3,1.67,48.0,7.0,3.0,0
005870,5,1,Urbano,Costa Sur,Adobe,Red publica dentro de la vivienda,Hombre,Ocupado,9,4,2.25,45.0,15.0,7.0,0
005871,19,1,Urbano,Lima Metropolitana,Adobe,,Hombre,Ocupado,3,3,1.0,48.0,13.0,3.0,0
005872,17,1,Rural,Sierra Norte,Madera,Red publica dentro de la vivienda,Mujer,Ocupado,5,1,5.0,36.0,5.0,3.0,0
005873,6,1,Urbano,Costa Centro,Ladrillo o Bloque de cemento,Otro,Hombre,Desocupado,5,3,1.67,57.0,16.0,4.0,1
005874,4,1,Urbano,Costa Centro,Ladrillo o Bloque de cemento,Red publica dentro de la vivienda,Hombre,Inactivo,3,2,1.5,75.0,11.0,4.0,1
005875,17,1,Urbano,Costa Centro,Adobe,Red publica dentro de la vivienda,Hombre,Ocupado,5,2,2.5,23.0,7.0,4.0,1
005876,7,1,Rural,Sierra Sur,Adobe,Red publica dentro de la vivienda,Hombre,Inactivo,3,2,1.5,65.0,10.0,4.0,1
005877,5,1,Rural,Selva,Ladrillo o Bloque de cemento,"Rio, acequia o manantial",Hombre,Ocupado,4,3,1.33,51.0,9.0,4.0,1
005878,13,1,Urbano,Costa Centro,Adobe,,Hombre,Ocupado,2,1,2.0,63.0,12.0,4.0,1
005879,13,1,Urbano,Lima Metropolitana,Ladrillo o Bloque de cemento,Red publica dentro de la vivienda,Hombre,Ocupado,2,1,2.0,40.0,18.0,5.0,0
005880,4,1,Rural,Sierra Norte,Ladrillo o Bloque de cemento,,Mujer,Ocupado,4,3,1.33,45.0,6.0,4.0,0
005881,6,1,Urbano,Sierra Norte,Ladrillo o Bloque de cemento,Red publica dentro de la vivienda,Hombre,Inactivo,3,3,1.0,66.0,12.0,2.0,0
005882,2,1,Rural,Costa Sur,Ladrillo o Bloque de cemento,Pozo,Mujer,Ocupado,4,2,2.0,47.0,3.0,2.0,1
005883,11,1,Urbano,Lima Metropolitana,Ladrillo o Bloque de cemento,Red publica fuera de la vivienda,Hombre,Ocupado,5,3,1.67,60.0,10.0,2.0,0
005884,15,1,Urbano,Lima Metropolitana,Ladrillo o Bloque de cemento,Red publica dentro de la vivienda,Hombre,Ocupado,7,2,3.5,40.0,11.0,3.0,0
005885,13,1,Rural,Sierra Sur,Adobe,Red publica dentro de la vivienda,Hombre,Ocupado,4,2,2.0,45.0,,2.0,0
005886,8,1,Urbano,Costa Norte,Ladrillo o Bloque de cemento,Red publica dentro de la vivienda,Mujer,Ocupado,6,4,1.5,55.0,,3.0,1
005887,8,1,Urbano,Sierra Norte,Ladrillo o Bloque de cemento,Red publica dentro de la vivienda,Mujer,Ocupado,9,7,1.29,54.0,11.0,6.0,1
005888,4,1,Urbano,Costa Centro,Ladrillo o Bloque de cemento,Red publica dentro de la vivienda,Hombre,Ocupado,6,4,1.5,60.0,10.0,1.0,0
005889,1,1,Urbano,Lima Metropolitana,Adobe,Red publica dentro de la vivienda,Mujer,Ocupado,4,2,2.0,43.0,12.0,4.0,0
005890,12,1,Rural,Costa Norte,Ladrillo o Bloque de cemento,Pozo,Hombre,Ocupado,1,1,1.0,48.0,4.0,5.0,0
005891,9,1,Urbano,Lima Metropolitana,Ladrillo o Bloque de cemento,Red publica dentro de la vivienda,Hombre,Ocupado,5,2,2.5,62.0,12.0,2.0,1
005892,15,1,Urbano,Selva,Adobe,Red publica dentro de la vivienda,Hombre,Inactivo,9,7,1.29,68.0,7.0,4.0,1
005893,4,1,Urbano,Selva,Madera,Red publica dentro de la vivienda,Hombre,Ocupado,3,3,1.0,36.0,11.0,1.0,0
005894,17,1,Urbano,Lima Metropolitana,Ladrillo o Bloque de cemento,Red publica dentro de la vivienda,Hombre,Inactivo,2,1,2.0,65.0,12.0,6.0,0
005895,7,1,Rural,Costa Norte,Ladrillo o Bloque de cemento,Red publica fuera de la vivienda,Mujer,Ocupado,7,3,2.33,37.0,7.0,5.0,0
005896,11,1,Urbano,Lima Metropolitana,Ladrillo o Bloque de cemento,Pozo,Hombre,Ocupado,5,4,1.25,51.0,14.0,6.0,0
005897,8,1,Urbano,Costa Centro,Madera,Red publica dentro de la vivienda,Mujer,Ocupado,4,3,1.33,52.0,17.0,4.0,1
005898,10,1,Urbano,Lima Metropolitana,Ladrillo o Bloque de cemento,Red publica dentro de la vivienda,Hombre,Ocupado,7,3,2.33,41.0,7.0,4.0,0
005899,11,1,Rural,Selva,Adobe,Red publica dentro de la vivienda,Hombre,Ocupado,6,6,1.0,46.0,5.0,4.0,0
005900,15,1,Urbano,Costa Norte,Ladrillo o Bloque de cemento,Red publica dentro de la vivienda,Mujer,Ocupado,9,4,2.25,23.0,8.0,3.0,0
005901,8,1,Urbano,Lima Metropolitana,Ladrillo o Bloque de cemento,Red publica dentro de la vivienda,Hombre,Ocupado,3,2,1.5,58.0,13.0,4.0,0
005902,1,1,Urbano,Costa Norte,Adobe,Red publica dentro de la vivienda,Hombre,Ocupado,4,3,1.33,44.0,13.0,6.0,0
005903,12,1,Urbano,Costa Centro,Adobe,Red publica dentro de la vivienda,Hombre,Ocupado,4,2,2.0,47.0,7.0,3.0,1
005904,18,1,Urbano,Lima Metropolitana,Ladrillo o Bloque de cemento,Red publica fuera de la vivienda,Hombre,Ocupado,2,1,2.0,40.0,14.0,4.0,0
005905,8,1,Rural,Sierra Sur,Adobe,Red publica dentro de la vivienda,Mujer,Ocupado,2,1,2.0,58.0,9.0,5.0,1
005906,6,1,Urbano,Lima Metropolitana,Madera,Red publica dentro de la vivienda,Hombre,Ocupado,5,4,1.25,51.0,14.0,5.0,0
005907,8,1,Urbano,Lima Metropolitana,Ladrillo o Bloque de cemento,,Hombre,Desocupado,3,2,1.5,32.0,11.0,4.0,1
005908,14,1,Urbano,Lima Metropolitana,Ladrillo o Bloque de cemento,Red publica fuera de la vivienda,Mujer,Ocupado,3,2,1.5,46.0,15.0,4.0,0
005909,2,1,Rural,Sierra Norte,Madera,Red publica dentro de la vivienda,Hombre,Ocupado,7,4,1.75,34.0,6.0,2.0,0
005910,19,1,Urbano,Costa Centro,Ladrillo o Bloque de cemento,Red publica dentro de la vivienda,Hombre,Ocupado,2,1,2.0,48.0,14.0,4.0,0
005911,19,1,Urbano,Lima Metropolitana,Ladrillo o Bloque de cemento,Red publica dentro de la vivienda,Hombre,Ocupado,3,2,1.5,58.0,14.0,4.0,0
005912,9,1,Rural,Costa Centro,Adobe,Red publica dentro de la vivienda,Hombre,Ocupado,6,3,2.0,51.0,6.0,5.0,1
005913,11,1,Urbano,Selva,Ladrillo o Bloque de cemento,Red publica dentro de la vivienda,Hombre,Ocupado,4,3,1.33,54.0,7.0,4.0,0
005914,16,1,Rural,Sierra Norte,Adobe,Red publica dentro de la vivienda,Hombre,Ocupado,4,3,1.33,63.0,7.0,3.0,0
005915,5,1,Urbano,Sierra Norte,Ladrillo o Bloque de cemento,Red publica dentro de la vivienda,Hombre,Ocupado,6,2,3.0,37.0,8.0,3.0,1
005916,17,1,Urbano,Selva,Ladrillo o Bloque de cemento,Red publica dentro de la vivienda,Hombre,Ocupado,6,5,1.2,42.0,8.0,3.0,0
005917,19,1,Urbano,Lima Metropolitana,Madera,Red publica fuera de la vivienda,Hombre,Ocupado,5,4,1.25,23.0,11.0,2.0,0
005918,14,1,Urbano,Lima Metropolitana,Ladrillo o Bloque de cemento,Red publica fuera de la vivienda,Hombre,Ocupado,4,2,2.0,43.0,12.0,4.0,0
005919,18,1,Urbano,Lima Metropolitana,Ladrillo o Bloque de cemento,Red publica dentro de la vivienda,Mujer,Ocupado,5,5,1.0,39.0,9.0,5.0,0
005920,10,1,Urbano,Sierra Norte,Madera,Red publica fuera de la vivienda,Hombre,Ocupado,4,3,1.33,57.0,10.0,5.0,0
005921,4,1,Urbano,Sierra Sur,Ladrillo o Bloque de cemento,Pozo,Hombre,Ocupado,3,1,3.0,54.0,10.0,,1
005922,18,1,Urbano,Costa Norte,Ladrillo o Bloque de cemento,Red publica dentro de la vivienda,Hombre,Inactivo,4,1,4.0,69.0,9.0,4.0,1
005923,11,1,Urbano,Lima Metropolitana,Madera,Red publica dentro de la vivienda,Mujer,Ocupado,5,2,2.5,41.0,12.0,6.0,0
005924,3,1,Urbano,Sierra Norte,Madera,Red publica dentro de la vivienda,Hombre,Ocupado,4,2,2.0,54.0,13.0,5.0,0
005925,10,1,Urbano,Selva,Ladrillo o Bloque de cemento,Red publica dentro de la vivienda,Mujer,Ocupado,4,2,2.0,58.0,10.0,4.0,1
005926,8,1,Urbano,Costa Centro,Adobe,Red publica dentro de la vivienda,Hombre,Inactivo,2,1,2.0,80.0,13.0,5.0,0
005927,13,1,Urbano,Lima Metropolitana,Ladrillo o Bloque de cemento,Red publica fuera de la vivienda,Hombre,Ocupado,2,2,1.0,54.0,12.0,3.0,0
005928,1,1,Urbano,Lima Metropolitana,Ladrillo o Bloque de cemento,Red publica dentro de la vivienda,Hombre,Ocupado,3,3,1.0,47.0,16.0,3.0,0
005929,5,1,Urbano,Lima Metropolitana,Ladrillo o Bloque de cemento,Red publica dentro de la vivienda,Hombre,Ocupado,7,4,1.75,50.0,15.0,7.0,0
005930,8,1,Urbano,Costa Norte,Ladrillo o Bloque de cemento,Red publica fuera de la vivienda,Hombre,Ocupado,6,2,3.0,55.0,10.0,3.0,0
005931,19,1,Urbano,Lima Metropolitana,Ladrillo o Bloque de cemento,Red publica fuera de la vivienda,Hombre,Inactivo,8,5,1.6,67.0,10.0,1.0,1
005932,3,1,Urbano,Sierra Norte,Ladrillo o Bloque de cemento,Red publica dentro de la vivienda,Hombre,Desocupado,2,1,2.0,42.0,13.0,7.0,1
005933,6,1,Urbano,Sierra Norte,Madera,Red publica dentro de la vivienda,Hombre,Ocupado,1,1,1.0,38.0,9.0,4.0,0
005934,8,1,Rural,Sierra Norte,Adobe,Red publica dentro de la vivienda,Hombre,Inactivo,3,2,1.5,85.0,1.0,4.0,1
005935,11,1,Urbano,Sierra Norte,Ladrillo o Bloque de cemento,Red publica dentro de la vivienda,Hombre,Ocupado,4,3,1.33,32.0,13.0,8.0,0
005936,14,1,Rural,Selva,Madera,Red publica fuera de la vivienda,Hombre,Ocupado,6,4,1.5,60.0,5.0,3.0,1
005937,14,1,Urbano,Costa Sur,Madera,Red publica dentro de la vivienda,Hombre,Ocupado,4,1,4.0,54.0,4.0,3.0,0
005938,1,1,Rural,Sierra Centro,Adobe,Red publica dentro de la vivienda,Hombre,Ocupado,3,2,1.5,53.0,6.0,3.0,0
005939,2,1,Urbano,Lima Metropolitana,Ladrillo o Bloque de cemento,Red publica dentro de la vivienda,Hombre,Ocupado,2,2,1.0,31.0,15.0,5.0,0
005940,18,1,Urbano,Lima Metropolitana,Ladrillo o Bloque de cemento,Red publica dentro de la vivienda,Hombre,Inactivo,4,3,1.33,86.0,11.0,3.0,0
005941,8,1,Urbano,Lima Metropolitana,Ladrillo o Bloque de cemento,Red publica dentro de la vivienda,Mujer,Ocupado,4,3,1.33,50.0,11.0,4.0,0
005942,1,1,Rural,Selva,Ladrillo o Bloque de cemento,Red publica dentro de la vivienda,Hombre,Ocupado,4,3,1.33,41.0,8.0,8.0,0
005943,17,1,Urbano,Costa Centro,Adobe,Red publica dentro de la vivienda,Hombre,Ocupado,4,4,1.0,29.0,10.0,3.0,1
005944,5,1,Urbano,Lima Metropolitana,Ladrillo o Bloque de cemento,Red publica dentro de la vivienda,Hombre,Ocupado,3,2,1.5,20.0,12.0,5.0,0
005945,16,1,Rural,Costa Norte,Madera,Red publica dentro de la vivienda,Hombre,Ocupado,3,3,1.0,58.0,9.0,6.0,0
005946,15,1,Urbano,Sierra Norte,Madera,Red publica fuera de la vivienda,Hombre,Ocupado,7,7,1.0,36.0,13.0,3.0,1
005947,6,1,Urbano,Costa Norte,Ladrillo o Bloque de cemento,Red publica dentro de la vivienda,Hombre,Ocupado,4,3,1.33,44.0,12.0,6.0,0
005948,4,1,Urbano,Lima Metropolitana,Ladrillo o Bloque de cemento,Red publica dentro de la vivienda,Hombre,Ocupado,4,3,1.33,40.0,7.0,4.0,0
005949,12,1,Urbano,Sierra Centro,Ladrillo o Bloque de cemento,Red publica dentro de la vivienda,Mujer,Ocupado,6,3,2.0,56.0,13.0,6.0,0
005950,9,1,Urbano,Lima Metropolitana,Ladrillo o Bloque de cemento,Red publica dentro de la vivienda,Mujer,Ocupado,4,2,2.0,53.0,11.0,3.0,0
005951,2,1,Urbano,Sierra Centro,Ladrillo o Bloque de cemento,Red publica dentro de la vivienda,Mujer,Ocupado,6,4,1.5,59.0,13.0,2.0,0
005952,15,1,Urbano,Sierra Sur,Ladrillo o Bloque de cemento,Red publica dentro de la vivienda,Mujer,Ocupado,4,2,2.0,59.0,6.0,7.0,1
005953,16,1,Urbano,Sierra Sur,Ladrillo o Bloque de cemento,Red publica dentro de la vivienda,Hombre,Ocupado,5,3,1.67,38.0,14.0,3.0,1
005954,12,1,Urbano,Costa Norte,Ladrillo o Bloque de cemento,Red publica dentro de la vivienda,Hombre,Ocupado,6,4,1.5,29.0,8.0,3.0,0
005955,2,1,Urbano,Sierra Sur,Ladrillo o Bloque de cemento,Red publica dentro de la vivienda,Hombre,Ocupado,3,3,1.0,46.0,12.0,8.0,0
005956,11,1,Urbano,Lima Metropolitana,Ladrillo o Bloque de cemento,Red publica fuera de la vivienda,Mujer,Ocupado,4,3,1.33,55.0,15.0,8.0,0
005957,11,1,Rural,Selva,Ladrillo o Bloque de cemento,"Rio, acequia o manantial",Hombre,Ocupado,2,2,1.0,,8.0,5.0,0
005958,3,1,Urbano,Costa Norte,Ladrillo o Bloque de cemento,Red publica dentro de la vivienda,Hombre,Ocupado,2,2,1.0,22.0,12.0,6.0,0
005959,13,1,Urbano,Lima Metropolitana,Ladrillo o Bloque de cemento,Red publica dentro de la vivienda,Hombre,Ocupado,3,2,1.5,49.0,13.0,5.0,0
005960,2,1,Rural,Sierra Norte,Adobe,Pozo,Mujer,Ocupado,9,7,1.29,34.0,3.0,4.0,1
005961,7,1,Urbano,Costa Norte,Ladrillo o Bloque de cemento,Red publica dentro de la vivienda,Hombre,Ocupado,5,1,5.0,48.0,15.0,4.0,0
005962,3,1,Urbano,Costa Centro,Ladrillo o Bloque de cemento,Red publica fuera de la vivienda,Mujer,Ocupado,6,3,2.0,62.0,15.0,8.0,1
005963,2,1,Urbano,Sierra Sur,Ladrillo o Bloque de cemento,Red publica dentro de la vivienda,Hombre,Ocupado,4,4,1.0,18.0,10.0,2.0,0
005964,4,1,Rural,Sierra Norte,Adobe,Pozo,Hombre,Inactivo,6,3,2.0,69.0,0.0,6.0,1
005965,13,1,Urbano,Lima Metropolitana,Ladrillo o Bloque de cemento,Red publica dentro de la vivienda,Mujer,Ocupado,6,3,2.0,33.0,16.0,6.0,0
005966,11,1,Urbano,Sierra Norte,Ladrillo o Bloque de cemento,Red publica dentro de la vivienda,Mujer,Ocupado,7,4,1.75,62.0,5.0,6.0,1
005967,2,1,Urbano,Lima Metropolitana,Ladrillo o Bloque de cemento,,Hombre,Ocupado,4,2,2.0,60.0,14.0,4.0,0
005968,11,1,Urbano,Sierra Norte,Ladrillo o Bloque de cemento,"Rio, acequia o manantial",Mujer,Ocupado,5,3,1.67,44.0,9.0,6.0,0
005969,3,1,Urbano,Lima Metropolitana,Ladrillo o Bloque de cemento,Red publica dentro de la vivienda,Hombre,Ocupado,4,2,2.0,54.0,14.0,5.0,1
005970,14,1,Urbano,Lima Metropolitana,Ladrillo o Bloque de cemento,Red publica fuera de la vivienda,Mujer,Ocupado,2,1,2.0,38.0,9.0,2.0,0
005971,4,1,Urbano,Sierra Centro,Ladrillo o Bloque de cemento,Red publica fuera de la vivienda,Mujer,Ocupado,3,2,1.5,24.0,11.0,3.0,0
005972,1,1,Urbano,Costa Norte,Otro material,Red publica dentro de la vivienda,Hombre,Ocupado,8,7,1.14,64.0,6.0,,0
005973,18,1,Rural,Selva,,Red publica fuera de la vivienda,Hombre,Ocupado,6,4,1.5,38.0,7.0,3.0,0
005974,11,1,Urbano,Lima Metropolitana,Madera,Red publica dentro de la vivienda,Hombre,Inactivo,3,2,1.5,73.0,12.0,3.0,0
005975,15,1,Urbano,Lima Metropolitana,Otro material,Red publica dentro de la vivienda,Mujer,Ocupado,4,2,2.0,60.0,15.0,6.0,0
005976,19,1,Urbano,Costa Sur,Otro material,Red publica dentro de la vivienda,Hombre,Ocupado,9,4,2.25,36.0,9.0,3.0,1
005977,18,1,Urbano,Lima Metropolitana,Madera,Red publica dentro de la vivienda,Mujer,Ocupado,3,3,1.0,56.0,13.0,5.0,0
005978,18,1,Urbano,Sierra Centro,Ladrillo o Bloque de cemento,Red publica dentro de la vivienda,Mujer,Ocupado,1,1,1.0,55.0,10.0,3.0,0
005979,19,1,Urbano,Costa Centro,Ladrillo o Bloque de cemento,Red publica dentro de la vivienda,Hombre,Inactivo,3,2,1.5,72.0,12.0,4.0,0
005980,8,1,Urbano,Lima Metropolitana,Ladrillo o Bloque de cemento,Red publica fuera de la vivienda,Hombre,Ocupado,6,3,2.0,41.0,14.0,3.0,0
005981,2,1,Urbano,Selva,Adobe,"Rio, acequia o manantial",Hombre,Ocupado,5,3,1.67,45.0,14.0,5.0,0
005982,18,1,Rural,Selva,Madera,Pozo,Hombre,Ocupado,2,2,1.0,54.0,3.0,6.0,0
005983,4,1,Urbano,Lima Metropolitana,Ladrillo o Bloque de cemento,Red publica dentro de la vivienda,Hombre,Ocupado,5,4,1.25,48.0,12.0,6.0,0
005984,13,1,Urbano,Sierra Centro,Ladrillo o Bloque de cemento,Red publica dentro de la vivienda,Hombre,Ocupado,2,2,1.0,29.0,12.0,4.0,0
005985,1,1,Urbano,Lima Metropolitana,Madera,Red publica dentro de la vivienda,Hombre,Ocupado,6,2,3.0,62.0,18.0,5.0,0
005986,3,1,Rural,Sierra Centro,Adobe,"Rio, acequia o manantial",Hombre,Inactivo,7,6,1.17,70.0,13.0,6.0,1
005987,15,1,Rural,Costa Norte,Ladrillo o Bloque de cemento,Pozo,Hombre,Ocupado,1,1,1.0,50.0,2.0,3.0,0
005988,13,1,Urbano,Sierra Centro,Ladrillo o Bloque de cemento,Red publica fuera de la vivienda,Mujer,Ocupado,3,3,1.0,30.0,9.0,8.0,0
005989,14,1,Urbano,Lima Metropolitana,Ladrillo o Bloque de cemento,Red publica dentro de la vivienda,Hombre,Ocupado,3,1,3.0,46.0,5.0,5.0,0
005990,15,1,Rural,Sierra Sur,Adobe,Red publica dentro de la vivienda,Hombre,Ocupado,2,2,1.0,35.0,14.0,3.0,0
005991,15,1,Urbano,Costa Centro,Ladrillo o Bloque de cemento,Red publica dentro de la vivienda,Hombre,Ocupado,4,2,2.0,44.0,12.0,2.0,0
005992,15,1,Rural,Lima Metropolitana,Adobe,"Rio, acequia o manantial",Hombre,Ocupado,3,3,1.0,51.0,10.0,2.0,0
005993,9,1,Urbano,Lima Metropolitana,Ladrillo o Bloque de cemento,Red publica dentro de la vivienda,Hombre,Ocupado,4,1,4.0,57.0,11.0,6.0,1
005994,3,1,Urbano,Lima Metropolitana,Ladrillo o Bloque de cemento,Red publica dentro de la vivienda,Hombre,Inactivo,7,4,1.75,68.0,12.0,3.0,1
005995,13,1,Rural,Selva,Adobe,Red publica dentro de la vivienda,Hombre,Ocupado,6,5,1.2,57.0,10.0,3.0,0
005996,4,1,Rural,Sierra Centro,Adobe,Red publica dentro de la vivienda,Hombre,Desocupado,3,2,1.5,33.0,3.0,6.0,1
005997,1,1,Rural,Selva,Madera,"Rio, acequia o manantial",Mujer,Ocupado,3,1,3.0,58.0,3.0,5.0,1
005998,1,1,Urbano,Lima Metropolitana,Ladrillo o Bloque de cemento,Red publica dentro de la vivienda,Mujer,Ocupado,5,2,2.5,44.0,12.0,4.0,1
005999,10,1,Urbano,Lima Metropolitana,Ladrillo o Bloque de cemento,Red publica dentro de la vivienda,Hombre,Ocupado,4,3,1.33,46.0,13.0,5.0,0
006000,9,1,Urbano,Lima Metropolitana,Ladrillo o Bloque de cemento,Red publica dentro de la vivienda,Hombre,Ocupado,3,3,1.0,48.0,14.0,3.0,0
006001,6,1,Rural,Sierra Sur,Adobe,Red publica dentro de la vivienda,Hombre,Ocupado,5,3,1.67,50.0,7.0,2.0,0
006002,13,1,Urbano,Costa Centro,Ladrillo o Bloque de cemento,,Mujer,Ocupado,7,4,1.75,62.0,8.0,1.0,0
006003,1,1,Urbano,Selva,Ladrillo o Bloque de cemento,Red publica dentro de la vivienda,Mujer,Ocupado,5,3,1.67,55.0,,3.0,0
006004,11,1,Urbano,Costa Centro,Ladrillo o Bloque de cemento,Red publica dentro de la vivienda,Hombre,Ocupado,5,3,1.67,31.0,12.0,3.0,0
006005,2,1,Rural,Costa Norte,Madera,Red publica dentro de la vivienda,Hombre,Ocupado,4,2,2.0,,9.0,1.0,0
006006,9,1,Urbano,Sierra Sur,Madera,Red publica dentro de la vivienda,Hombre,Ocupado,5,3,1.67,57.0,14.0,4.0,0
006007,2,1,Urbano,Lima Metropolitana,Ladrillo o Bloque de cemento,Red publica dentro de la vivienda,Mujer,Ocupado,2,2,1.0,56.0,12.0,5.0,0
006008,13,1,Urbano,Lima Metropolitana,Ladrillo o Bloque de cemento,Red publica fuera de la vivienda,Hombre,Inactivo,4,4,1.0,66.0,10.0,3.0,0
006009,19,1,Urbano,Lima Metropolitana,Ladrillo o Bloque de cemento,Red publica dentro de la vivienda,Hombre,Ocupado,2,2,1.0,47.0,10.0,5.0,0
006010,4,1,Urbano,Lima Metropolitana,Ladrillo o Bloque de cemento,Red publica dentro de la vivienda,Hombre,Ocupado,5,5,1.0,52.0,16.0,6.0,0
006011,14,1,Urbano,Lima Metropolitana,Ladrillo o Bloque de cemento,Red publica dentro de la vivienda,Hombre,Ocupado,5,4,1.25,55.0,11.0,4.0,0
006012,6,1,Urbano,Lima Metropolitana,Ladrillo o Bloque de cemento,Red publica dentro de la vivienda,Mujer,Ocupado,5,2,2.5,26.0,10.0,3.0,0
006013,15,1,Urbano,Costa Norte,Madera,Red publica dentro de la vivienda,Hombre,Ocupado,9,5,1.8,25.0,12.0,4.0,0
006014,5,1,Urbano,Lima Metropolitana,Ladrillo o Bloque de cemento,Red publica dentro de la vivienda,Hombre,Ocupado,7,4,1.75,58.0,18.0,3.0,0
006015,1,1,Urbano,Costa Centro,Ladrillo o Bloque de cemento,Red publica dentro de la vivienda,Hombre,Ocupado,5,2,2.5,53.0,8.0,1.0,0
006016,8,1,Urbano,Costa Norte,Ladrillo o Bloque de cemento,Red publica dentro de la vivienda,Hombre,Inactivo,5,3,1.67,67.0,13.0,3.0,1
006017,12,1,Urbano,Costa Centro,Ladrillo o Bloque de cemento,Red publica dentro de la vivienda,Hombre,Inactivo,3,3,1.0,74.0,10.0,4.0,1
006018,19,1,Urbano,Lima Metropolitana,Ladrillo o Bloque de cemento,,Hombre,Ocupado,2,1,2.0,44.0,13.0,4.0,0
006019,6,1,Urbano,Lima Metropolitana,Ladrillo o Bloque de cemento,Red publica dentro de la vivienda,Hombre,Ocupado,1,1,1.0,43.0,15.0,3.0,0
006020,18,1,Urbano,Lima Metropolitana,Ladrillo o Bloque de cemento,Red publica fuera de la vivienda,Hombre,Ocupado,7,4,1.75,29.0,16.0,5.0,0
006021,16,1,Urbano,Lima Metropolitana,Ladrillo o Bloque de cemento,Red publica dentro de la vivienda,Mujer,Ocupado,7,5,1.4,55.0,11.0,6.0,0
006022,16,1,Urbano,Lima Metropolitana,Madera,Red publica dentro de la vivienda,Mujer,Ocupado,4,2,2.0,19.0,15.0,3.0,0
006023,1,1,Urbano,Costa Centro,Ladrillo o Bloque de cemento,Red publica dentro de la vivienda,Hombre,Ocupado,4,2,2.0,34.0,12.0,3.0,1
006024,2,1,Urbano,Lima Metropolitana,Ladrillo o Bloque de cemento,Red publica dentro de la vivienda,Hombre,Ocupado,3,2,1.5,52.0,14.0,5.0,0
006025,18,1,Urbano,Lima Metropolitana,Ladrillo o Bloque de cemento,Red publica dentro de la vivienda,Hombre,Ocupado,4,3,1.33,39.0,16.0,5.0,0
006026,14,1,Urbano,Lima Metropolitana,Ladrillo o Bloque de cemento,Red publica dentro de la vivienda,Mujer,Ocupado,4,3,1.33,47.0,10.0,3.0,0
006027,8,1,Urbano,Costa Centro,Ladrillo o Bloque de cemento,Red publica dentro de la vivienda,Hombre,Ocupado,4,2,2.0,45.0,13.0,3.0,0
006028,10,1,Urbano,Costa Centro,Ladrillo o Bloque de cemento,"Rio, acequia o manantial",Mujer,Ocupado,4,1,4.0,32.0,12.0,4.0,0
006029,9,1,Urbano,Lima Metropolitana,Ladrillo o Bloque de cemento,Red publica dentro de la vivienda,Hombre,Desocupado,5,4,1.25,19.0,16.0,5.0,1
006030,11,1,Urbano,Costa Centro,Ladrillo o Bloque de cemento,Red publica dentro de la vivienda,Hombre,Ocupado,6,5,1.2,58.0,12.0,8.0,0
006031,5,1,Rural,Sierra Centro,Adobe,Red publica fuera de la vivienda,Hombre,Ocupado,3,1,3.0,46.0,6.0,2.0,1
006032,5,1,Urbano,Sierra Sur,Adobe,Red publica dentro de la vivienda,Mujer,Ocupado,3,1,3.0,53.0,14.0,4.0,0
006033,1,1,Urbano,Costa Centro,Ladrillo o Bloque de cemento,Red publica dentro de la vivienda,Hombre,Ocupado,1,1,1.0,47.0,9.0,1.0,0
006034,10,1,Urbano,Costa Norte,Ladrillo o Bloque de cemento,Pozo,Hombre,Ocupado,6,5,1.2,47.0,10.0,3.0,0
006035,7,1,Urbano,Lima Metropolitana,Ladrillo o Bloque de cemento,Red publica fuera de la vivienda,Mujer,Ocupado,3,2,1.5,50.0,10.0,6.0,0
006036,14,1,Urbano,Lima Metropolitana,Ladrillo o Bloque de cemento,Red publica dentro de la vivienda,Hombre,Ocupado,6,5,1.2,45.0,10.0,3.0,0
006037,15,1,Urbano,Lima Metropolitana,Ladrillo o Bloque de cemento,Red publica dentro de la vivienda,Mujer,Ocupado,6,3,2.0,43.0,4.0,6.0,1
006038,19,1,Rural,Sierra Norte,Otro material,"Rio, acequia o manantial",Hombre,Ocupado,6,4,1.5,34.0,5.0,1.0,0
006039,1,1,Urbano,Costa Sur,Adobe,Red publica fuera de la vivienda,Hombre,Inactivo,4,3,1.33,83.0,11.0,5.0,1
006040,5,1,Rural,Sierra Sur,Adobe,Red publica dentro de la vivienda,Mujer,Ocupado,4,3,1.33,62.0,9.0,6.0,0
006041,7,1,Rural,Sierra Sur,Ladrillo o Bloque de cemento,Pozo,Hombre,Inactivo,6,4,1.5,69.0,4.0,2.0,1
006042,16,1,Urbano,Costa Norte,Ladrillo o Bloque de cemento,Red publica dentro de la vivienda,Hombre,Inactivo,3,2,1.5,66.0,9.0,3.0,0
006043,4,1,Urbano,Lima Metropolitana,Ladrillo o Bloque de cemento,Otro,Mujer,Ocupado,3,3,1.0,44.0,12.0,4.0,0
006044,15,1,Urbano,Lima Metropolitana,Ladrillo o Bloque de cemento,Red publica dentro de la vivienda,Mujer,Ocupado,6,2,3.0,45.0,15.0,6.0,0
006045,10,1,Urbano,Selva,Ladrillo o Bloque de cemento,Pozo,Mujer,Ocupado,6,4,1.5,48.0,12.0,7.0,0
006046,1,1,Rural,Sierra Centro,Adobe,Pozo,Hombre,Ocupado,3,3,1.0,43.0,8.0,6.0,0
006047,13,1,Urbano,Sierra Centro,Ladrillo o Bloque de cemento,Red publica fuera de la vivienda,Mujer,Ocupado,6,5,1.2,60.0,14.0,4.0,0
006048,11,1,Urbano,Costa Norte,Madera,Red publica dentro de la vivienda,Mujer,Ocupado,4,3,1.33,37.0,13.0,3.0,0
006049,15,1,Rural,Sierra Norte,Adobe,Red publica dentro de la vivienda,Hombre,Ocupado,3,1,3.0,33.0,5.0,5.0,0
006050,10,1,Rural,Selva,Adobe,Pozo,Mujer,Ocupado,7,4,1.75,30.0,12.0,3.0,0
006051,17,1,Rural,Sierra Sur,Ladrillo o Bloque de cemento,Pozo,Hombre,Desocupado,6,4,1.5,43.0,0.0,5.0,1
006052,16,1,Urbano,Selva,Ladrillo o Bloque de cemento,Red publica dentro de la vivienda,Hombre,Ocupado,8,7,1.14,41.0,14.0,2.0,1
006053,13,1,Urbano,Lima Metropolitana,Adobe,Red publica dentro de la vivienda,Hombre,Ocupado,4,3,1.33,39.0,14.0,3.0,0
006054,1,1,Urbano,Costa Sur,Ladrillo o Bloque de cemento,Red publica dentro de la vivienda,Hombre,Ocupado,2,2,1.0,49.0,15.0,3.0,1
006055,14,1,Urbano,Costa Norte,Adobe,Red publica dentro de la vivienda,Mujer,Ocupado,3,1,3.0,32.0,10.0,7.0,0
006056,1,1,Rural,Costa Norte,Ladrillo o Bloque de cemento,Pozo,Hombre,Ocupado,7,1,7.0,58.0,5.0,3.0,1
006057,10,1,Urbano,Costa Centro,Ladrillo o Bloque de cemento,Red publica fuera de la vivienda,Hombre,Ocupado,5,3,1.67,33.0,7.0,3.0,0
006058,16,1,Rural,Selva,Adobe,Pozo,Mujer,Ocupado,3,1,3.0,32.0,3.0,7.0,1
006059,3,1,Urbano,Lima Metropolitana,Ladrillo o Bloque de cemento,Red publica dentro de la vivienda,Mujer,Ocupado,7,4,1.75,39.0,12.0,8.0,0
006060,12,1,Urbano,Lima Metropolitana,Madera,Red publica dentro de la vivienda,Hombre,Ocupado,6,3,2.0,46.0,10.0,4.0,0
006061,15,1,Urbano,Lima Metropolitana,Ladrillo o Bloque de cemento,Red publica dentro de la vivienda,Hombre,Ocupado,3,2,1.5,60.0,10.0,4.0,0
006062,18,1,Rural,Sierra Centro,Ladrillo o Bloque de cemento,Red publica dentro de la vivienda,Mujer,Ocupado,6,3,2.0,47.0,3.0,2.0,1
006063,11,1,Urbano,Costa Centro,Ladrillo o Bloque de cemento,"Rio, acequia o manantial",Hombre,Ocupado,3,3,1.0,,14.0,6.0,0
006064,16,1,Rural,Sierra Centro,Adobe,Otro,Mujer,Ocupado,3,2,1.5,55.0,4.0,,0
006065,18,1,Rural,Sierra Centro,Ladrillo o Bloque de cemento,Red publica dentro de la vivienda,Hombre,Ocupado,1,1,1.0,55.0,8.0,2.0,0
006066,19,1,Urbano,Lima Metropolitana,Adobe,Red publica dentro de la vivienda,Hombre,Ocupado,6,4,1.5,40.0,12.0,4.0,1
006067,14,1,Urbano,Sierra Sur,Ladrillo o Bloque de cemento,Red publica dentro de la vivienda,Mujer,Desocupado,6,4,1.5,50.0,12.0,4.0,1
006068,14,1,Urbano,Costa Sur,Ladrillo o Bloque de cemento,Red publica dentro de la vivienda,Hombre,Inactivo,4,4,1.0,68.0,10.0,3.0,1
006069,9,1,Urbano,Sierra Norte,Madera,Red publica dentro de la vivienda,Hombre,Ocupado,2,2,1.0,36.0,13.0,4.0,0
006070,15,1,Urbano,Costa Centro,Ladrillo o Bloque de cemento,Red publica fuera de la vivienda,Hombre,Ocupado,7,2,3.5,61.0,13.0,3.0,1
006071,3,1,Urbano,Lima Metropolitana,Ladrillo o Bloque de cemento,Red publica dentro de la vivienda,Hombre,Inactivo,5,3,1.67,66.0,16.0,8.0,1
006072,6,1,Urbano,Costa Norte,Ladrillo o Bloque de cemento,Red publica fuera de la vivienda,Hombre,Ocupado,4,1,4.0,50.0,9.0,3.0,0
006073,3,1,Urbano,Costa Norte,Madera,Red publica dentro de la vivienda,Hombre,Ocupado,1,1,1.0,31.0,8.0,2.0,0
006074,12,1,Urbano,Costa Sur,Ladrillo o Bloque de cemento,Red publica dentro de la vivienda,Hombre,Inactivo,5,4,1.25,66.0,10.0,6.0,0
006075,9,1,Urbano,Lima Metropolitana,Adobe,Red publica dentro de la vivienda,Hombre,Ocupado,6,4,1.5,61.0,13.0,3.0,0
006076,18,1,Rural,Selva,Madera,"Rio, acequia o manantial",Hombre,Ocupado,5,4,1.25,56.0,8.0,1.0,0
006077,8,1,Urbano,Lima Metropolitana,Ladrillo o Bloque de cemento,Red publica dentro de la vivienda,Hombre,Ocupado,3,2,1.5,47.0,10.0,3.0,0
006078,2,1,Rural,Sierra Centro,Madera,Red publica dentro de la vivienda,Hombre,Ocupado,6,5,1.2,64.0,7.0,2.0,0
006079,8,1,Urbano,Costa Norte,Ladrillo o Bloque de cemento,Red publica dentro de la vivienda,Mujer,Ocupado,5,4,1.25,36.0,10.0,2.0,0
006080,5,1,Urbano,Lima Metropolitana,Ladrillo o Bloque de cemento,Red publica dentro de la vivienda,Hombre,Ocupado,2,2,1.0,60.0,12.0,4.0,0
006081,15,1,Urbano,Costa Sur,Ladrillo o Bloque de cemento,Red publica dentro de la vivienda,Hombre,Ocupado,8,6,1.33,43.0,11.0,3.0,0
006082,6,1,Rural,Costa Norte,Ladrillo o Bloque de cemento,Red publica dentro de la vivienda,Hombre,Ocupado,5,4,1.25,25.0,11.0,5.0,0
006083,14,1,Rural,Selva,Adobe,Red publica dentro de la vivienda,Mujer,Ocupado,2,2,1.0,34.0,9.0,3.0,0
006084,9,1,Urbano,Costa Norte,Adobe,Red publica fuera de la vivienda,Hombre,Ocupado,5,2,2.5,54.0,14.0,3.0,1
006085,4,1,Urbano,Costa Norte,Adobe,Pozo,Mujer,Ocupado,2,1,2.0,51.0,12.0,4.0,0
006086,19,1,Urbano,Lima Metropolitana,Adobe,Red publica dentro de la vivienda,Hombre,Ocupado,5,4,1.25,54.0,18.0,6.0,0
006087,8,1,Rural,Sierra Sur,Adobe,"Rio, acequia o manantial",Hombre,Ocupado,4,1,4.0,43.0,9.0,3.0,1
006088,15,1,Rural,Sierra Norte,Adobe,Red publica dentro de la vivienda,Hombre,Ocupado,6,5,1.2,51.0,2.0,3.0,0
006089,18,1,Rural,Sierra Centro,Otro material,"Rio, acequia o manantial",Hombre,Ocupado,4,1,4.0,57.0,9.0,3.0,1
006090,17,1,Urbano,Lima Metropolitana,Adobe,Red publica dentro de la vivienda,Mujer,Inactivo,4,2,2.0,81.0,14.0,5.0,1
006091,19,1,Urbano,Costa Norte,Ladrillo o Bloque de cemento,Otro,Hombre,Ocupado,3,2,1.5,43.0,13.0,6.0,1
006092,16,1,Urbano,Costa Centro,Ladrillo o Bloque de cemento,Red publica dentro de la vivienda,Hombre,Ocupado,2,1,2.0,,6.0,8.0,0
006093,1,1,Urbano,Selva,Ladrillo o Bloque de cemento,Red publica dentro de la vivienda,Mujer,Ocupado,6,2,3.0,57.0,,2.0,1
006094,5,1,Urbano,Selva,Ladrillo o Bloque de cemento,Red publica dentro de la vivienda,Hombre,Ocupado,4,3,1.33,50.0,,5.0,0
006095,6,1,Urbano,Lima Metropolitana,Ladrillo o Bloque de cemento,Red publica dentro de la vivienda,Hombre,Ocupado,3,2,1.5,30.0,7.0,3.0,0
006096,16,1,Rural,Sierra Centro,Adobe,Red publica dentro de la vivienda,Hombre,Inactivo,7,6,1.17,67.0,9.0,2.0,1
006097,4,1,Urbano,Costa Norte,Ladrillo o Bloque de cemento,Red publica fuera de la vivienda,Hombre,Ocupado,5,3,1.67,51.0,11.0,4.0,0
006098,19,1,Rural,Selva,Ladrillo o Bloque de cemento,Red publica fuera de la vivienda,Mujer,Ocupado,4,4,1.0,,13.0,7.0,0
006099,17,1,Urbano,Lima Metropolitana,Ladrillo o Bloque de cemento,Red publica dentro de la vivienda,Mujer,Ocupado,2,1,2.0,36.0,14.0,6.0,0
006100,19,1,Urbano,Costa Centro,Ladrillo o Bloque de cemento,Pozo,Hombre,Desocupado,7,5,1.4,52.0,13.0,3.0,1
006101,12,1,Rural,Selva,Ladrillo o Bloque de cemento,"Rio, acequia o manantial",Mujer,Ocupado,6,5,1.2,35.0,8.0,1.0,1
006102,10,1,Urbano,Costa Sur,Otro material,Red publica dentro de la vivienda,Hombre,Ocupado,5,4,1.25,40.0,11.0,3.0,0
006103,16,1,Urbano,Lima Metropolitana,Adobe,Red publica fuera de la vivienda,Hombre,Desocupado,3,3,1.0,40.0,13.0,6.0,1
006104,15,1,Urbano,Lima Metropolitana,Adobe,Red publica dentro de la vivienda,Mujer,Ocupado,9,6,1.5,49.0,12.0,5.0,0
006105,1,1,Urbano,Sierra Sur,Ladrillo o Bloque de cemento,Red publica dentro de la vivienda,Hombre,Ocupado,3,2,1.5,56.0,3.0,3.0,0
006106,19,1,Urbano,Lima Metropolitana,Adobe,Red publica dentro de la vivienda,Hombre,Ocupado,3,1,3.0,44.0,16.0,3.0,0
006107,6,1,Urbano,Lima Metropolitana,Ladrillo o Bloque de cemento,Red publica dentro de la vivienda,Hombre,Ocupado,7,5,1.4,45.0,16.0,,0
006108,13,1,Urbano,Costa Centro,Ladrillo o Bloque de cemento,Red publica dentro de la vivienda,Hombre,Ocupado,2,2,1.0,50.0,14.0,8.0,0
006109,19,1,Rural,Sierra Centro,Madera,"Rio, acequia o manantial",Hombre,Ocupado,4,4,1.0,38.0,7.0,4.0,0
006110,10,1,Urbano,Selva,Adobe,Red publica dentro de la vivienda,Hombre,Ocupado,6,2,3.0,40.0,11.0,2.0,0
006111,6,1,Urbano,Costa Norte,Ladrillo o Bloque de cemento,Red publica dentro de la vivienda,Mujer,Ocupado,4,3,1.33,41.0,7.0,6.0,0
006112,12,1,Rural,Sierra Centro,Adobe,Red publica dentro de la vivienda,Hombre,Ocupado,7,6,1.17,52.0,2.0,5.0,0
006113,19,1,Rural,Sierra Norte,Ladrillo o Bloque de cemento,Otro,Hombre,Inactivo,5,4,1.25,71.0,5.0,5.0,1
006114,6,1,Urbano,Lima Metropolitana,Ladrillo o Bloque de cemento,Red publica fuera de la vivienda,Hombre,Ocupado,3,2,1.5,31.0,13.0,5.0,0
006115,1,1,Rural,Sierra Sur,Madera,Red publica dentro de la vivienda,Mujer,Ocupado,5,4,1.25,51.0,8.0,4.0,0
006116,8,1,Urbano,Lima Metropolitana,Ladrillo o Bloque de cemento,Pozo,Hombre,Ocupado,6,5,1.2,45.0,11.0,7.0,0
006117,17,1,Urbano,Sierra Centro,Ladrillo o Bloque de cemento,Red publica dentro de la vivienda,Mujer,Ocupado,7,3,2.33,46.0,7.0,4.0,1
006118,8,1,Rural,Costa Centro,Adobe,Otro,Hombre,Ocupado,5,3,1.67,41.0,4.0,8.0,1
006119,10,1,Urbano,Lima Metropolitana,Adobe,Red publica dentro de la vivienda,Hombre,Ocupado,3,2,1.5,64.0,12.0,6.0,0
006120,5,1,Urbano,Costa Norte,Ladrillo o Bloque de cemento,Red publica dentro de la vivienda,Mujer,Ocupado,4,1,4.0,18.0,6.0,6.0,1
006121,13,1,Urbano,Costa Norte,Ladrillo o Bloque de cemento,Red publica dentro de la vivienda,Hombre,Ocupado,5,4,1.25,32.0,12.0,4.0,0
006122,6,1,Rural,Sierra Centro,Madera,Otro,Hombre,Ocupado,3,2,1.5,63.0,12.0,5.0,0
006123,7,1,Urbano,Lima Metropolitana,Ladrillo o Bloque de cemento,Red publica dentro de la vivienda,Hombre,Ocupado,7,5,1.4,64.0,10.0,4.0,0
006124,12,1,Urbano,Sierra Centro,Ladrillo o Bloque de cemento,Red publica dentro de la vivienda,Hombre,Inactivo,8,6,1.33,73.0,18.0,4.0,1
006125,2,1,Urbano,Costa Norte,Ladrillo o Bloque de cemento,Red publica dentro de la vivienda,Hombre,Desocupado,2,1,2.0,52.0,9.0,,0
006126,7,1,Urbano,Sierra Norte,Ladrillo o Bloque de cemento,Red publica dentro de la vivienda,Hombre,Ocupado,4,4,1.0,55.0,10.0,6.0,0
006127,2,1,Rural,Sierra Norte,Adobe,Red publica fuera de la vivienda,Hombre,Ocupado,7,4,1.75,22.0,8.0,3.0,1
006128,17,1,Urbano,Costa Norte,Adobe,Red publica dentro de la vivienda,Hombre,Ocupado,2,2,1.0,48.0,11.0,1.0,0
006129,4,1,Urbano,Selva,Ladrillo o Bloque de cemento,Red publica dentro de la vivienda,Mujer,Ocupado,4,3,1.33,56.0,6.0,1.0,1
006130,4,1,Urbano,Costa Centro,Madera,Red publica dentro de la vivienda,Hombre,Desocupado,2,2,1.0,41.0,12.0,6.0,0
006131,12,1,Urbano,Sierra Norte,Ladrillo o Bloque de cemento,Pozo,Hombre,Ocupado,5,3,1.67,47.0,11.0,5.0,0
006132,18,1,Urbano,Lima Metropolitana,Ladrillo o Bloque de cemento,Red publica dentro de la vivienda,Mujer,Inactivo,6,4,1.5,65.0,12.0,5.0,1
006133,14,1,Urbano,Lima Metropolitana,Ladrillo o Bloque de cemento,"Rio, acequia o manantial",Hombre,Inactivo,9,4,2.25,68.0,,3.0,1
006134,13,1,Urbano,Sierra Norte,Ladrillo o Bloque de cemento,Red publica dentro de la vivienda,Mujer,Ocupado,5,3,1.67,52.0,12.0,4.0,0
006135,6,1,Urbano,Sierra Norte,Ladrillo o Bloque de cemento,Red publica dentro de la vivienda,Hombre,Ocupado,4,4,1.0,47.0,8.0,3.0,0
006136,11,1,Rural,Sierra Norte,Madera,Pozo,Mujer,Ocupado,7,6,1.17,58.0,8.0,4.0,0
006137,1,1,Urbano,Lima Metropolitana,Otro material,Red publica dentro de la vivienda,Hombre,Desocupado,3,3,1.0,43.0,11.0,3.0,1
006138,14,1,Urbano,Costa Sur,Ladrillo o Bloque de cemento,Red publica dentro de la vivienda,Hombre,Ocupado,5,1,5.0,63.0,16.0,6.0,1
006139,11,1,Urbano,Costa Sur,Ladrillo o Bloque de cemento,Red publica dentro de la vivienda,Mujer,Ocupado,4,2,2.0,41.0,14.0,4.0,0
006140,7,1,Urbano,Sierra Sur,Ladrillo o Bloque de cemento,Red publica dentro de la vivienda,Hombre,Ocupado,8,6,1.33,59.0,8.0,6.0,0
006141,10,1,Urbano,Costa Sur,Ladrillo o Bloque de cemento,Red publica dentro de la vivienda,Hombre,Ocupado,5,4,1.25,48.0,15.0,3.0,0
006142,13,1,Rural,Costa Centro,Otro material,Red publica dentro de la vivienda,Hombre,Ocupado,8,5,1.6,39.0,8.0,4.0,1
006143,15,1,Urbano,Costa Norte,Ladrillo o Bloque de cemento,Red publica dentro de la vivienda,Mujer,Ocupado,4,3,1.33,53.0,13.0,3.0,0
006144,19,1,Urbano,Lima Metropolitana,Otro material,Red publica dentro de la vivienda,Hombre,Ocupado,2,1,2.0,43.0,12.0,4.0,0
006145,4,1,Urbano,Selva,Ladrillo o Bloque de cemento,Red publica dentro de la vivienda,Mujer,Ocupado,5,2,2.5,62.0,10.0,2.0,1
006146,5,1,Urbano,Lima Metropolitana,Ladrillo o Bloque de cemento,Red publica dentro de la vivienda,Hombre,Ocupado,5,4,1.25,34.0,12.0,2.0,0
006147,7,1,Urbano,Lima Metropolitana,Ladrillo o Bloque de cemento,Red publica dentro de la vivienda,Hombre,Ocupado,4,2,2.0,51.0,9.0,3.0,1
006148,15,1,Urbano,Sierra Norte,Otro material,Red publica dentro de la vivienda,Mujer,Ocupado,4,2,2.0,38.0,5.0,4.0,0
006149,9,1,Urbano,Lima Metropolitana,Ladrillo o Bloque de cemento,Red publica dentro de la vivienda,Hombre,Inactivo,5,3,1.67,65.0,10.0,4.0,1
006150,15,1,Urbano,Lima Metropolitana,Adobe,Red publica dentro de la vivienda,Hombre,Ocupado,4,4,1.0,58.0,10.0,2.0,0
006151,17,1,Urbano,Lima Metropolitana,Ladrillo o Bloque de cemento,Red publica dentro de la vivienda,Hombre,Ocupado,4,2,2.0,47.0,9.0,3.0,0
006152,19,1,Urbano,Lima Metropolitana,Madera,Red publica dentro de la vivienda,Hombre,Ocupado,2,1,2.0,48.0,,5.0,0
006153,19,1,Urbano,Sierra Centro,Otro material,Red publica dentro de la vivienda,Hombre,Inactivo,4,3,1.33,72.0,12.0,5.0,1
006154,12,1,Rural,Sierra Norte,Madera,"Rio, acequia o manantial",Hombre,Ocupado,4,3,1.33,59.0,5.0,3.0,1
006155,18,1,Rural,Sierra Sur,Ladrillo o Bloque de cemento,Red publica dentro de la vivienda,Mujer,Ocupado,5,4,1.25,37.0,6.0,2.0,0
006156,17,1,Urbano,Costa Norte,Ladrillo o Bloque de cemento,Red publica dentro de la vivienda,Hombre,Ocupado,3,1,3.0,61.0,12.0,6.0,0
006157,10,1,Urbano,Sierra Sur,Ladrillo o Bloque de cemento,Red publica dentro de la vivienda,Hombre,Ocupado,5,5,1.0,40.0,9.0,6.0,0
006158,5,1,Urbano,Costa Norte,Ladrillo o Bloque de cemento,Red publica dentro de la vivienda,Hombre,Ocupado,2,1,2.0,50.0,3.0,2.0,0
006159,8,1,Urbano,Costa Norte,Ladrillo o Bloque de cemento,Red publica dentro de la vivienda,Hombre,Ocupado,4,3,1.33,19.0,15.0,3.0,0
006160,4,1,Urbano,Lima Metropolitana,Ladrillo o Bloque de cemento,Red publica fuera de la vivienda,Hombre,Ocupado,2,2,1.0,59.0,12.0,3.0,0
006161,15,1,Urbano,Lima Metropolitana,Ladrillo o Bloque de cemento,Red publica dentro de la vivienda,Hombre,Ocupado,5,1,5.0,39.0,13.0,5.0,0
006162,3,1,Urbano,Selva,Ladrillo o Bloque de cemento,Red publica dentro de la vivienda,Hombre,Desocupado,5,3,1.67,45.0,12.0,2.0,1
006163,8,1,Urbano,Sierra Centro,Otro material,Pozo,Hombre,Ocupado,3,2,1.5,28.0,6.0,6.0,0
006164,18,1,Urbano,Selva,Ladrillo o Bloque de cemento,Red publica dentro de la vivienda,Hombre,Ocupado,4,2,2.0,51.0,9.0,4.0,0
006165,14,1,Urbano,Lima Metropolitana,Ladrillo o Bloque de cemento,Red publica dentro de la vivienda,Mujer,Desocupado,4,3,1.33,49.0,12.0,,0
006166,13,1,Urbano,Lima Metropolitana,Ladrillo o Bloque de cemento,Red publica dentro de la vivienda,Hombre,Ocupado,8,3,2.67,30.0,12.0,5.0,1
006167,8,1,Urbano,Selva,Ladrillo o Bloque de cemento,Pozo,Hombre,Ocupado,6,3,2.0,48.0,7.0,3.0,0
006168,3,1,Urbano,Sierra Sur,Ladrillo o Bloque de cemento,Red publica dentro de la vivienda,Hombre,Ocupado,5,3,1.67,44.0,12.0,6.0,0
006169,5,1,Urbano,Sierra Centro,Ladrillo o Bloque de cemento,Red publica dentro de la vivienda,Hombre,Inactivo,5,5,1.0,65.0,13.0,4.0,1
006170,1,1,Urbano,Lima Metropolitana,,Red publica dentro de la vivienda,Mujer,Ocupado,3,2,1.5,38.0,11.0,1.0,0
006171,14,1,Urbano,Lima Metropolitana,Ladrillo o Bloque de cemento,Red publica dentro de la vivienda,Hombre,Ocupado,5,4,1.25,55.0,16.0,5.0,0
006172,3,1,Rural,Sierra Sur,Otro material,Pozo,Hombre,Ocupado,5,3,1.67,27.0,8.0,2.0,0
006173,16,1,Urbano,Sierra Centro,Ladrillo o Bloque de cemento,Red publica dentro de la vivienda,Hombre,Ocupado,6,5,1.2,49.0,,4.0,0
006174,10,1,Rural,Sierra Sur,Ladrillo o Bloque de cemento,Red publica fuera de la vivienda,Hombre,Ocupado,3,2,1.5,53.0,5.0,3.0,0
006175,16,1,Rural,Sierra Sur,Ladrillo o Bloque de cemento,"Rio, acequia o manantial",Mujer,Ocupado,5,4,1.25,54.0,6.0,4.0,0
006176,8,1,Urbano,Lima Metropolitana,Ladrillo o Bloque de cemento,Pozo,Hombre,Ocupado,4,3,1.33,46.0,15.0,5.0,0
006177,13,1,Urbano,Lima Metropolitana,Adobe,Red publica dentro de la vivienda,Hombre,Inactivo,5,2,2.5,72.0,8.0,5.0,1
006178,5,1,Urbano,Sierra Centro,Ladrillo o Bloque de cemento,Red publica dentro de la vivienda,Mujer,Ocupado,3,3,1.0,43.0,7.0,3.0,0
006179,10,1,Rural,Sierra Centro,Adobe,Red publica dentro de la vivienda,Mujer,Ocupado,7,3,2.33,55.0,5.0,5.0,1
006180,10,1,Rural,Sierra Sur,Adobe,Red publica fuera de la vivienda,Hombre,Ocupado,7,4,1.75,44.0,6.0,4.0,1
006181,5,1,Urbano,Costa Norte,Ladrillo o Bloque de cemento,Red publica dentro de la vivienda,Mujer,Ocupado,5,2,2.5,36.0,11.0,1.0,0
006182,11,1,Urbano,Selva,Ladrillo o Bloque de cemento,Red publica dentro de la vivienda,Hombre,Ocupado,5,5,1.0,31.0,13.0,4.0,0
006183,19,1,Urbano,Lima Metropolitana,Ladrillo o Bloque de cemento,Red publica dentro de la vivienda,Hombre,Ocupado,4,2,2.0,35.0,13.0,4.0,0
006184,6,1,Urbano,Lima Metropolitana,Ladrillo o Bloque de cemento,Otro,Hombre,Ocupado,4,2,2.0,56.0,13.0,6.0,0
006185,17,1,Urbano,Costa Sur,Ladrillo o Bloque de cemento,,Mujer,Inactivo,4,3,1.33,67.0,10.0,3.0,1
006186,17,1,Urbano,Lima Metropolitana,Ladrillo o Bloque de cemento,Red publica fuera de la vivienda,Hombre,Ocupado,5,4,1.25,56.0,15.0,5.0,0
006187,11,1,Urbano,Lima Metropolitana,Ladrillo o Bloque de cemento,Red publica dentro de la vivienda,Hombre,Ocupado,4,2,2.0,43.0,16.0,2.0,0
006188,1,1,Rural,Sierra Norte,Adobe,Red publica fuera de la vivienda,Hombre,Ocupado,9,7,1.29,39.0,6.0,3.0,1
006189,16,1,Urbano,Lima Metropolitana,Ladrillo o Bloque de cemento,Red publica dentro de la vivienda,Hombre,Ocupado,3,2,1.5,50.0,14.0,4.0,0
006190,13,1,Urbano,Selva,Adobe,Red publica dentro de la vivienda,Hombre,Ocupado,6,5,1.2,33.0,10.0,4.0,0
006191,7,1,Urbano,Lima Metropolitana,Otro material,Pozo,Hombre,Ocupado,6,4,1.5,60.0,9.0,2.0,0
006192,13,1,Urbano,Costa Centro,Ladrillo o Bloque de cemento,,Hombre,Ocupado,7,4,1.75,53.0,6.0,2.0,1
006193,11,1,Urbano,Costa Sur,Ladrillo o Bloque de cemento,Red publica dentro de la vivienda,Hombre,Ocupado,2,2,1.0,34.0,15.0,6.0,0
006194,14,1,Urbano,Sierra Sur,Otro material,Red publica dentro de la vivienda,Hombre,Inactivo,9,5,1.8,69.0,14.0,4.0,1
006195,10,1,Urbano,Costa Norte,Ladrillo o Bloque de cemento,Red publica dentro de la vivienda,Hombre,Ocupado,5,5,1.0,31.0,12.0,4.0,0
006196,10,1,Urbano,Sierra Sur,Ladrillo o Bloque de cemento,Red publica fuera de la vivienda,Hombre,Ocupado,6,5,1.2,49.0,14.0,6.0,0
006197,12,1,Urbano,Lima Metropolitana,Ladrillo o Bloque de cemento,Red publica fuera de la vivienda,Mujer,Ocupado,4,3,1.33,60.0,10.0,4.0,0
006198,1,1,Urbano,Costa Centro,Otro material,Red publica dentro de la vivienda,Hombre,Ocupado,5,3,1.67,58.0,14.0,3.0,1
006199,7,1,Urbano,Sierra Sur,Ladrillo o Bloque de cemento,Red publica dentro de la vivienda,Hombre,Ocupado,7,4,1.75,39.0,12.0,3.0,0
006200,18,1,Urbano,Lima Metropolitana,Ladrillo o Bloque de cemento,Red publica dentro de la vivienda,Hombre,Desocupado,6,3,2.0,42.0,11.0,6.0,1
006201,10,1,Urbano,Selva,Ladrillo o Bloque de cemento,Red publica dentro de la vivienda,Hombre,Ocupado,4,2,2.0,35.0,4.0,7.0,0
006202,9,1,Urbano,Sierra Sur,Adobe,Red publica dentro de la vivienda,Hombre,Ocupado,6,4,1.5,51.0,6.0,8.0,0
006203,8,1,Urbano,Selva,Ladrillo o Bloque de cemento,Red publica dentro de la vivienda,Hombre,Ocupado,5,5,1.0,59.0,17.0,4.0,0
006204,8,1,Urbano,Costa Sur,Ladrillo o Bloque de cemento,Red publica dentro de la vivienda,Hombre,Ocupado,6,3,2.0,21.0,16.0,6.0,1
006205,7,1,Urbano,Costa Centro,Ladrillo o Bloque de cemento,Red publica dentro de la vivienda,Mujer,Ocupado,3,3,1.0,56.0,6.0,4.0,0
006206,18,1,Urbano,Lima Metropolitana,Ladrillo o Bloque de cemento,Red publica dentro de la vivienda,Hombre,Ocupado,6,6,1.0,41.0,6.0,2.0,0
006207,5,1,Urbano,Sierra Centro,Ladrillo o Bloque de cemento,Red publica dentro de la vivienda,Mujer,Ocupado,5,4,1.25,47.0,15.0,5.0,0
006208,1,1,Urbano,Sierra Norte,Ladrillo o Bloque de cemento,Red publica dentro de la vivienda,Hombre,Ocupado,3,2,1.5,33.0,11.0,3.0,0
006209,17,1,Rural,Costa Norte,Madera,"Rio, acequia o manantial",Hombre,Ocupado,4,3,1.33,39.0,4.0,2.0,0
006210,5,1,Urbano,Lima Metropolitana,Ladrillo o Bloque de cemento,Red publica fuera de la vivienda,Hombre,Inactivo,4,2,2.0,76.0,9.0,7.0,0
006211,15,1,Urbano,Costa Norte,Ladrillo o Bloque de cemento,Red publica dentro de la vivienda,Hombre,Ocupado,3,1,3.0,43.0,7.0,1.0,0
006212,12,1,Urbano,Lima Metropolitana,Ladrillo o Bloque de cemento,Red publica dentro de la vivienda,Hombre,Ocupado,5,4,1.25,48.0,17.0,5.0,0
006213,12,1,Rural,Sierra Centro,Adobe,Pozo,Hombre,Ocupado,7,6,1.17,35.0,7.0,2.0,0
006214,14,1,Rural,Selva,Ladrillo o Bloque de cemento,Pozo,Hombre,Inactivo,9,7,1.29,84.0,1.0,3.0,1
006215,2,1,Rural,Sierra Norte,Madera,Pozo,Mujer,Ocupado,5,4,1.25,55.0,4.0,4.0,0
006216,5,1,Urbano,Costa Centro,Ladrillo o Bloque de cemento,Red publica dentro de la vivienda,Hombre,Ocupado,3,2,1.5,48.0,16.0,3.0,0
006217,17,1,Urbano,Selva,Ladrillo o Bloque de cemento,Red publica dentro de la vivienda,Mujer,Ocupado,2,1,2.0,61.0,12.0,6.0,0
006218,14,1,Urbano,Lima Metropolitana,Adobe,Red publica dentro de la vivienda,Mujer,Ocupado,7,2,3.5,53.0,8.0,2.0,0
006219,10,1,Urbano,Costa Sur,Adobe,Red publica dentro de la vivienda,Mujer,Ocupado,9,5,1.8,46.0,9.0,4.0,0
006220,1,1,Rural,Sierra Sur,Ladrillo o Bloque de cemento,Red publica dentro de la vivienda,Hombre,Ocupado,5,2,2.5,46.0,6.0,2.0,0
006221,3,1,Rural,Sierra Sur,Ladrillo o Bloque de cemento,Red publica dentro de la vivienda,Hombre,Ocupado,2,1,2.0,26.0,10.0,3.0,0
006222,12,1,Urbano,Costa Sur,Adobe,Pozo,Hombre,Ocupado,4,3,1.33,43.0,11.0,2.0,0
006223,17,1,Urbano,Selva,Adobe,Red publica dentro de la vivienda,Mujer,Ocupado,2,2,1.0,41.0,15.0,3.0,0
006224,7,1,Urbano,Costa Centro,Ladrillo o Bloque de cemento,Red publica dentro de la vivienda,Hombre,Ocupado,4,2,2.0,52.0,12.0,7.0,0
006225,12,1,Rural,Selva,Adobe,Red publica dentro de la vivienda,Hombre,Ocupado,4,1,4.0,45.0,0.0,5.0,1
006226,18,1,Urbano,Costa Centro,Ladrillo o Bloque de cemento,Red publica fuera de la vivienda,Hombre,Ocupado,4,3,1.33,58.0,13.0,5.0,0
006227,10,1,Rural,Sierra Sur,Ladrillo o Bloque de cemento,"Rio, acequia o manantial",Hombre,Ocupado,4,2,2.0,49.0,6.0,2.0,1
006228,9,1,Rural,Sierra Norte,Madera,Red publica dentro de la vivienda,Hombre,Ocupado,5,4,1.25,36.0,5.0,4.0,0
006229,16,1,Urbano,Sierra Sur,Ladrillo o Bloque de cemento,Red publica dentro de la vivienda,Hombre,Inactivo,5,2,2.5,69.0,12.0,8.0,1
006230,10,1,Rural,Sierra Sur,Ladrillo o Bloque de cemento,"Rio, acequia o manantial",Mujer,Ocupado,6,3,2.0,43.0,6.0,4.0,0
006231,10,1,Urbano,Lima Metropolitana,Ladrillo o Bloque de cemento,Red publica dentro de la vivienda,Hombre,Ocupado,4,3,1.33,56.0,13.0,8.0,0
006232,16,1,Rural,Sierra Sur,Ladrillo o Bloque de cemento,Red publica dentro de la vivienda,Mujer,Ocupado,3,2,1.5,30.0,5.0,4.0,0
006233,4,1,Urbano,Lima Metropolitana,Ladrillo o Bloque de cemento,Red publica dentro de la vivienda,Hombre,Ocupado,3,1,3.0,59.0,11.0,4.0,0
006234,11,1,Urbano,Costa Sur,,Otro,Mujer,Ocupado,5,4,1.25,25.0,15.0,3.0,0
006235,8,1,Rural,Sierra Centro,Adobe,Red publica fuera de la vivienda,Hombre,Inactivo,5,5,1.0,75.0,7.0,2.0,1
006236,17,1,Urbano,Costa Norte,Ladrillo o Bloque de cemento,Red publica dentro de la vivienda,Hombre,Ocupado,8,6,1.33,58.0,12.0,4.0,0
006237,2,1,Urbano,Sierra Sur,Ladrillo o Bloque de cemento,Red publica dentro de la vivienda,Hombre,Ocupado,8,7,1.14,45.0,9.0,3.0,0
006238,8,1,Urbano,Lima Metropolitana,Ladrillo o Bloque de cemento,,Hombre,Ocupado,3,2,1.5,56.0,16.0,5.0,0
006239,7,1,Urbano,Lima Metropolitana,Ladrillo o Bloque de cemento,Red publica dentro de la vivienda,Mujer,Ocupado,3,3,1.0,30.0,13.0,2.0,0
006240,11,1,Rural,Selva,Adobe,Red publica fuera de la vivienda,Mujer,Ocupado,5,4,1.25,45.0,5.0,2.0,0
006241,4,1,Urbano,Lima Metropolitana,Ladrillo o Bloque de cemento,Red publica dentro de la vivienda,Hombre,Ocupado,3,3,1.0,58.0,17.0,4.0,0
006242,19,1,Rural,Costa Centro,Adobe,"Rio, acequia o manantial",Hombre,Ocupado,5,4,1.25,56.0,5.0,4.0,0
006243,6,1,Urbano,Costa Norte,Ladrillo o Bloque de cemento,Red publica dentro de la vivienda,Hombre,Ocupado,6,5,1.2,48.0,12.0,5.0,0
006244,9,1,Urbano,Lima Metropolitana,Ladrillo o Bloque de cemento,Red publica dentro de la vivienda,Hombre,Ocupado,6,3,2.0,52.0,9.0,3.0,0
006245,1,1,Urbano,Costa Centro,Ladrillo o Bloque de cemento,Red publica dentro de la vivienda,Hombre,Ocupado,4,2,2.0,63.0,9.0,4.0,1
006246,11,1,Urbano,Costa Norte,Ladrillo o Bloque de cemento,Red publica fuera de la vivienda,Hombre,Ocupado,4,3,1.33,58.0,13.0,3.0,0
006247,3,1,Urbano,Lima Metropolitana,Ladrillo o Bloque de cemento,Red publica dentro de la vivienda,Hombre,Ocupado,6,6,1.0,22.0,12.0,5.0,0
006248,19,1,Urbano,Lima Metropolitana,Madera,,Hombre,Ocupado,2,2,1.0,48.0,13.0,5.0,0
006249,1,1,Rural,Selva,Ladrillo o Bloque de cemento,"Rio, acequia o manantial",Hombre,Ocupado,7,5,1.4,48.0,6.0,2.0,0
006250,16,1,Rural,Sierra Centro,Madera,Pozo,Hombre,Ocupado,1,1,1.0,30.0,6.0,2.0,0
006251,7,1,Urbano,Lima Metropolitana,Ladrillo o Bloque de cemento,Red publica dentro de la vivienda,Mujer,Ocupado,1,1,1.0,33.0,11.0,6.0,0
006252,5,1,Urbano,Costa Sur,Otro material,Red publica dentro de la vivienda,Hombre,Inactivo,8,6,1.33,69.0,9.0,3.0,1
006253,16,1,Urbano,Sierra Sur,Ladrillo o Bloque de cemento,Red publica dentro de la vivienda,Hombre,Ocupado,3,2,1.5,38.0,10.0,4.0,0
006254,1,1,Rural,Sierra Centro,Otro material,Red publica fuera de la vivienda,Mujer,Ocupado,7,5,1.4,42.0,6.0,7.0,1
006255,18,1,Urbano,Lima Metropolitana,Ladrillo o Bloque de cemento,Red publica dentro de la vivienda,Hombre,Ocupado,7,7,1.0,37.0,14.0,4.0,0
006256,1,1,Urbano,Lima Metropolitana,Ladrillo o Bloque de cemento,Red publica dentro de la vivienda,Hombre,Ocupado,5,4,1.25,54.0,14.0,4.0,0
006257,15,1,Rural,Lima Metropolitana,Ladrillo o Bloque de cemento,Pozo,Hombre,Ocupado,3,2,1.5,52.0,12.0,7.0,0
006258,3,1,Urbano,Costa Centro,Ladrillo o Bloque de cemento,Red publica dentro de la vivienda,Hombre,Inactivo,4,3,1.33,75.0,13.0,5.0,0
006259,16,1,Rural,Sierra Sur,Adobe,Pozo,Mujer,Ocupado,3,3,1.0,40.0,4.0,2.0,1
006260,2,1,Urbano,Sierra Norte,Ladrillo o Bloque de cemento,Red publica fuera de la vivienda,Hombre,Ocupado,6,4,1.5,55.0,9.0,3.0,1
006261,9,1,Urbano,Lima Metropolitana,Ladrillo o Bloque de cemento,Red publica dentro de la vivienda,Hombre,Ocupado,6,3,2.0,22.0,15.0,3.0,0
006262,2,1,Urbano,Costa Centro,Madera,Red publica dentro de la vivienda,Hombre,Ocupado,5,3,1.67,28.0,13.0,4.0,1
006263,7,1,Rural,Costa Norte,Madera,"Rio, acequia o manantial",Hombre,Inactivo,7,6,1.17,67.0,10.0,5.0,1
006264,16,1,Urbano,Lima Metropolitana,Ladrillo o Bloque de cemento,Red publica dentro de la vivienda,Hombre,Ocupado,2,1,2.0,63.0,12.0,4.0,0
006265,16,1,Urbano,Sierra Sur,Ladrillo o Bloque de cemento,Red publica dentro de la vivienda,Hombre,Ocupado,4,3,1.33,54.0,10.0,2.0,0
006266,16,1,Urbano,Lima Metropolitana,Ladrillo o Bloque de cemento,Red publica dentro de la vivienda,Hombre,Ocupado,4,2,2.0,64.0,14.0,3.0,0
006267,18,1,Urbano,Costa Norte,Madera,Red publica dentro de la vivienda,Hombre,Ocupado,3,1,3.0,33.0,7.0,4.0,1
006268,18,1,Urbano,Lima Metropolitana,Adobe,Red publica dentro de la vivienda,Hombre,Inactivo,5,4,1.25,71.0,12.0,8.0,1
006269,7,1,Urbano,Costa Norte,Ladrillo o Bloque de cemento,Pozo,Hombre,Ocupado,4,2,2.0,34.0,17.0,6.0,0
006270,3,1,Urbano,Costa Norte,Ladrillo o Bloque de cemento,Red publica dentro de la vivienda,Mujer,Ocupado,5,2,2.5,53.0,10.0,4.0,1
006271,14,1,Urbano,Sierra Sur,Adobe,Red publica dentro de la vivienda,Mujer,Inactivo,1,1,1.0,87.0,11.0,5.0,0
006272,19,1,Urbano,Costa Sur,Ladrillo o Bloque de cemento,Red publica dentro de la vivienda,Mujer,Ocupado,4,2,2.0,36.0,10.0,7.0,0
006273,7,1,Urbano,Selva,Ladrillo o Bloque de cemento,,Hombre,Inactivo,5,4,1.25,67.0,16.0,4.0,1
006274,18,1,Urbano,Costa Norte,Ladrillo o Bloque de cemento,Red publica dentro de la vivienda,Mujer,Ocupado,6,4,1.5,62.0,7.0,2.0,1
006275,15,1,Urbano,Costa Norte,Ladrillo o Bloque de cemento,Red publica dentro de la vivienda,Hombre,Ocupado,6,3,2.0,41.0,13.0,6.0,0
006276,9,1,Urbano,Lima Metropolitana,Ladrillo o Bloque de cemento,Red publica dentro de la vivienda,Hombre,Inactivo,5,2,2.5,77.0,11.0,2.0,1
006277,19,1,Urbano,Costa Sur,Ladrillo o Bloque de cemento,Red publica dentro de la vivienda,Hombre,Ocupado,3,3,1.0,35.0,9.0,1.0,0
006278,7,1,Urbano,Lima Metropolitana,Ladrillo o Bloque de cemento,Red publica dentro de la vivienda,Mujer,Ocupado,4,2,2.0,47.0,7.0,5.0,0
006279,17,1,Urbano,Lima Metropolitana,Ladrillo o Bloque de cemento,Red publica dentro de la vivienda,Mujer,Ocupado,4,3,1.33,57.0,18.0,8.0,0
006280,13,1,Urbano,Costa Norte,Ladrillo o Bloque de cemento,Red publica fuera de la vivienda,Hombre,Ocupado,5,4,1.25,47.0,13.0,4.0,0
006281,16,1,Urbano,Lima Metropolitana,Madera,Red publica dentro de la vivienda,Hombre,Inactivo,7,3,2.33,90.0,8.0,5.0,1
006282,16,1,Rural,Sierra Norte,Adobe,Red publica fuera de la vivienda,Hombre,Ocupado,7,5,1.4,30.0,2.0,3.0,1
006283,7,1,Urbano,Sierra Centro,Ladrillo o Bloque de cemento,Red publica dentro de la vivienda,Mujer,Inactivo,5,4,1.25,71.0,,4.0,1
006284,5,1,Urbano,Costa Norte,Ladrillo o Bloque de cemento,Red publica dentro de la vivienda,Hombre,Ocupado,4,2,2.0,18.0,13.0,5.0,1
006285,9,1,Urbano,Lima Metropolitana,Ladrillo o Bloque de cemento,Red publica fuera de la vivienda,Hombre,Ocupado,6,5,1.2,18.0,12.0,5.0,0
006286,5,1,Rural,Selva,Ladrillo o Bloque de cemento,Red publica dentro de la vivienda,Hombre,Ocupado,3,2,1.5,49.0,4.0,5.0,0
006287,19,1,Urbano,Selva,Adobe,Red publica dentro de la vivienda,Hombre,Ocupado,6,5,1.2,58.0,11.0,3.0,0
006288,2,1,Urbano,Lima Metropolitana,Ladrillo o Bloque de cemento,Red publica fuera de la vivienda,Hombre,Inactivo,7,4,1.75,69.0,17.0,5.0,1
006289,14,1,Rural,Sierra Centro,Ladrillo o Bloque de cemento,"Rio, acequia o manantial",Mujer,Inactivo,3,2,1.5,71.0,8.0,3.0,1
006290,11,1,Urbano,Lima Metropolitana,Ladrillo o Bloque de cemento,Red publica dentro de la vivienda,Hombre,Ocupado,4,2,2.0,51.0,7.0,2.0,0
006291,18,1,Urbano,Lima Metropolitana,Ladrillo o Bloque de cemento,Red publica dentro de la vivienda,Hombre,Ocupado,3,3,1.0,55.0,9.0,3.0,0
006292,3,1,Urbano,Lima Metropolitana,Otro material,Red publica dentro de la vivienda,Mujer,Ocupado,3,2,1.5,51.0,12.0,7.0,0
006293,9,1,Urbano,Lima Metropolitana,Ladrillo o Bloque de cemento,Red publica dentro de la vivienda,Hombre,Inactivo,4,4,1.0,69.0,13.0,4.0,1
006294,3,1,Urbano,Lima Metropolitana,,Red publica dentro de la vivienda,Hombre,Ocupado,5,4,1.25,31.0,17.0,4.0,0
006295,7,1,Urbano,Costa Centro,Adobe,Red publica dentro de la vivienda,Mujer,Ocupado,4,1,4.0,39.0,11.0,3.0,1
006296,14,1,Urbano,Lima Metropolitana,Ladrillo o Bloque de cemento,,Hombre,Ocupado,7,5,1.4,60.0,14.0,5.0,0
006297,12,1,Urbano,Lima Metropolitana,Ladrillo o Bloque de cemento,Red publica dentro de la vivienda,Hombre,Ocupado,6,4,1.5,63.0,6.0,2.0,0
006298,17,1,Urbano,Lima Metropolitana,Ladrillo o Bloque de cemento,Red publica dentro de la vivienda,Mujer,Inactivo,4,1,4.0,67.0,11.0,2.0,1
006299,2,1,Rural,Sierra Norte,Madera,Red publica dentro de la vivienda,Hombre,Ocupado,4,2,2.0,47.0,9.0,3.0,0
006300,1,1,Urbano,Lima Metropolitana,Ladrillo o Bloque de cemento,Red publica dentro de la vivienda,Hombre,Ocupado,3,2,1.5,41.0,18.0,3.0,0
006301,16,1,Urbano,Costa Sur,Ladrillo o Bloque de cemento,Red publica dentro de la vivienda,Hombre,Ocupado,4,3,1.33,58.0,7.0,3.0,1
006302,13,1,Urbano,Sierra Sur,Ladrillo o Bloque de cemento,Red publica fuera de la vivienda,Mujer,Ocupado,5,4,1.25,33.0,10.0,4.0,0
006303,5,1,Urbano,Selva,Ladrillo o Bloque de cemento,Red publica dentro de la vivienda,Mujer,Inactivo,1,1,1.0,71.0,5.0,2.0,0
006304,13,1,Urbano,Costa Centro,Ladrillo o Bloque de cemento,Red publica fuera de la vivienda,Hombre,Ocupado,8,6,1.33,41.0,10.0,5.0,0
006305,2,1,Urbano,Lima Metropolitana,,Red publica dentro de la vivienda,Mujer,Ocupado,6,5,1.2,44.0,16.0,4.0,1
006306,14,1,Urbano,Costa Norte,Ladrillo o Bloque de cemento,Red publica dentro de la vivienda,Hombre,Desocupado,4,2,2.0,59.0,14.0,7.0,0
006307,5,1,Urbano,Lima Metropolitana,Ladrillo o Bloque de cemento,Red publica dentro de la vivienda,Mujer,Ocupado,5,4,1.25,38.0,12.0,6.0,0
006308,6,1,Urbano,Lima Metropolitana,Ladrillo o Bloque de cemento,Red publica dentro de la vivienda,Hombre,Ocupado,5,3,1.67,32.0,12.0,5.0,0
006309,8,1,Rural,Sierra Centro,Ladrillo o Bloque de cemento,Red publica dentro de la vivienda,Mujer,Ocupado,5,2,2.5,64.0,15.0,3.0,0
006310,18,1,Urbano,Lima Metropolitana,Adobe,Red publica dentro de la vivienda,Hombre,Ocupado,5,3,1.67,33.0,12.0,4.0,0
006311,8,1,Rural,Costa Centro,Madera,Red publica dentro de la vivienda,Mujer,Ocupado,4,3,1.33,52.0,5.0,,0
006312,10,1,Urbano,Lima Metropolitana,Ladrillo o Bloque de cemento,Red publica dentro de la vivienda,Hombre,Ocupado,5,5,1.0,48.0,11.0,7.0,0
006313,5,1,Urbano,Lima Metropolitana,Ladrillo o Bloque de cemento,Red publica dentro de la vivienda,Mujer,Ocupado,3,3,1.0,21.0,8.0,2.0,0
006314,1,1,Urbano,Costa Centro,Ladrillo o Bloque de cemento,Red publica dentro de la vivienda,Mujer,Ocupado,5,2,2.5,33.0,12.0,4.0,1
006315,6,1,Urbano,Lima Metropolitana,Adobe,Red publica dentro de la vivienda,Hombre,Ocupado,3,2,1.5,53.0,15.0,5.0,0
006316,3,1,Rural,Selva,Madera,"Rio, acequia o manantial",Hombre,Inactivo,7,4,1.75,65.0,8.0,3.0,1
006317,11,1,Urbano,Selva,Ladrillo o Bloque de cemento,Red publica dentro de la vivienda,Mujer,Ocupado,3,1,3.0,37.0,13.0,3.0,0
006318,13,1,Urbano,Lima Metropolitana,Ladrillo o Bloque de cemento,Red publica dentro de la vivienda,Hombre,Ocupado,6,2,3.0,36.0,11.0,4.0,0
006319,6,1,Urbano,Sierra Sur,Ladrillo o Bloque de cemento,Pozo,Mujer,Ocupado,2,1,2.0,57.0,10.0,3.0,0
006320,1,1,Urbano,Selva,Ladrillo o Bloque de cemento,Red publica dentro de la vivienda,Hombre,Ocupado,1,1,1.0,59.0,15.0,6.0,0
006321,13,1,Urbano,Costa Sur,Ladrillo o Bloque de cemento,Red publica dentro de la vivienda,Mujer,Ocupado,6,4,1.5,61.0,9.0,3.0,0
006322,12,1,Urbano,Sierra Centro,Madera,Red publica dentro de la vivienda,Mujer,Ocupado,4,1,4.0,51.0,9.0,6.0,0
006323,10,1,Urbano,Lima Metropolitana,Otro material,Red publica dentro de la vivienda,Hombre,Ocupado,4,3,1.33,41.0,16.0,4.0,0
006324,3,1,Urbano,Costa Centro,Madera,Red publica dentro de la vivienda,Mujer,Ocupado,5,2,2.5,59.0,8.0,2.0,0
006325,4,1,Urbano,Selva,Madera,Red publica dentro de la vivienda,Hombre,Ocupado,5,3,1.67,47.0,7.0,4.0,1
006326,6,1,Urbano,Costa Sur,Adobe,Red publica dentro de la vivienda,Hombre,Ocupado,2,1,2.0,57.0,8.0,3.0,0
006327,16,1,Urbano,Lima Metropolitana,Ladrillo o Bloque de cemento,Red publica dentro de la vivienda,Hombre,Ocupado,8,4,2.0,41.0,18.0,4.0,0
006328,18,1,Rural,Selva,Adobe,Red publica fuera de la vivienda,Mujer,Ocupado,5,4,1.25,45.0,10.0,3.0,0
006329,17,1,Urbano,Sierra Centro,Ladrillo o Bloque de cemento,Red publica dentro de la vivienda,Mujer,Ocupado,6,2,3.0,55.0,13.0,4.0,0
006330,5,1,Rural,Sierra Norte,Ladrillo o Bloque de cemento,Otro,Mujer,Ocupado,4,4,1.0,19.0,3.0,3.0,0
006331,16,1,Rural,Sierra Sur,Adobe,Pozo,Hombre,Inactivo,5,3,1.67,67.0,8.0,4.0,1
006332,8,1,Urbano,Lima Metropolitana,Ladrillo o Bloque de cemento,Red publica dentro de la vivienda,Hombre,Ocupado,2,1,2.0,47.0,18.0,6.0,0
006333,18,1,Rural,Selva,Madera,Otro,Hombre,Ocupado,3,1,3.0,18.0,8.0,3.0,1
006334,8,1,Rural,Sierra Sur,Adobe,Otro,Hombre,Ocupado,3,3,1.0,50.0,3.0,5.0,0
006335,3,1,Urbano,Lima Metropolitana,Ladrillo o Bloque de cemento,Red publica dentro de la vivienda,Hombre,Ocupado,2,1,2.0,42.0,14.0,3.0,0
006336,11,1,Rural,Sierra Centro,Ladrillo o Bloque de cemento,"Rio, acequia o manantial",Hombre,Ocupado,5,4,1.25,33.0,6.0,3.0,0
006337,12,1,Rural,Sierra Sur,Adobe,"Rio, acequia o manantial",Hombre,Inactivo,7,4,1.75,75.0,7.0,2.0,1
006338,15,1,Urbano,Sierra Centro,Ladrillo o Bloque de cemento,Red publica dentro de la vivienda,Hombre,Desocupado,4,3,1.33,60.0,8.0,2.0,1
006339,11,1,Urbano,Costa Centro,Ladrillo o Bloque de cemento,Red publica dentro de la vivienda,Hombre,Ocupado,5,3,1.67,46.0,9.0,5.0,0
006340,12,1,Urbano,Lima Metropolitana,Ladrillo o Bloque de cemento,Red publica dentro de la vivienda,Mujer,Desocupado,3,2,1.5,49.0,11.0,5.0,1
006341,15,1,Urbano,Lima Metropolitana,Ladrillo o Bloque de cemento,Otro,Mujer,Ocupado,5,3,1.67,52.0,10.0,3.0,0
006342,17,1,Urbano,Lima Metropolitana,Ladrillo o Bloque de cemento,Red publica dentro de la vivienda,Hombre,Ocupado,5,4,1.25,25.0,12.0,3.0,0
006343,1,1,Urbano,Lima Metropolitana,Ladrillo o Bloque de cemento,Red publica dentro de la vivienda,Hombre,Inactivo,4,3,1.33,85.0,10.0,1.0,1
006344,17,1,Rural,Sierra Sur,Ladrillo o Bloque de cemento,Red publica dentro de la vivienda,Mujer,Ocupado,2,1,2.0,49.0,12.0,5.0,0
006345,8,1,Rural,Sierra Norte,Madera,Red publica dentro de la vivienda,Mujer,Inactivo,4,4,1.0,73.0,8.0,4.0,1
006346,16,1,Urbano,Lima Metropolitana,Ladrillo o Bloque de cemento,Red publica dentro de la vivienda,Hombre,Ocupado,8,4,2.0,36.0,,3.0,0
006347,15,1,Urbano,Lima Metropolitana,Ladrillo o Bloque de cemento,Red publica dentro de la vivienda,Hombre,Ocupado,9,6,1.5,56.0,12.0,6.0,0
006348,14,1,Urbano,Lima Metropolitana,Ladrillo o Bloque de cemento,Red publica dentro de la vivienda,Mujer,Ocupado,4,2,2.0,31.0,,6.0,0
006349,12,1,Urbano,Sierra Sur,Ladrillo o Bloque de cemento,Red publica dentro de la vivienda,Hombre,Ocupado,4,2,2.0,,14.0,4.0,1
006350,14,1,Urbano,Lima Metropolitana,Ladrillo o Bloque de cemento,Red publica dentro de la vivienda,Hombre,Ocupado,8,7,1.14,61.0,12.0,5.0,0
006351,5,1,Rural,Lima Metropolitana,Madera,Red publica dentro de la vivienda,Mujer,Ocupado,3,1,3.0,51.0,9.0,2.0,0
006352,14,1,Urbano,Lima Metropolitana,Ladrillo o Bloque de cemento,Red publica dentro de la vivienda,Hombre,Ocupado,1,1,1.0,41.0,12.0,6.0,0
006353,10,1,Urbano,Lima Metropolitana,Ladrillo o Bloque de cemento,Red publica dentro de la vivienda,Hombre,Ocupado,7,2,3.5,18.0,5.0,2.0,0
006354,6,1,Rural,Sierra Sur,Otro material,Red publica dentro de la vivienda,Hombre,Desocupado,3,1,3.0,41.0,5.0,4.0,1
006355,2,1,Urbano,Sierra Norte,Ladrillo o Bloque de cemento,Red publica dentro de la vivienda,Hombre,Ocupado,3,3,1.0,52.0,8.0,3.0,0
006356,3,1,Urbano,Sierra Sur,Ladrillo o Bloque de cemento,Red publica dentro de la vivienda,Mujer,Ocupado,7,2,3.5,33.0,12.0,7.0,1
006357,16,1,Rural,Sierra Norte,Madera,Red publica dentro de la vivienda,Hombre,Ocupado,6,6,1.0,50.0,8.0,4.0,0
006358,6,1,Urbano,Lima Metropolitana,Ladrillo o Bloque de cemento,Red publica fuera de la vivienda,Hombre,Ocupado,3,2,1.5,39.0,18.0,4.0,0
006359,13,1,Rural,Selva,Ladrillo o Bloque de cemento,"Rio, acequia o manantial",Hombre,Ocupado,4,2,2.0,31.0,8.0,2.0,1
006360,9,1,Rural,Sierra Sur,Madera,"Rio, acequia o manantial",Hombre,Ocupado,5,4,1.25,46.0,5.0,2.0,0
006361,15,1,Rural,Sierra Centro,Adobe,Pozo,Hombre,Ocupado,6,3,2.0,18.0,5.0,3.0,1
006362,15,1,Urbano,Lima Metropolitana,Ladrillo o Bloque de cemento,Red publica fuera de la vivienda,Hombre,Ocupado,4,2,2.0,55.0,,4.0,0
006363,5,1,Urbano,Selva,Ladrillo o Bloque de cemento,Red publica dentro de la vivienda,Hombre,Ocupado,6,6,1.0,49.0,14.0,3.0,0
006364,1,1,Urbano,Costa Centro,Ladrillo o Bloque de cemento,"Rio, acequia o manantial",Hombre,Ocupado,3,2,1.5,56.0,,2.0,1
006365,6,1,Urbano,Lima Metropolitana,Ladrillo o Bloque de cemento,Red publica dentro de la vivienda,Hombre,Ocupado,4,2,2.0,64.0,12.0,4.0,0
006366,1,1,Urbano,Sierra Centro,Ladrillo o Bloque de cemento,Red publica dentro de la vivienda,Hombre,Ocupado,6,4,1.5,44.0,11.0,3.0,0
006367,15,1,Urbano,Sierra Sur,Ladrillo o Bloque de cemento,Pozo,Hombre,Ocupado,4,3,1.33,18.0,6.0,3.0,0
006368,8,1,Urbano,Costa Sur,Ladrillo o Bloque de cemento,Red publica dentro de la vivienda,Hombre,Ocupado,6,6,1.0,44.0,13.0,7.0,1
006369,10,1,Urbano,Selva,Ladrillo o Bloque de cemento,Red publica dentro de la vivienda,Hombre,Ocupado,2,2,1.0,32.0,12.0,4.0,0
006370,13,1,Urbano,Lima Metropolitana,Ladrillo o Bloque de cemento,Red publica dentro de la vivienda,Mujer,Inactivo,6,4,1.5,68.0,12.0,5.0,1
006371,3,1,Urbano,Lima Metropolitana,Ladrillo o Bloque de cemento,Pozo,Mujer,Ocupado,4,3,1.33,43.0,13.0,5.0,0
006372,17,1,Urbano,Costa Norte,Ladrillo o Bloque de cemento,Pozo,Hombre,Ocupado,7,4,1.75,60.0,13.0,3.0,0
006373,12,1,Urbano,Lima Metropolitana,Ladrillo o Bloque de cemento,Red publica dentro de la vivienda,Hombre,Inactivo,2,1,2.0,68.0,18.0,5.0,1
006374,2,1,Urbano,Lima Metropolitana,Ladrillo o Bloque de cemento,Red publica fuera de la vivienda,Hombre,Ocupado,2,1,2.0,38.0,15.0,3.0,0
006375,4,1,Rural,Sierra Norte,Madera,"Rio, acequia o manantial",Hombre,Ocupado,5,2,2.5,49.0,3.0,2.0,0
006376,19,1,Urbano,Costa Sur,Adobe,Otro,Hombre,Ocupado,4,3,1.33,49.0,18.0,7.0,0
006377,12,1,Rural,Sierra Norte,Adobe,"Rio, acequia o manantial",Mujer,Inactivo,4,4,1.0,79.0,3.0,8.0,1
006378,15,1,Urbano,Lima Metropolitana,Ladrillo o Bloque de cemento,Red publica dentro de la vivienda,Mujer,Inactivo,3,2,1.5,66.0,14.0,5.0,0
006379,7,1,Urbano,Sierra Norte,Ladrillo o Bloque de cemento,Red publica dentro de la vivienda,Mujer,Ocupado,3,2,1.5,33.0,10.0,6.0,0
006380,17,1,Rural,Sierra Sur,Adobe,"Rio, acequia o manantial",Hombre,Ocupado,6,3,2.0,39.0,6.0,4.0,1
006381,7,1,Urbano,Lima Metropolitana,Ladrillo o Bloque de cemento,Red publica dentro de la vivienda,Mujer,Ocupado,5,1,5.0,42.0,14.0,3.0,0
006382,7,1,Urbano,Lima Metropolitana,Adobe,Red publica dentro de la vivienda,Mujer,Ocupado,5,3,1.67,37.0,14.0,2.0,0
006383,1,1,Urbano,Lima Metropolitana,Ladrillo o Bloque de cemento,Red publica dentro de la vivienda,Mujer,Ocupado,6,3,2.0,44.0,17.0,4.0,0
006384,8,1,Urbano,Lima Metropolitana,Ladrillo o Bloque de cemento,,Hombre,Ocupado,4,3,1.33,41.0,10.0,3.0,0
006385,3,1,Rural,Costa Centro,Adobe,Red publica dentro de la vivienda,Hombre,Ocupado,6,5,1.2,49.0,8.0,7.0,0
006386,19,1,Urbano,Lima Metropolitana,Ladrillo o Bloque de cemento,Red publica dentro de la vivienda,Mujer,Ocupado,9,7,1.29,46.0,14.0,7.0,0
006387,8,1,Rural,Sierra Norte,Ladrillo o Bloque de cemento,Pozo,Mujer,Ocupado,6,4,1.5,64.0,14.0,4.0,0
006388,6,1,Urbano,Costa Centro,Ladrillo o Bloque de cemento,Red publica dentro de la vivienda,Hombre,Ocupado,3,2,1.5,37.0,13.0,3.0,0
006389,5,1,Urbano,Lima Metropolitana,Adobe,Red publica dentro de la vivienda,Hombre,Ocupado,3,1,3.0,25.0,9.0,3.0,1
006390,17,1,Rural,Costa Sur,Adobe,Pozo,Hombre,Ocupado,6,4,1.5,41.0,11.0,2.0,0
006391,13,1,Urbano,Costa Centro,Ladrillo o Bloque de cemento,Red publica dentro de la vivienda,Mujer,Ocupado,3,2,1.5,39.0,10.0,4.0,0
006392,8,1,Urbano,Lima Metropolitana,Ladrillo o Bloque de cemento,Red publica fuera de la vivienda,Mujer,Inactivo,4,2,2.0,69.0,10.0,3.0,0
006393,1,1,Rural,Sierra Norte,Ladrillo o Bloque de cemento,Red publica dentro de la vivienda,Hombre,Ocupado,2,2,1.0,60.0,11.0,4.0,1
006394,10,1,Urbano,Costa Centro,Adobe,Red publica dentro de la vivienda,Mujer,Inactivo,4,3,1.33,66.0,11.0,5.0,1
006395,4,1,Urbano,Selva,Ladrillo o Bloque de cemento,Red publica dentro de la vivienda,Hombre,Desocupado,6,2,3.0,61.0,10.0,3.0,1
006396,11,1,Urbano,Lima Metropolitana,Ladrillo o Bloque de cemento,Red publica dentro de la vivienda,Hombre,Ocupado,3,3,1.0,20.0,18.0,3.0,0
006397,15,1,Urbano,Lima Metropolitana,Ladrillo o Bloque de cemento,Red publica fuera de la vivienda,Hombre,Ocupado,3,3,1.0,36.0,11.0,5.0,0
006398,9,1,Rural,Costa Centro,Madera,Red publica fuera de la vivienda,Hombre,Ocupado,9,5,1.8,27.0,5.0,,0
006399,2,1,Rural,Selva,Ladrillo o Bloque de cemento,Red publica dentro de la vivienda,Hombre,Inactivo,4,4,1.0,70.0,8.0,3.0,1
006400,13,1,Urbano,Lima Metropolitana,Ladrillo o Bloque de cemento,Red publica dentro de la vivienda,Hombre,Ocupado,1,1,1.0,60.0,5.0,2.0,0
006401,1,1,Rural,Costa Centro,Ladrillo o Bloque de cemento,Red publica dentro de la vivienda,Mujer,Ocupado,6,4,1.5,54.0,7.0,,0
006402,10,1,Urbano,Costa Sur,Ladrillo o Bloque de cemento,Red publica dentro de la vivienda,Mujer,Ocupado,6,5,1.2,40.0,11.0,4.0,1
006403,12,1,Urbano,Costa Norte,Ladrillo o Bloque de cemento,Red publica dentro de la vivienda,Hombre,Ocupado,4,3,1.33,42.0,8.0,1.0,0
006404,4,1,Urbano,Selva,Ladrillo o Bloque de cemento,Red publica fuera de la vivienda,Hombre,Ocupado,4,3,1.33,36.0,11.0,5.0,0
006405,10,1,Urbano,Costa Sur,Ladrillo o Bloque de cemento,Pozo,Hombre,Ocupado,3,3,1.0,57.0,12.0,6.0,0
006406,13,1,Urbano,Lima Metropolitana,Madera,Red publica dentro de la vivienda,Hombre,Ocupado,5,3,1.67,49.0,12.0,5.0,0
006407,13,1,Urbano,Lima Metropolitana,Ladrillo o Bloque de cemento,Red publica dentro de la vivienda,Hombre,Ocupado,2,1,2.0,58.0,15.0,4.0,0
006408,2,1,Urbano,Costa Sur,Ladrillo o Bloque de cemento,Red publica dentro de la vivienda,Mujer,Ocupado,4,1,4.0,54.0,12.0,3.0,0
006409,10,1,Urbano,Lima Metropolitana,Ladrillo o Bloque de cemento,Red publica dentro de la vivienda,Hombre,Ocupado,6,5,1.2,60.0,12.0,6.0,0
006410,9,1,Urbano,Costa Sur,Ladrillo o Bloque de cemento,Red publica dentro de la vivienda,Mujer,Ocupado,6,5,1.2,55.0,13.0,3.0,0
006411,6,1,Urbano,Costa Norte,Madera,Red publica dentro de la vivienda,Hombre,Ocupado,4,3,1.33,63.0,12.0,4.0,0
006412,8,1,Rural,Lima Metropolitana,Ladrillo o Bloque de cemento,Red publica dentro de la vivienda,Hombre,Ocupado,5,4,1.25,58.0,18.0,4.0,0
006413,9,1,Rural,Sierra Sur,Ladrillo o Bloque de cemento,Red publica dentro de la vivienda,Hombre,Ocupado,4,1,4.0,41.0,10.0,4.0,1
006414,11,1,Urbano,Lima Metropolitana,Ladrillo o Bloque de cemento,Red publica dentro de la vivienda,Mujer,Ocupado,8,5,1.6,55.0,11.0,5.0,0
006415,10,1,Rural,Selva,Adobe,"Rio, acequia o manantial",Hombre,Ocupado,4,2,2.0,52.0,1.0,4.0,1
006416,10,1,Urbano,Costa Centro,Otro material,Red publica dentro de la vivienda,Mujer,Ocupado,5,3,1.67,45.0,9.0,3.0,0
006417,4,1,Urbano,Sierra Sur,,Red publica fuera de la vivienda,Mujer,Ocupado,8,7,1.14,48.0,4.0,2.0,0
006418,3,1,Urbano,Costa Sur,Madera,Red publica dentro de la vivienda,Hombre,Ocupado,4,2,2.0,62.0,13.0,4.0,0
006419,3,1,Urbano,Lima Metropolitana,Ladrillo o Bloque de cemento,Red publica dentro de la vivienda,Hombre,Ocupado,4,3,1.33,56.0,12.0,5.0,0
006420,3,1,Urbano,Lima Metropolitana,Ladrillo o Bloque de cemento,"Rio, acequia o manantial",Hombre,Ocupado,3,3,1.0,61.0,10.0,3.0,0
006421,3,1,Urbano,Sierra Centro,Otro material,Red publica dentro de la vivienda,Hombre,Ocupado,7,2,3.5,49.0,13.0,5.0,0
006422,8,1,Urbano,Selva,Ladrillo o Bloque de cemento,Red publica dentro de la vivienda,Mujer,Ocupado,2,1,2.0,64.0,10.0,5.0,0
006423,11,1,Urbano,Lima Metropolitana,Ladrillo o Bloque de cemento,Red publica dentro de la vivienda,Hombre,Ocupado,5,2,2.5,59.0,14.0,5.0,0
006424,14,1,Urbano,Lima Metropolitana,Ladrillo o Bloque de cemento,Red publica fuera de la vivienda,Mujer,Ocupado,4,1,4.0,37.0,12.0,6.0,0
006425,11,1,Rural,Costa Norte,Madera,Red publica dentro de la vivienda,Mujer,Ocupado,5,2,2.5,43.0,7.0,5.0,0
006426,19,1,Urbano,Costa Norte,Ladrillo o Bloque de cemento,Red publica dentro de la vivienda,Mujer,Ocupado,6,4,1.5,36.0,15.0,4.0,0
006427,8,1,Rural,Costa Centro,Madera,"Rio, acequia o manantial",Mujer,Ocupado,3,3,1.0,33.0,9.0,4.0,0
006428,17,1,Rural,Sierra Centro,Ladrillo o Bloque de cemento,Pozo,Hombre,Inactivo,6,3,2.0,86.0,11.0,4.0,1
006429,11,1,Rural,Sierra Sur,Ladrillo o Bloque de cemento,Otro,Hombre,Inactivo,4,3,1.33,71.0,8.0,,1
006430,6,1,Urbano,Costa Centro,Ladrillo o Bloque de cemento,Red publica dentro de la vivienda,Hombre,Ocupado,4,4,1.0,64.0,5.0,6.0,0
006431,2,1,Rural,Sierra Sur,Ladrillo o Bloque de cemento,Red publica dentro de la vivienda,Hombre,Ocupado,3,2,1.5,54.0,4.0,2.0,1
006432,16,1,Urbano,Sierra Sur,Ladrillo o Bloque de cemento,Red publica dentro de la vivienda,Hombre,Ocupado,4,2,2.0,40.0,6.0,3.0,0
006433,8,1,Urbano,Costa Centro,Madera,"Rio, acequia o manantial",Mujer,Ocupado,9,5,1.8,32.0,14.0,5.0,0
006434,10,1,Urbano,Lima Metropolitana,Ladrillo o Bloque de cemento,Red publica dentro de la vivienda,Mujer,Ocupado,5,4,1.25,45.0,13.0,4.0,0
006435,16,1,Rural,Selva,Adobe,,Hombre,Ocupado,4,2,2.0,38.0,11.0,3.0,0
006436,17,1,Urbano,Sierra Centro,Ladrillo o Bloque de cemento,Red publica dentro de la vivienda,Hombre,Ocupado,4,4,1.0,58.0,14.0,8.0,0
006437,7,1,Rural,Selva,Madera,Pozo,Hombre,Ocupado,2,1,2.0,50.0,6.0,5.0,0
006438,7,1,Urbano,Sierra Norte,Madera,Red publica dentro de la vivienda,Hombre,Ocupado,6,3,2.0,60.0,17.0,7.0,0
006439,15,1,Urbano,Lima Metropolitana,Madera,Red publica fuera de la vivienda,Mujer,Ocupado,3,2,1.5,51.0,16.0,2.0,0
006440,10,1,Urbano,Selva,Ladrillo o Bloque de cemento,Red publica dentro de la vivienda,Mujer,Ocupado,6,5,1.2,24.0,11.0,2.0,0
006441,11,1,Rural,Sierra Sur,Adobe,"Rio, acequia o manantial",Hombre,Ocupado,4,3,1.33,46.0,8.0,4.0,0
006442,6,1,Urbano,Lima Metropolitana,Ladrillo o Bloque de cemento,Red publica fuera de la vivienda,Hombre,Ocupado,3,3,1.0,53.0,17.0,5.0,0
006443,19,1,Urbano,Lima Metropolitana,Adobe,Red publica dentro de la vivienda,Hombre,Ocupado,3,2,1.5,52.0,14.0,7.0,0
006444,7,1,Urbano,Lima Metropolitana,Ladrillo o Bloque de cemento,Red publica dentro de la vivienda,Mujer,Ocupado,6,3,2.0,40.0,10.0,1.0,0
006445,7,1,Urbano,Costa Sur,Ladrillo o Bloque de cemento,Red publica dentro de la vivienda,Mujer,Ocupado,3,3,1.0,41.0,7.0,3.0,0
006446,1,1,Urbano,Costa Centro,Ladrillo o Bloque de cemento,Red publica dentro de la vivienda,Hombre,Ocupado,5,3,1.67,39.0,10.0,3.0,0
006447,12,1,Urbano,Lima Metropolitana,Ladrillo o Bloque de cemento,Red publica dentro de la vivienda,Mujer,Ocupado,2,1,2.0,25.0,10.0,2.0,0
006448,13,1,Urbano,Sierra Sur,Ladrillo o Bloque de cemento,Red publica dentro de la vivienda,Hombre,Ocupado,1,1,1.0,48.0,12.0,3.0,0
006449,13,1,Urbano,Lima Metropolitana,Ladrillo o Bloque de cemento,Red publica dentro de la vivienda,Hombre,Ocupado,4,2,2.0,59.0,11.0,2.0,0
006450,9,1,Urbano,Lima Metropolitana,Ladrillo o Bloque de cemento,Red publica dentro de la vivienda,Hombre,Ocupado,6,4,1.5,41.0,11.0,5.0,1
006451,10,1,Urbano,Sierra Norte,Ladrillo o Bloque de cemento,Red publica dentro de la vivienda,Hombre,Ocupado,4,2,2.0,31.0,15.0,6.0,0
006452,12,1,Urbano,Sierra Norte,Ladrillo o Bloque de cemento,Red publica dentro de la vivienda,Mujer,Ocupado,5,4,1.25,62.0,16.0,5.0,0
006453,2,1,Rural,Sierra Sur,Adobe,"Rio, acequia o manantial",Hombre,Inactivo,5,4,1.25,67.0,4.0,3.0,1
006454,12,1,Urbano,Sierra Norte,Ladrillo o Bloque de cemento,Red publica dentro de la vivienda,Mujer,Ocupado,6,6,1.0,42.0,10.0,3.0,0
006455,2,1,Urbano,Lima Metropolitana,Ladrillo o Bloque de cemento,Red publica fuera de la vivienda,Hombre,Ocupado,5,4,1.25,35.0,12.0,3.0,0
006456,1,1,Urbano,Lima Metropolitana,Ladrillo o Bloque de cemento,Red publica dentro de la vivienda,Hombre,Ocupado,5,5,1.0,46.0,14.0,4.0,0
006457,18,1,Rural,Sierra Sur,Adobe,Pozo,Hombre,Desocupado,3,2,1.5,52.0,8.0,2.0,1
006458,14,1,Urbano,Lima Metropolitana,Ladrillo o Bloque de cemento,Red publica dentro de la vivienda,Hombre,Ocupado,8,5,1.6,42.0,11.0,2.0,0
006459,5,1,Urbano,Selva,Ladrillo o Bloque de cemento,Pozo,Hombre,Ocupado,4,2,2.0,26.0,13.0,5.0,0
006460,16,1,Urbano,Lima Metropolitana,Ladrillo o Bloque de cemento,Red publica dentro de la vivienda,Mujer,Ocupado,6,5,1.2,61.0,11.0,4.0,0
006461,17,1,Urbano,Costa Sur,Ladrillo o Bloque de cemento,Red publica dentro de la vivienda,Hombre,Ocupado,4,3,1.33,51.0,10.0,3.0,0
006462,18,1,Urbano,Lima Metropolitana,Ladrillo o Bloque de cemento,Red publica dentro de la vivienda,Hombre,Inactivo,5,2,2.5,70.0,10.0,4.0,1
006463,9,1,Urbano,Lima Metropolitana,Ladrillo o Bloque de cemento,Red publica dentro de la vivienda,Mujer,Ocupado,6,5,1.2,49.0,16.0,3.0,0
006464,10,1,Rural,Sierra Norte,Adobe,Red publica dentro de la vivienda,Mujer,Inactivo,4,3,1.33,69.0,9.0,,1
006465,10,1,Urbano,Selva,Ladrillo o Bloque de cemento,Red publica dentro de la vivienda,Hombre,Ocupado,5,4,1.25,45.0,12.0,3.0,0
006466,17,1,Urbano,Lima Metropolitana,Ladrillo o Bloque de cemento,Red publica dentro de la vivienda,Hombre,Ocupado,8,6,1.33,40.0,15.0,6.0,0
006467,7,1,Rural,Sierra Norte,Adobe,"Rio, acequia o manantial",Mujer,Ocupado,4,1,4.0,41.0,10.0,3.0,1
006468,13,1,Urbano,Lima Metropolitana,Ladrillo o Bloque de cemento,Red publica fuera de la vivienda,Hombre,Inactivo,3,1,3.0,74.0,15.0,4.0,0
006469,1,1,Urbano,Lima Metropolitana,Madera,Red publica dentro de la vivienda,Mujer,Ocupado,4,4,1.0,45.0,15.0,6.0,0
006470,2,1,Urbano,Lima Metropolitana,,Red publica dentro de la vivienda,Hombre,Inactivo,3,3,1.0,70.0,11.0,4.0,0
006471,5,1,Rural,Sierra Centro,Madera,Red publica fuera de la vivienda,Mujer,Ocupado,4,2,2.0,42.0,2.0,2.0,1
006472,15,1,Rural,Selva,Ladrillo o Bloque de cemento,"Rio, acequia o manantial",Hombre,Ocupado,8,5,1.6,29.0,4.0,3.0,1
006473,11,1,Urbano,Lima Metropolitana,Adobe,Red publica dentro de la vivienda,Hombre,Ocupado,6,3,2.0,58.0,18.0,4.0,0
006474,13,1,Rural,Selva,Madera,Pozo,Hombre,Ocupado,5,3,1.67,39.0,6.0,5.0,1
006475,6,1,Urbano,Costa Centro,Ladrillo o Bloque de cemento,,Hombre,Ocupado,5,3,1.67,52.0,16.0,5.0,0
006476,19,1,Urbano,Costa Norte,Ladrillo o Bloque de cemento,Red publica dentro de la vivienda,Hombre,Ocupado,5,4,1.25,51.0,13.0,6.0,0
006477,16,1,Urbano,Lima Metropolitana,Madera,Red publica dentro de la vivienda,Hombre,Ocupado,8,4,2.0,51.0,12.0,3.0,0
006478,3,1,Urbano,Sierra Sur,Ladrillo o Bloque de cemento,Red publica fuera de la vivienda,Hombre,Inactivo,6,2,3.0,,8.0,5.0,1
006479,9,1,Rural,Sierra Norte,Adobe,Pozo,Mujer,Ocupado,4,2,2.0,52.0,4.0,4.0,0
006480,4,1,Rural,Sierra Centro,Adobe,Red publica dentro de la vivienda,Hombre,Ocupado,6,2,3.0,50.0,6.0,3.0,1
006481,6,1,Urbano,Lima Metropolitana,Ladrillo o Bloque de cemento,Red publica dentro de la vivienda,Hombre,Ocupado,5,4,1.25,43.0,12.0,2.0,0
006482,14,1,Urbano,Sierra Sur,Ladrillo o Bloque de cemento,Red publica dentro de la vivienda,Hombre,Ocupado,6,2,3.0,56.0,13.0,3.0,0
006483,17,1,Urbano,Lima Metropolitana,Ladrillo o Bloque de cemento,Red publica dentro de la vivienda,Hombre,Ocupado,4,2,2.0,54.0,10.0,5.0,0
006484,16,1,Urbano,Lima Metropolitana,Ladrillo o Bloque de cemento,Red publica dentro de la vivienda,Hombre,Ocupado,2,2,1.0,42.0,10.0,5.0,0
006485,2,1,Urbano,Lima Metropolitana,Ladrillo o Bloque de cemento,Red publica dentro de la vivienda,Hombre,Ocupado,4,2,2.0,61.0,15.0,4.0,0
006486,3,1,Urbano,Lima Metropolitana,Otro material,Red publica fuera de la vivienda,Hombre,Ocupado,5,3,1.67,45.0,18.0,5.0,0
006487,11,1,Rural,Sierra Norte,Adobe,Pozo,Hombre,Ocupado,6,1,6.0,56.0,7.0,2.0,1
006488,13,1,Urbano,Lima Metropolitana,Ladrillo o Bloque de cemento,Red publica dentro de la vivienda,Hombre,Ocupado,8,5,1.6,29.0,,6.0,0
006489,18,1,Urbano,Costa Norte,Ladrillo o Bloque de cemento,Red publica dentro de la vivienda,Mujer,Ocupado,5,2,2.5,61.0,11.0,5.0,0
006490,15,1,Urbano,Lima Metropolitana,Ladrillo o Bloque de cemento,Red publica dentro de la vivienda,Hombre,Ocupado,7,5,1.4,38.0,12.0,4.0,0
006491,11,1,Urbano,Sierra Norte,Ladrillo o Bloque de cemento,Red publica dentro de la vivienda,Hombre,Ocupado,7,4,1.75,57.0,10.0,7.0,0
006492,10,1,Urbano,Lima Metropolitana,Madera,Red publica dentro de la vivienda,Mujer,Inactivo,3,2,1.5,66.0,11.0,3.0,1
006493,11,1,Urbano,Lima Metropolitana,Ladrillo o Bloque de cemento,Red publica dentro de la vivienda,Hombre,Ocupado,3,2,1.5,54.0,14.0,8.0,0
006494,2,1,Urbano,Costa Centro,,Red publica dentro de la vivienda,Mujer,Ocupado,4,3,1.33,64.0,13.0,3.0,0
006495,11,1,Urbano,Lima Metropolitana,Ladrillo o Bloque de cemento,Red publica dentro de la vivienda,Hombre,Ocupado,4,3,1.33,33.0,12.0,7.0,0
006496,4,1,Urbano,Costa Norte,Ladrillo o Bloque de cemento,Red publica dentro de la vivienda,Hombre,Ocupado,5,4,1.25,47.0,9.0,5.0,0
006497,19,1,Urbano,Sierra Sur,Ladrillo o Bloque de cemento,Red publica dentro de la vivienda,Hombre,Desocupado,5,5,1.0,39.0,9.0,1.0,1
006498,13,1,Rural,Sierra Sur,Adobe,Otro,Hombre,Ocupado,2,1,2.0,39.0,9.0,7.0,0
006499,13,1,Rural,Sierra Centro,Ladrillo o Bloque de cemento,Red publica fuera de la vivienda,Hombre,Ocupado,5,4,1.25,26.0,4.0,8.0,1
006500,2,1,Urbano,Selva,Ladrillo o Bloque de cemento,"Rio, acequia o manantial",Hombre,Ocupado,6,3,2.0,49.0,8.0,1.0,0
006501,13,1,Urbano,Lima Metropolitana,Ladrillo o Bloque de cemento,Red publica dentro de la vivienda,Mujer,Ocupado,9,8,1.12,61.0,13.0,,0
006502,16,1,Urbano,Sierra Norte,Ladrillo o Bloque de cemento,Red publica dentro de la vivienda,Hombre,Inactivo,4,3,1.33,66.0,11.0,2.0,1
006503,3,1,Urbano,Selva,Madera,Red publica dentro de la vivienda,Hombre,Ocupado,1,1,1.0,33.0,11.0,5.0,0
006504,17,1,Urbano,Lima Metropolitana,Ladrillo o Bloque de cemento,Red publica dentro de la vivienda,Hombre,Ocupado,5,3,1.67,41.0,15.0,5.0,0
006505,5,1,Urbano,Lima Metropolitana,Ladrillo o Bloque de cemento,Red publica dentro de la vivienda,Mujer,Ocupado,2,1,2.0,38.0,12.0,5.0,0
006506,14,1,Urbano,Costa Norte,Ladrillo o Bloque de cemento,Red publica fuera de la vivienda,Hombre,Ocupado,5,4,1.25,37.0,9.0,1.0,0
006507,7,1,Urbano,Lima Metropolitana,Otro material,Red publica dentro de la vivienda,Hombre,Ocupado,6,3,2.0,44.0,13.0,3.0,0
006508,10,1,Rural,Costa Norte,Madera,Red publica dentro de la vivienda,Hombre,Ocupado,4,1,4.0,48.0,4.0,1.0,1
006509,16,1,Urbano,Selva,Ladrillo o Bloque de cemento,Red publica dentro de la vivienda,Hombre,Ocupado,9,5,1.8,44.0,14.0,5.0,1
006510,11,1,Urbano,Selva,Ladrillo o Bloque de cemento,Red publica dentro de la vivienda,Hombre,Ocupado,4,1,4.0,29.0,11.0,2.0,1
006511,10,1,Urbano,Lima Metropolitana,Ladrillo o Bloque de cemento,Red publica dentro de la vivienda,Hombre,Ocupado,7,4,1.75,62.0,9.0,5.0,1
006512,9,1,Urbano,Costa Centro,Ladrillo o Bloque de cemento,Red publica dentro de la vivienda,Hombre,Ocupado,2,1,2.0,50.0,11.0,4.0,1
006513,18,1,Urbano,Costa Centro,Ladrillo o Bloque de cemento,Red publica dentro de la vivienda,Mujer,Ocupado,3,2,1.5,54.0,8.0,1.0,0
006514,11,1,Urbano,Lima Metropolitana,Ladrillo o Bloque de cemento,Red publica dentro de la vivienda,Mujer,Ocupado,5,2,2.5,54.0,16.0,4.0,0
006515,16,1,Urbano,Costa Centro,Adobe,Red publica dentro de la vivienda,Hombre,Ocupado,3,3,1.0,57.0,11.0,5.0,0
006516,15,1,Urbano,Sierra Sur,Ladrillo o Bloque de cemento,Red publica dentro de la vivienda,Hombre,Ocupado,4,3,1.33,50.0,13.0,7.0,0
006517,10,1,Urbano,Lima Metropolitana,Ladrillo o Bloque de cemento,Red publica dentro de la vivienda,Mujer,Desocupado,6,6,1.0,36.0,11.0,5.0,1
006518,10,1,Urbano,Lima Metropolitana,Ladrillo o Bloque de cemento,Red publica dentro de la vivienda,Mujer,Inactivo,3,1,3.0,69.0,12.0,2.0,1
006519,19,1,Rural,Costa Sur,Madera,Red publica fuera de la vivienda,Mujer,Ocupado,8,7,1.14,57.0,8.0,4.0,1
006520,12,1,Urbano,Sierra Norte,Adobe,Red publica dentro de la vivienda,Hombre,Ocupado,7,4,1.75,35.0,10.0,7.0,0
006521,2,1,Urbano,Lima Metropolitana,Adobe,Red publica dentro de la vivienda,Hombre,Ocupado,7,5,1.4,36.0,10.0,2.0,0
006522,14,1,Rural,Sierra Sur,Adobe,Otro,Hombre,Inactivo,3,3,1.0,76.0,9.0,3.0,0
006523,8,1,Rural,Costa Norte,Adobe,"Rio, acequia o manantial",Mujer,Ocupado,3,2,1.5,46.0,7.0,5.0,1
006524,11,1,Urbano,Costa Sur,Ladrillo o Bloque de cemento,Red publica fuera de la vivienda,Hombre,Ocupado,9,4,2.25,39.0,8.0,7.0,0
006525,2,1,Urbano,Sierra Centro,Ladrillo o Bloque de cemento,Red publica dentro de la vivienda,Hombre,Ocupado,6,4,1.5,41.0,10.0,1.0,1
006526,19,1,Urbano,Lima Metropolitana,Ladrillo o Bloque de cemento,Red publica dentro de la vivienda,Mujer,Ocupado,5,4,1.25,54.0,10.0,3.0,1
006527,6,1,Urbano,Sierra Norte,Adobe,Red publica dentro de la vivienda,Hombre,Desocupado,5,5,1.0,41.0,9.0,3.0,1
006528,15,1,Urbano,Costa Norte,Ladrillo o Bloque de cemento,Red publica dentro de la vivienda,Hombre,Ocupado,3,2,1.5,50.0,10.0,4.0,0
006529,16,1,Rural,Selva,Adobe,Red publica dentro de la vivienda,Hombre,Inactivo,6,4,1.5,80.0,6.0,3.0,1
006530,12,1,Rural,Costa Norte,Madera,Otro,Hombre,Ocupado,4,2,2.0,26.0,2.0,4.0,0
006531,7,1,Rural,Sierra Norte,Adobe,"Rio, acequia o manantial",Hombre,Ocupado,3,3,1.0,42.0,5.0,6.0,0
006532,13,1,Urbano,Lima Metropolitana,Ladrillo o Bloque de cemento,Red publica dentro de la vivienda,Hombre,Ocupado,3,2,1.5,49.0,16.0,5.0,0
006533,5,1,Urbano,Lima Metropolitana,Ladrillo o Bloque de cemento,Red publica dentro de la vivienda,Hombre,Ocupado,4,3,1.33,23.0,18.0,5.0,0
006534,18,1,Urbano,Costa Norte,Ladrillo o Bloque de cemento,Red publica dentro de la vivienda,Hombre,Ocupado,9,6,1.5,55.0,7.0,1.0,1
006535,14,1,Urbano,Sierra Sur,Ladrillo o Bloque de cemento,Red publica dentro de la vivienda,Mujer,Ocupado,4,2,2.0,61.0,,6.0,0
006536,4,1,Urbano,Costa Centro,Ladrillo o Bloque de cemento,Red publica dentro de la vivienda,Mujer,Ocupado,4,2,2.0,29.0,18.0,5.0,0
006537,5,1,Urbano,Costa Centro,Ladrillo o Bloque de cemento,Red publica dentro de la vivienda,Hombre,Ocupado,4,3,1.33,47.0,10.0,2.0,0
006538,7,1,Urbano,Selva,Madera,Red publica dentro de la vivienda,Hombre,Ocupado,4,2,2.0,51.0,13.0,3.0,1
006539,15,1,Urbano,Selva,Ladrillo o Bloque de cemento,Red publica dentro de la vivienda,Hombre,Ocupado,2,1,2.0,56.0,14.0,8.0,0
006540,10,1,Urbano,Lima Metropolitana,Ladrillo o Bloque de cemento,Red publica dentro de la vivienda,Mujer,Inactivo,6,6,1.0,85.0,11.0,6.0,0
006541,5,1,Urbano,Lima Metropolitana,Ladrillo o Bloque de cemento,Red publica fuera de la vivienda,Mujer,Ocupado,4,3,1.33,38.0,16.0,7.0,0
006542,17,1,Urbano,Sierra Norte,Ladrillo o Bloque de cemento,Red publica dentro de la vivienda,Hombre,Desocupado,5,4,1.25,56.0,10.0,2.0,1
006543,1,1,Urbano,Lima Metropolitana,Ladrillo o Bloque de cemento,Red publica dentro de la vivienda,Hombre,Ocupado,4,2,2.0,46.0,16.0,6.0,0
006544,13,1,Urbano,Selva,Ladrillo o Bloque de cemento,Red publica dentro de la vivienda,Hombre,Ocupado,9,6,1.5,44.0,16.0,4.0,0
006545,4,1,Rural,Sierra Norte,Adobe,Red publica fuera de la vivienda,Mujer,Desocupado,8,5,1.6,48.0,11.0,2.0,1
006546,13,1,Urbano,Lima Metropolitana,Ladrillo o Bloque de cemento,"Rio, acequia o manantial",Hombre,Ocupado,2,1,2.0,54.0,11.0,5.0,0
006547,6,1,Urbano,Costa Norte,Ladrillo o Bloque de cemento,Red publica dentro de la vivienda,Hombre,Ocupado,4,3,1.33,48.0,13.0,6.0,0
006548,13,1,Rural,Selva,Ladrillo o Bloque de cemento,"Rio, acequia o manantial",Hombre,Ocupado,3,2,1.5,52.0,5.0,4.0,0
006549,9,1,Urbano,Lima Metropolitana,Ladrillo o Bloque de cemento,Red publica dentro de la vivienda,Hombre,Ocupado,8,5,1.6,47.0,9.0,4.0,0
006550,10,1,Rural,Sierra Norte,Ladrillo o Bloque de cemento,"Rio, acequia o manantial",Hombre,Ocupado,3,1,3.0,35.0,6.0,2.0,0
006551,5,1,Urbano,Lima Metropolitana,Ladrillo o Bloque de cemento,Red publica dentro de la vivienda,Hombre,Ocupado,5,4,1.25,60.0,15.0,3.0,0
006552,13,1,Rural,Sierra Norte,Madera,"Rio, acequia o manantial",Hombre,Ocupado,4,2,2.0,62.0,6.0,5.0,1
006553,4,1,Urbano,Lima Metropolitana,Ladrillo o Bloque de cemento,Red publica dentro de la vivienda,Hombre,Ocupado,4,2,2.0,62.0,17.0,4.0,1
006554,4,1,Urbano,Costa Norte,Ladrillo o Bloque de cemento,Red publica dentro de la vivienda,Hombre,Ocupado,6,6,1.0,57.0,11.0,8.0,0
006555,7,1,Urbano,Costa Centro,Ladrillo o Bloque de cemento,Red publica dentro de la vivienda,Hombre,Ocupado,4,3,1.33,37.0,8.0,3.0,0
006556,5,1,Urbano,Sierra Centro,Ladrillo o Bloque de cemento,Red publica fuera de la vivienda,Hombre,Ocupado,7,4,1.75,35.0,10.0,1.0,0
006557,6,1,Urbano,Lima Metropolitana,Ladrillo o Bloque de cemento,Red publica dentro de la vivienda,Hombre,Ocupado,6,6,1.0,61.0,10.0,6.0,0
006558,10,1,Urbano,Costa Centro,Madera,Red publica dentro de la vivienda,Hombre,Ocupado,8,7,1.14,31.0,15.0,4.0,0
006559,1,1,Urbano,Lima Metropolitana,Adobe,Red publica dentro de la vivienda,Hombre,Ocupado,2,2,1.0,38.0,14.0,4.0,0
006560,16,1,Urbano,Costa Sur,Adobe,Red publica dentro de la vivienda,Hombre,Inactivo,7,5,1.4,78.0,11.0,4.0,1
006561,1,1,Rural,Sierra Sur,Otro material,Pozo,Hombre,Ocupado,5,3,1.67,55.0,9.0,2.0,0
006562,16,1,Urbano,Sierra Centro,Ladrillo o Bloque de cemento,Red publica dentro de la vivienda,Hombre,Desocupado,5,4,1.25,50.0,9.0,5.0,1
006563,9,1,Urbano,Costa Centro,Ladrillo o Bloque de cemento,Red publica dentro de la vivienda,Hombre,Ocupado,5,2,2.5,22.0,7.0,4.0,0
006564,8,1,Urbano,Lima Metropolitana,Ladrillo o Bloque de cemento,Red publica dentro de la vivienda,Hombre,Ocupado,5,3,1.67,39.0,8.0,2.0,0
006565,11,1,Urbano,Sierra Sur,Madera,Red publica dentro de la vivienda,Hombre,Ocupado,2,2,1.0,60.0,5.0,3.0,0
006566,3,1,Urbano,Lima Metropolitana,Ladrillo o Bloque de cemento,Red publica dentro de la vivienda,Mujer,Ocupado,1,1,1.0,27.0,9.0,2.0,0
006567,15,1,Urbano,Selva,Madera,Red publica dentro de la vivienda,Mujer,Ocupado,2,2,1.0,54.0,13.0,4.0,0
006568,13,1,Rural,Selva,Adobe,Red publica fuera de la vivienda,Mujer,Ocupado,6,5,1.2,29.0,9.0,3.0,0
006569,14,1,Rural,Selva,Adobe,Red publica dentro de la vivienda,Hombre,Ocupado,4,3,1.33,39.0,4.0,2.0,0
006570,17,1,Urbano,Lima Metropolitana,Ladrillo o Bloque de cemento,Red publica dentro de la vivienda,Hombre,Ocupado,5,3,1.67,26.0,6.0,2.0,1
006571,13,1,Urbano,Lima Metropolitana,Ladrillo o Bloque de cemento,Red publica fuera de la vivienda,Hombre,Ocupado,5,3,1.67,49.0,11.0,4.0,0
006572,7,1,Rural,Selva,Madera,Pozo,Hombre,Ocupado,4,4,1.0,24.0,8.0,2.0,0
006573,1,1,Urbano,Lima Metropolitana,Madera,Red publica dentro de la vivienda,Mujer,Ocupado,6,5,1.2,47.0,15.0,4.0,0
006574,15,1,Rural,Selva,Adobe,"Rio, acequia o manantial",Mujer,Ocupado,5,4,1.25,57.0,7.0,6.0,0
006575,7,1,Rural,Sierra Sur,Adobe,"Rio, acequia o manantial",Mujer,Ocupado,4,3,1.33,51.0,3.0,3.0,1
006576,5,1,Urbano,Lima Metropolitana,Ladrillo o Bloque de cemento,Red publica dentro de la vivienda,Hombre,Ocupado,4,2,2.0,55.0,15.0,5.0,0
006577,2,1,Urbano,Sierra Sur,Ladrillo o Bloque de cemento,Red publica dentro de la vivienda,Hombre,Ocupado,4,2,2.0,51.0,12.0,4.0,0
006578,6,1,Urbano,Lima Metropolitana,Ladrillo o Bloque de cemento,Red publica dentro de la vivienda,Mujer,Ocupado,6,3,2.0,47.0,15.0,3.0,0
006579,14,1,Urbano,Lima Metropolitana,Madera,Red publica dentro de la vivienda,Hombre,Ocupado,2,1,2.0,47.0,10.0,5.0,0
006580,16,1,Urbano,Lima Metropolitana,Ladrillo o Bloque de cemento,Red publica dentro de la vivienda,Hombre,Ocupado,6,1,6.0,52.0,14.0,5.0,1
006581,5,1,Urbano,Lima Metropolitana,Ladrillo o Bloque de cemento,Red publica dentro de la vivienda,Hombre,Ocupado,5,4,1.25,33.0,15.0,6.0,0
006582,3,1,Rural,Selva,Otro material,Pozo,Hombre,Ocupado,5,2,2.5,42.0,2.0,6.0,0
006583,7,1,Urbano,Lima Metropolitana,Ladrillo o Bloque de cemento,Red publica dentro de la vivienda,Hombre,Inactivo,5,3,1.67,,11.0,3.0,0
006584,17,1,Urbano,Costa Centro,Ladrillo o Bloque de cemento,Red publica dentro de la vivienda,Hombre,Ocupado,3,2,1.5,55.0,6.0,5.0,0
006585,16,1,Urbano,Sierra Sur,Ladrillo o Bloque de cemento,Red publica dentro de la vivienda,Hombre,Inactivo,3,3,1.0,65.0,8.0,3.0,0
006586,19,1,Rural,Sierra Norte,Ladrillo o Bloque de cemento,Red publica dentro de la vivienda,Hombre,Ocupado,2,2,1.0,53.0,6.0,4.0,0
006587,11,1,Urbano,Costa Norte,Ladrillo o Bloque de cemento,Red publica fuera de la vivienda,Hombre,Ocupado,8,4,2.0,38.0,6.0,4.0,1
006588,17,1,Urbano,Lima Metropolitana,Adobe,Red publica dentro de la vivienda,Mujer,Ocupado,5,2,2.5,44.0,16.0,5.0,1
006589,1,1,Urbano,Lima Metropolitana,Ladrillo o Bloque de cemento,Red publica dentro de la vivienda,Hombre,Ocupado,4,2,2.0,24.0,,,1
006590,7,1,Urbano,Selva,Ladrillo o Bloque de cemento,Red publica dentro de la vivienda,Hombre,Inactivo,4,3,1.33,67.0,11.0,4.0,0
006591,7,1,Urbano,Sierra Norte,Ladrillo o Bloque de cemento,Red publica dentro de la vivienda,Mujer,Ocupado,8,3,2.67,61.0,9.0,5.0,1
006592,12,1,Urbano,Lima Metropolitana,Ladrillo o Bloque de cemento,Red publica dentro de la vivienda,Mujer,Desocupado,7,4,1.75,36.0,12.0,5.0,1
006593,14,1,Urbano,Sierra Sur,Ladrillo o Bloque de cemento,Red publica fuera de la vivienda,Hombre,Ocupado,6,4,1.5,59.0,16.0,4.0,0
006594,2,1,Urbano,Lima Metropolitana,Ladrillo o Bloque de cemento,Red publica dentro de la vivienda,Hombre,Ocupado,4,1,4.0,57.0,14.0,4.0,0
006595,16,1,Urbano,Lima Metropolitana,Ladrillo o Bloque de cemento,"Rio, acequia o manantial",Hombre,Ocupado,5,4,1.25,49.0,7.0,2.0,0
006596,14,1,Urbano,Sierra Centro,Adobe,Red publica dentro de la vivienda,Hombre,Ocupado,2,1,2.0,55.0,4.0,6.0,0
006597,3,1,Rural,Sierra Norte,Ladrillo o Bloque de cemento,"Rio, acequia o manantial",Mujer,Ocupado,6,5,1.2,56.0,4.0,2.0,0
006598,3,1,Rural,Sierra Norte,Ladrillo o Bloque de cemento,Pozo,Mujer,Ocupado,2,2,1.0,53.0,6.0,1.0,0
006599,5,1,Urbano,Costa Norte,Madera,Red publica dentro de la vivienda,Mujer,Ocupado,5,4,1.25,50.0,6.0,2.0,0
006600,13,1,Urbano,Sierra Centro,Adobe,Red publica dentro de la vivienda,Hombre,Ocupado,4,4,1.0,49.0,10.0,3.0,0
006601,16,1,Urbano,Costa Norte,Madera,Red publica dentro de la vivienda,Mujer,Ocupado,3,2,1.5,40.0,6.0,5.0,0
006602,17,1,Urbano,Costa Centro,Ladrillo o Bloque de cemento,Red publica dentro de la vivienda,Hombre,Ocupado,5,3,1.67,61.0,11.0,7.0,0
006603,11,1,Urbano,Sierra Norte,Ladrillo o Bloque de cemento,Red publica dentro de la vivienda,Hombre,Inactivo,4,2,2.0,76.0,12.0,7.0,1
006604,19,1,Urbano,Costa Centro,Ladrillo o Bloque de cemento,Red publica dentro de la vivienda,Mujer,Ocupado,3,3,1.0,32.0,16.0,3.0,0
006605,16,1,Urbano,Lima Metropolitana,Otro material,Red publica dentro de la vivienda,Mujer,Desocupado,4,3,1.33,48.0,12.0,5.0,0
006606,9,1,Urbano,Costa Centro,Ladrillo o Bloque de cemento,Red publica dentro de la vivienda,Hombre,Ocupado,3,3,1.0,39.0,10.0,2.0,0
006607,13,1,Urbano,Lima Metropolitana,Madera,Pozo,Mujer,Ocupado,5,4,1.25,,17.0,3.0,0
006608,6,1,Urbano,Costa Sur,Ladrillo o Bloque de cemento,Red publica dentro de la vivienda,Hombre,Ocupado,4,3,1.33,54.0,13.0,5.0,0
006609,1,1,Urbano,Costa Centro,Adobe,Red publica dentro de la vivienda,Hombre,Ocupado,5,3,1.67,50.0,11.0,2.0,0
006610,9,1,Urbano,Costa Norte,Ladrillo o Bloque de cemento,Red publica dentro de la vivienda,Hombre,Ocupado,6,2,3.0,40.0,10.0,2.0,1
006611,19,1,Urbano,Lima Metropolitana,Ladrillo o Bloque de cemento,Red publica dentro de la vivienda,Mujer,Ocupado,5,2,2.5,41.0,18.0,6.0,0
006612,7,1,Rural,Sierra Norte,Otro material,Pozo,Hombre,Ocupado,3,3,1.0,37.0,4.0,8.0,0
006613,2,1,Rural,Selva,Adobe,Red publica dentro de la vivienda,Hombre,Ocupado,2,2,1.0,24.0,2.0,2.0,0
006614,18,1,Urbano,Costa Centro,Ladrillo o Bloque de cemento,Red publica fuera de la vivienda,Mujer,Inactivo,7,4,1.75,65.0,10.0,2.0,0
006615,9,1,Urbano,Lima Metropolitana,Ladrillo o Bloque de cemento,Red publica dentro de la vivienda,Mujer,Ocupado,6,2,3.0,57.0,11.0,5.0,0
006616,7,1,Rural,Costa Centro,Adobe,Pozo,Hombre,Inactivo,3,3,1.0,66.0,10.0,1.0,1
006617,8,1,Rural,Sierra Sur,Otro material,Pozo,Hombre,Desocupado,4,2,2.0,43.0,7.0,5.0,1
006618,5,1,Urbano,Lima Metropolitana,Adobe,Red publica dentro de la vivienda,Hombre,Ocupado,2,2,1.0,55.0,15.0,2.0,0
006619,15,1,Rural,Sierra Norte,Adobe,Red publica fuera de la vivienda,Mujer,Ocupado,3,3,1.0,36.0,0.0,4.0,0
006620,3,1,Rural,Sierra Norte,Adobe,"Rio, acequia o manantial",Hombre,Ocupado,2,2,1.0,40.0,5.0,4.0,0
006621,13,1,Urbano,Lima Metropolitana,Ladrillo o Bloque de cemento,Red publica fuera de la vivienda,Mujer,Inactivo,4,2,2.0,77.0,17.0,6.0,0
006622,6,1,Rural,Sierra Norte,Adobe,Red publica dentro de la vivienda,Hombre,Ocupado,3,2,1.5,43.0,3.0,2.0,0
006623,10,1,Urbano,Costa Norte,Ladrillo o Bloque de cemento,Red publica dentro de la vivienda,Hombre,Ocupado,1,1,1.0,61.0,10.0,5.0,0
006624,16,1,Urbano,Sierra Sur,Ladrillo o Bloque de cemento,Red publica dentro de la vivienda,Hombre,Ocupado,5,2,2.5,52.0,14.0,4.0,1
006625,12,1,Urbano,Costa Norte,Adobe,Red publica dentro de la vivienda,Mujer,Ocupado,9,7,1.29,28.0,9.0,5.0,0
006626,16,1,Urbano,Lima Metropolitana,Ladrillo o Bloque de cemento,Red publica fuera de la vivienda,Hombre,Ocupado,4,3,1.33,46.0,15.0,4.0,0
006627,3,1,Urbano,Lima Metropolitana,Ladrillo o Bloque de cemento,Red publica dentro de la vivienda,Mujer,Ocupado,6,4,1.5,53.0,11.0,4.0,0
006628,1,1,Urbano,Selva,Ladrillo o Bloque de cemento,Red publica dentro de la vivienda,Mujer,Ocupado,6,3,2.0,58.0,11.0,4.0,1
006629,11,1,Urbano,Costa Sur,Madera,Red publica dentro de la vivienda,Mujer,Ocupado,6,3,2.0,23.0,13.0,4.0,1
006630,7,1,Urbano,Lima Metropolitana,Ladrillo o Bloque de cemento,Red publica dentro de la vivienda,Hombre,Ocupado,5,4,1.25,34.0,9.0,6.0,1
006631,19,1,Urbano,Lima Metropolitana,Ladrillo o Bloque de cemento,Red publica dentro de la vivienda,Hombre,Ocupado,6,4,1.5,52.0,10.0,4.0,1
006632,19,1,Rural,Costa Norte,Adobe,Red publica dentro de la vivienda,Hombre,Ocupado,3,3,1.0,35.0,9.0,2.0,0
006633,14,1,Urbano,Lima Metropolitana,Ladrillo o Bloque de cemento,Red publica dentro de la vivienda,Mujer,Inactivo,5,2,2.5,65.0,10.0,4.0,0
006634,12,1,Urbano,Selva,Adobe,Red publica dentro de la vivienda,Hombre,Ocupado,6,2,3.0,47.0,11.0,,0
006635,4,1,Urbano,Lima Metropolitana,Ladrillo o Bloque de cemento,Red publica dentro de la vivienda,Hombre,Ocupado,3,1,3.0,55.0,16.0,2.0,0
006636,14,1,Urbano,Sierra Norte,Ladrillo o Bloque de cemento,Red publica dentro de la vivienda,Hombre,Inactivo,7,6,1.17,66.0,11.0,4.0,1
006637,10,1,Urbano,Costa Centro,Ladrillo o Bloque de cemento,Red publica dentro de la vivienda,Hombre,Ocupado,8,4,2.0,31.0,12.0,4.0,1
006638,3,1,Urbano,Lima Metropolitana,Ladrillo o Bloque de cemento,Red publica dentro de la vivienda,Hombre,Ocupado,3,2,1.5,54.0,17.0,5.0,0
006639,11,1,Urbano,Lima Metropolitana,Madera,Red publica dentro de la vivienda,Hombre,Ocupado,2,2,1.0,50.0,18.0,3.0,0
006640,16,1,Urbano,Sierra Centro,Otro material,Red publica dentro de la vivienda,Mujer,Ocupado,9,3,3.0,50.0,11.0,1.0,1
006641,15,1,Urbano,Costa Norte,Ladrillo o Bloque de cemento,Red publica dentro de la vivienda,Hombre,Ocupado,4,3,1.33,45.0,10.0,4.0,0
006642,9,1,Urbano,Lima Metropolitana,Ladrillo o Bloque de cemento,Red publica dentro de la vivienda,Hombre,Ocupado,6,5,1.2,50.0,15.0,3.0,0
006643,6,1,Urbano,Costa Sur,Ladrillo o Bloque de cemento,Red publica fuera de la vivienda,Hombre,Ocupado,5,4,1.25,18.0,9.0,4.0,0
006644,18,1,Urbano,Sierra Centro,Ladrillo o Bloque de cemento,Red publica dentro de la vivienda,Hombre,Inactivo,4,4,1.0,65.0,15.0,6.0,0
006645,10,1,Urbano,Lima Metropolitana,Ladrillo o Bloque de cemento,Red publica dentro de la vivienda,Hombre,Ocupado,7,3,2.33,29.0,11.0,1.0,0
006646,4,1,Urbano,Costa Norte,Adobe,Red publica dentro de la vivienda,Hombre,Inactivo,4,3,1.33,73.0,10.0,,0
006647,13,1,Urbano,Costa Norte,Ladrillo o Bloque de cemento,Red publica dentro de la vivienda,Mujer,Ocupado,2,2,1.0,35.0,8.0,1.0,0
006648,13,1,Urbano,Costa Norte,Ladrillo o Bloque de cemento,Otro,Mujer,Ocupado,4,4,1.0,34.0,8.0,5.0,0
006649,5,1,Urbano,Lima Metropolitana,Ladrillo o Bloque de cemento,Red publica dentro de la vivienda,Mujer,Ocupado,6,5,1.2,54.0,16.0,8.0,0
006650,15,1,Urbano,Sierra Norte,Ladrillo o Bloque de cemento,Red publica dentro de la vivienda,Hombre,Ocupado,3,2,1.5,52.0,12.0,3.0,0
006651,10,1,Urbano,Lima Metropolitana,Ladrillo o Bloque de cemento,Red publica dentro de la vivienda,Mujer,Ocupado,5,3,1.67,54.0,12.0,3.0,0
006652,12,1,Urbano,Lima Metropolitana,Ladrillo o Bloque de cemento,Red publica dentro de la vivienda,Hombre,Ocupado,3,3,1.0,53.0,18.0,3.0,0
006653,13,1,Urbano,Lima Metropolitana,Madera,Red publica dentro de la vivienda,Hombre,Ocupado,3,3,1.0,46.0,13.0,5.0,0
006654,16,1,Urbano,Selva,Ladrillo o Bloque de cemento,Red publica dentro de la vivienda,Mujer,Ocupado,2,2,1.0,43.0,11.0,4.0,0
006655,15,1,Rural,Selva,Adobe,"Rio, acequia o manantial",Hombre,Ocupado,4,4,1.0,56.0,3.0,3.0,0
006656,13,1,Rural,Sierra Centro,Adobe,"Rio, acequia o manantial",Mujer,Ocupado,3,2,1.5,38.0,4.0,6.0,0
006657,11,1,Urbano,Selva,Ladrillo o Bloque de cemento,Red publica dentro de la vivienda,Hombre,Ocupado,7,5,1.4,50.0,8.0,4.0,1
006658,4,1,Urbano,Lima Metropolitana,Ladrillo o Bloque de cemento,Red publica dentro de la vivienda,Hombre,Ocupado,9,5,1.8,24.0,10.0,2.0,0
006659,1,1,Urbano,Lima Metropolitana,Ladrillo o Bloque de cemento,"Rio, acequia o manantial",Hombre,Ocupado,4,3,1.33,52.0,11.0,5.0,0
006660,3,1,Rural,Sierra Sur,Madera,Otro,Mujer,Ocupado,3,2,1.5,49.0,6.0,4.0,0
006661,2,1,Urbano,Sierra Centro,Ladrillo o Bloque de cemento,Red publica fuera de la vivienda,Hombre,Ocupado,3,2,1.5,47.0,13.0,3.0,0
006662,7,1,Urbano,Lima Metropolitana,Ladrillo o Bloque de cemento,Red publica dentro de la vivienda,Hombre,Inactivo,4,3,1.33,72.0,12.0,3.0,0
006663,8,1,Urbano,Costa Centro,Ladrillo o Bloque de cemento,Red publica dentro de la vivienda,Hombre,Inactivo,9,5,1.8,69.0,17.0,7.0,1
006664,9,1,Urbano,Lima Metropolitana,Ladrillo o Bloque de cemento,Red publica fuera de la vivienda,Hombre,Ocupado,8,4,2.0,61.0,15.0,3.0,0
006665,8,1,Rural,Sierra Norte,Madera,Red publica fuera de la vivienda,Mujer,Ocupado,5,3,1.67,60.0,4.0,4.0,0
006666,7,1,Urbano,Lima Metropolitana,Ladrillo o Bloque de cemento,Red publica dentro de la vivienda,Hombre,Ocupado,5,2,2.5,49.0,14.0,2.0,0
006667,12,1,Urbano,Lima Metropolitana,Ladrillo o Bloque de cemento,Red publica dentro de la vivienda,Hombre,Ocupado,1,1,1.0,52.0,13.0,6.0,0
006668,4,1,Urbano,Sierra Sur,Adobe,Otro,Hombre,Ocupado,5,3,1.67,54.0,,,0
006669,9,1,Rural,Costa Sur,Madera,"Rio, acequia o manantial",Mujer,Ocupado,5,2,2.5,56.0,9.0,3.0,0
006670,14,1,Urbano,Lima Metropolitana,Ladrillo o Bloque de cemento,Red publica dentro de la vivienda,Mujer,Ocupado,7,6,1.17,49.0,13.0,3.0,0
006671,13,1,Rural,Sierra Centro,Adobe,Red publica dentro de la vivienda,Hombre,Ocupado,6,2,3.0,56.0,12.0,2.0,1
006672,6,1,Rural,Sierra Norte,Ladrillo o Bloque de cemento,Red publica dentro de la vivienda,Hombre,Ocupado,5,3,1.67,49.0,8.0,7.0,0
006673,11,1,Urbano,Selva,Ladrillo o Bloque de cemento,Red publica dentro de la vivienda,Hombre,Ocupado,2,2,1.0,54.0,13.0,4.0,0
006674,13,1,Rural,Sierra Sur,Ladrillo o Bloque de cemento,,Mujer,Ocupado,5,3,1.67,61.0,11.0,2.0,0
006675,6,1,Urbano,Lima Metropolitana,Ladrillo o Bloque de cemento,Red publica fuera de la vivienda,Hombre,Ocupado,4,4,1.0,,15.0,5.0,0
006676,11,1,Rural,Costa Centro,Madera,Red publica dentro de la vivienda,Hombre,Ocupado,8,5,1.6,50.0,7.0,3.0,0
006677,2,1,Rural,Sierra Sur,Adobe,"Rio, acequia o manantial",Hombre,Ocupado,6,3,2.0,49.0,6.0,1.0,0
006678,6,1,Urbano,Lima Metropolitana,Ladrillo o Bloque de cemento,Red publica dentro de la vivienda,Mujer,Ocupado,3,2,1.5,34.0,,4.0,0
006679,11,1,Rural,Costa Norte,Ladrillo o Bloque de cemento,"Rio, acequia o manantial",Hombre,Inactivo,5,3,1.67,67.0,1.0,5.0,0
006680,11,1,Urbano,Sierra Sur,Ladrillo o Bloque de cemento,Red publica dentro de la vivienda,Hombre,Ocupado,4,3,1.33,36.0,11.0,4.0,0
006681,19,1,Urbano,Lima Metropolitana,Adobe,Red publica dentro de la vivienda,Hombre,Inactivo,3,3,1.0,68.0,11.0,1.0,0
006682,8,1,Urbano,Lima Metropolitana,Ladrillo o Bloque de cemento,Red publica dentro de la vivienda,Hombre,Ocupado,3,2,1.5,29.0,13.0,6.0,0
006683,19,1,Urbano,Selva,Adobe,Red publica dentro de la vivienda,Hombre,Ocupado,9,4,2.25,27.0,14.0,7.0,1
006684,7,1,Urbano,Lima Metropolitana,Ladrillo o Bloque de cemento,Red publica dentro de la vivienda,Hombre,Ocupado,4,4,1.0,43.0,10.0,2.0,0
006685,17,1,Urbano,Costa Sur,Adobe,Red publica dentro de la vivienda,Mujer,Ocupado,6,4,1.5,54.0,6.0,3.0,1
006686,17,1,Urbano,Sierra Centro,Ladrillo o Bloque de cemento,Red publica dentro de la vivienda,Mujer,Ocupado,3,2,1.5,,7.0,3.0,0
006687,5,1,Urbano,Lima Metropolitana,Ladrillo o Bloque de cemento,Red publica dentro de la vivienda,Mujer,Inactivo,7,5,1.4,66.0,9.0,3.0,0
006688,6,1,Urbano,Lima Metropolitana,Madera,Red publica dentro de la vivienda,Hombre,Ocupado,4,3,1.33,37.0,9.0,4.0,0
006689,16,1,Urbano,Selva,Ladrillo o Bloque de cemento,Red publica fuera de la vivienda,Mujer,Ocupado,4,2,2.0,61.0,11.0,3.0,0
006690,11,1,Urbano,Sierra Sur,Ladrillo o Bloque de cemento,Red publica dentro de la vivienda,Hombre,Ocupado,4,4,1.0,25.0,16.0,4.0,0
006691,12,1,Urbano,Sierra Sur,Ladrillo o Bloque de cemento,Red publica dentro de la vivienda,Mujer,Ocupado,5,4,1.25,34.0,13.0,4.0,0
006692,8,1,Rural,Costa Norte,Adobe,Otro,Hombre,Ocupado,2,1,2.0,44.0,9.0,,1
006693,10,1,Urbano,Lima Metropolitana,Ladrillo o Bloque de cemento,Red publica dentro de la vivienda,Mujer,Ocupado,4,4,1.0,33.0,13.0,5.0,0
006694,16,1,Urbano,Lima Metropolitana,Ladrillo o Bloque de cemento,Red publica dentro de la vivienda,Hombre,Ocupado,2,1,2.0,56.0,9.0,4.0,0
006695,12,1,Urbano,Sierra Sur,Ladrillo o Bloque de cemento,Red publica dentro de la vivienda,Hombre,Ocupado,6,3,2.0,39.0,18.0,5.0,1
006696,13,1,Urbano,Sierra Norte,Otro material,Red publica dentro de la vivienda,Hombre,Ocupado,5,5,1.0,62.0,10.0,3.0,0
006697,10,1,Rural,Sierra Centro,Ladrillo o Bloque de cemento,"Rio, acequia o manantial",Hombre,Ocupado,2,2,1.0,60.0,9.0,2.0,1
006698,3,1,Urbano,Costa Centro,Ladrillo o Bloque de cemento,Red publica dentro de la vivienda,Mujer,Ocupado,9,5,1.8,39.0,4.0,6.0,1
006699,15,1,Urbano,Lima Metropolitana,Adobe,Red publica dentro de la vivienda,Hombre,Ocupado,5,3,1.67,43.0,12.0,4.0,0
006700,5,1,Urbano,Selva,Ladrillo o Bloque de cemento,Red publica dentro de la vivienda,Mujer,Ocupado,4,3,1.33,47.0,10.0,5.0,0
006701,5,1,Urbano,Costa Sur,Ladrillo o Bloque de cemento,Red publica fuera de la vivienda,Mujer,Inactivo,2,2,1.0,67.0,10.0,8.0,1
006702,15,1,Urbano,Lima Metropolitana,Ladrillo o Bloque de cemento,Red publica dentro de la vivienda,Hombre,Ocupado,3,2,1.5,35.0,8.0,5.0,0
006703,8,1,Urbano,Lima Metropolitana,Ladrillo o Bloque de cemento,Red publica dentro de la vivienda,Mujer,Ocupado,4,4,1.0,18.0,13.0,4.0,0
006704,5,1,Rural,Costa Centro,Ladrillo o Bloque de cemento,Pozo,Mujer,Ocupado,5,4,1.25,42.0,10.0,2.0,0
006705,9,1,Rural,Sierra Sur,Ladrillo o Bloque de cemento,Red publica fuera de la vivienda,Mujer,Ocupado,4,2,2.0,35.0,13.0,7.0,1
006706,6,1,Rural,Sierra Sur,Madera,Red publica dentro de la vivienda,Hombre,Ocupado,5,3,1.67,27.0,12.0,3.0,0
006707,17,1,Urbano,Costa Centro,Ladrillo o Bloque de cemento,Red publica dentro de la vivienda,Hombre,Ocupado,4,3,1.33,47.0,,2.0,1
006708,12,1,Rural,Selva,Adobe,Pozo,Mujer,Ocupado,5,3,1.67,32.0,12.0,5.0,1
006709,18,1,Urbano,Selva,Ladrillo o Bloque de cemento,Red publica fuera de la vivienda,Hombre,Ocupado,4,2,2.0,53.0,,2.0,0
006710,7,1,Urbano,Costa Centro,Ladrillo o Bloque de cemento,Red publica dentro de la vivienda,Hombre,Ocupado,7,5,1.4,31.0,8.0,4.0,0
006711,9,1,Rural,Costa Centro,Ladrillo o Bloque de cemento,Red publica dentro de la vivienda,Hombre,Inactivo,4,4,1.0,89.0,7.0,5.0,1
006712,11,1,Urbano,Lima Metropolitana,Ladrillo o Bloque de cemento,Red publica dentro de la vivienda,Hombre,Ocupado,3,2,1.5,63.0,8.0,5.0,0
006713,9,1,Urbano,Sierra Norte,Adobe,Red publica dentro de la vivienda,Mujer,Ocupado,2,1,2.0,38.0,13.0,6.0,0
006714,2,1,Urbano,Lima Metropolitana,Ladrillo o Bloque de cemento,Red publica dentro de la vivienda,Mujer,Desocupado,3,2,1.5,37.0,12.0,8.0,1
006715,12,1,Urbano,Lima Metropolitana,Ladrillo o Bloque de cemento,Red publica dentro de la vivienda,Hombre,Ocupado,7,4,1.75,45.0,12.0,5.0,0
006716,9,1,Urbano,Lima Metropolitana,Adobe,Red publica dentro de la vivienda,Hombre,Ocupado,4,2,2.0,58.0,12.0,3.0,0
006717,4,1,Urbano,Lima Metropolitana,Adobe,Red publica dentro de la vivienda,Hombre,Ocupado,5,4,1.25,42.0,5.0,1.0,0
006718,8,1,Urbano,Lima Metropolitana,Ladrillo o Bloque de cemento,Red publica dentro de la vivienda,Hombre,Ocupado,1,1,1.0,32.0,6.0,3.0,0
006719,15,1,Urbano,Lima Metropolitana,Ladrillo o Bloque de cemento,Red publica dentro de la vivienda,Hombre,Ocupado,5,3,1.67,28.0,15.0,3.0,0
006720,15,1,Rural,Sierra Sur,Adobe,Pozo,Hombre,Ocupado,6,4,1.5,48.0,4.0,3.0,1
006721,10,1,Urbano,Sierra Centro,Ladrillo o Bloque de cemento,Red publica dentro de la vivienda,Hombre,Ocupado,3,2,1.5,38.0,14.0,8.0,0
006722,12,1,Rural,Sierra Centro,Madera,Red publica fuera de la vivienda,Mujer,Ocupado,2,2,1.0,52.0,6.0,6.0,0
006723,16,1,Urbano,Sierra Sur,Ladrillo o Bloque de cemento,Red publica dentro de la vivienda,Hombre,Ocupado,3,3,1.0,18.0,6.0,5.0,0
006724,19,1,Urbano,Costa Centro,Ladrillo o Bloque de cemento,Red publica dentro de la vivienda,Mujer,Ocupado,5,3,1.67,55.0,7.0,2.0,0
006725,13,1,Rural,Sierra Sur,Adobe,,Hombre,Ocupado,4,3,1.33,44.0,4.0,5.0,1
006726,15,1,Urbano,Sierra Centro,Ladrillo o Bloque de cemento,Red publica dentro de la vivienda,Hombre,Ocupado,3,2,1.5,23.0,8.0,5.0,0
006727,15,1,Urbano,Costa Norte,Ladrillo o Bloque de cemento,Red publica dentro de la vivienda,Hombre,Ocupado,3,3,1.0,53.0,11.0,4.0,0
006728,12,1,Rural,Sierra Norte,Adobe,Red publica dentro de la vivienda,Hombre,Ocupado,6,2,3.0,55.0,7.0,5.0,0
006729,19,1,Urbano,Lima Metropolitana,Ladrillo o Bloque de cemento,Red publica dentro de la vivienda,Mujer,Ocupado,4,3,1.33,37.0,14.0,5.0,0
006730,13,1,Urbano,Selva,Ladrillo o Bloque de cemento,Red publica dentro de la vivienda,Mujer,Ocupado,4,4,1.0,,12.0,4.0,0
006731,2,1,Urbano,Lima Metropolitana,Ladrillo o Bloque de cemento,Red publica dentro de la vivienda,Hombre,Desocupado,6,3,2.0,29.0,15.0,6.0,1
006732,4,1,Rural,Selva,Otro material,Otro,Mujer,Ocupado,2,2,1.0,18.0,10.0,1.0,0
006733,11,1,Urbano,Lima Metropolitana,Ladrillo o Bloque de cemento,Red publica dentro de la vivienda,Hombre,Ocupado,4,1,4.0,46.0,10.0,6.0,0
006734,4,1,Urbano,Lima Metropolitana,Ladrillo o Bloque de cemento,Red publica dentro de la vivienda,Mujer,Ocupado,5,2,2.5,36.0,7.0,1.0,0
006735,17,1,Urbano,Costa Norte,Ladrillo o Bloque de cemento,Red publica dentro de la vivienda,Hombre,Ocupado,5,4,1.25,31.0,9.0,4.0,0
006736,8,1,Urbano,Lima Metropolitana,Ladrillo o Bloque de cemento,Red publica dentro de la vivienda,Hombre,Ocupado,5,3,1.67,56.0,13.0,8.0,0
006737,19,1,Urbano,Costa Norte,Ladrillo o Bloque de cemento,Red publica dentro de la vivienda,Hombre,Ocupado,5,3,1.67,51.0,9.0,4.0,0
006738,15,1,Urbano,Selva,Ladrillo o Bloque de cemento,Red publica dentro de la vivienda,Hombre,Inactivo,6,4,1.5,71.0,13.0,6.0,1
006739,17,1,Urbano,Lima Metropolitana,Ladrillo o Bloque de cemento,Red publica dentro de la vivienda,Hombre,Ocupado,5,4,1.25,54.0,8.0,4.0,1
006740,1,1,Urbano,Sierra Centro,Otro material,Red publica dentro de la vivienda,Hombre,Ocupado,5,4,1.25,56.0,16.0,5.0,0
006741,7,1,Urbano,Selva,Ladrillo o Bloque de cemento,Red publica dentro de la vivienda,Mujer,Ocupado,3,2,1.5,36.0,14.0,4.0,0
006742,19,1,Urbano,Sierra Centro,Ladrillo o Bloque de cemento,Red publica dentro de la vivienda,Mujer,Ocupado,4,2,2.0,18.0,10.0,6.0,0
006743,17,1,Urbano,Costa Norte,Otro material,Red publica dentro de la vivienda,Mujer,Inactivo,5,5,1.0,76.0,9.0,3.0,1
006744,19,1,Urbano,Costa Norte,Ladrillo o Bloque de cemento,Red publica dentro de la vivienda,Hombre,Ocupado,3,3,1.0,55.0,11.0,3.0,0
006745,8,1,Urbano,Costa Norte,Ladrillo o Bloque de cemento,Red publica dentro de la vivienda,Mujer,Inactivo,4,2,2.0,70.0,15.0,2.0,1
006746,19,1,Urbano,Costa Norte,Ladrillo o Bloque de cemento,Red publica dentro de la vivienda,Hombre,Ocupado,3,2,1.5,31.0,10.0,4.0,0
006747,11,1,Rural,Selva,Adobe,Red publica dentro de la vivienda,Mujer,Ocupado,4,1,4.0,62.0,5.0,3.0,1
006748,15,1,Urbano,Selva,Adobe,Red publica dentro de la vivienda,Hombre,Ocupado,7,5,1.4,52.0,11.0,4.0,0
006749,5,1,Urbano,Sierra Sur,Ladrillo o Bloque de cemento,Red publica fuera de la vivienda,Mujer,Ocupado,9,8,1.12,63.0,7.0,2.0,0
006750,18,1,Urbano,Lima Metropolitana,Ladrillo o Bloque de cemento,Red publica dentro de la vivienda,Hombre,Ocupado,5,4,1.25,56.0,16.0,4.0,0
006751,7,1,Rural,Costa Norte,Adobe,Pozo,Hombre,Ocupado,5,5,1.0,45.0,8.0,5.0,0
006752,9,1,Rural,Sierra Norte,Madera,Red publica dentro de la vivienda,Hombre,Ocupado,6,4,1.5,52.0,9.0,3.0,1
006753,4,1,Urbano,Lima Metropolitana,Ladrillo o Bloque de cemento,Red publica dentro de la vivienda,Hombre,Ocupado,1,1,1.0,43.0,17.0,8.0,0
006754,12,1,Urbano,Lima Metropolitana,Ladrillo o Bloque de cemento,Red publica fuera de la vivienda,Mujer,Ocupado,4,4,1.0,60.0,10.0,4.0,0
006755,1,1,Urbano,Sierra Sur,Ladrillo o Bloque de cemento,Red publica dentro de la vivienda,Hombre,Ocupado,6,3,2.0,37.0,11.0,4.0,0
006756,16,1,Urbano,Costa Norte,Madera,Red publica dentro de la vivienda,Mujer,Ocupado,2,2,1.0,38.0,11.0,2.0,0
006757,5,1,Urbano,Lima Metropolitana,Ladrillo o Bloque de cemento,Pozo,Hombre,Ocupado,5,3,1.67,46.0,18.0,3.0,0
006758,2,1,Urbano,Lima Metropolitana,Ladrillo o Bloque de cemento,Red publica dentro de la vivienda,Hombre,Ocupado,1,1,1.0,57.0,11.0,3.0,0
006759,14,1,Rural,Sierra Sur,Otro material,"Rio, acequia o manantial",Hombre,Ocupado,5,2,2.5,49.0,1.0,5.0,1
006760,16,1,Rural,Sierra Norte,Madera,Pozo,Hombre,Ocupado,3,2,1.5,43.0,5.0,3.0,0
006761,9,1,Urbano,Costa Norte,Ladrillo o Bloque de cemento,Red publica dentro de la vivienda,Hombre,Ocupado,3,2,1.5,63.0,14.0,4.0,0
006762,12,1,Urbano,Selva,Adobe,Red publica dentro de la vivienda,Mujer,Ocupado,3,1,3.0,56.0,13.0,4.0,1
006763,4,1,Urbano,Lima Metropolitana,Ladrillo o Bloque de cemento,Red publica dentro de la vivienda,Hombre,Ocupado,5,3,1.67,42.0,12.0,5.0,0
006764,8,1,Urbano,Lima Metropolitana,Madera,Red publica dentro de la vivienda,Hombre,Ocupado,8,6,1.33,33.0,11.0,2.0,0
006765,5,1,Rural,Sierra Norte,Madera,"Rio, acequia o manantial",Hombre,Ocupado,5,1,5.0,46.0,8.0,3.0,1
006766,14,1,Urbano,Lima Metropolitana,Ladrillo o Bloque de cemento,Red publica fuera de la vivienda,Hombre,Ocupado,4,3,1.33,,14.0,3.0,0
006767,8,1,Urbano,Lima Metropolitana,Ladrillo o Bloque de cemento,Red publica dentro de la vivienda,Hombre,Ocupado,6,5,1.2,37.0,13.0,4.0,0
006768,2,1,Rural,Sierra Sur,Madera,"Rio, acequia o manantial",Mujer,Ocupado,4,3,1.33,58.0,5.0,4.0,0
006769,15,1,Urbano,Lima Metropolitana,Ladrillo o Bloque de cemento,Red publica dentro de la vivienda,Hombre,Ocupado,6,3,2.0,64.0,,4.0,0
006770,8,1,Rural,Sierra Centro,Madera,Red publica fuera de la vivienda,Hombre,Ocupado,5,2,2.5,47.0,5.0,4.0,1
006771,19,1,Rural,Sierra Centro,Otro material,"Rio, acequia o manantial",Hombre,Ocupado,5,5,1.0,48.0,10.0,1.0,0
006772,6,1,Urbano,Selva,Ladrillo o Bloque de cemento,Red publica dentro de la vivienda,Hombre,Ocupado,5,2,2.5,38.0,11.0,3.0,0
006773,7,1,Rural,Sierra Sur,Madera,Pozo,Mujer,Ocupado,1,1,1.0,33.0,4.0,1.0,0
006774,7,1,Urbano,Lima Metropolitana,Otro material,Red publica fuera de la vivienda,Hombre,Ocupado,7,4,1.75,59.0,18.0,4.0,0
006775,17,1,Urbano,Selva,Ladrillo o Bloque de cemento,Red publica dentro de la vivienda,Hombre,Ocupado,6,2,3.0,30.0,9.0,3.0,1
006776,15,1,Rural,Sierra Centro,Adobe,Otro,Mujer,Ocupado,7,5,1.4,39.0,4.0,5.0,1
006777,15,1,Urbano,Sierra Centro,Ladrillo o Bloque de cemento,Red publica dentro de la vivienda,Mujer,Ocupado,4,2,2.0,39.0,7.0,6.0,1
006778,4,1,Rural,Selva,Madera,Red publica dentro de la vivienda,Hombre,Ocupado,5,4,1.25,54.0,4.0,4.0,1
006779,5,1,Urbano,Sierra Centro,Adobe,Red publica dentro de la vivienda,Mujer,Ocupado,5,4,1.25,45.0,13.0,7.0,1
006780,6,1,Rural,Lima Metropolitana,Ladrillo o Bloque de cemento,"Rio, acequia o manantial",Mujer,Ocupado,6,5,1.2,40.0,3.0,6.0,1
006781,10,1,Urbano,Sierra Centro,Madera,Red publica dentro de la vivienda,Hombre,Inactivo,6,5,1.2,67.0,12.0,5.0,0
006782,10,1,Urbano,Sierra Centro,Ladrillo o Bloque de cemento,Red publica dentro de la vivienda,Hombre,Inactivo,3,2,1.5,71.0,9.0,3.0,1
006783,2,1,Urbano,Selva,Ladrillo o Bloque de cemento,,Hombre,Ocupado,5,3,1.67,53.0,8.0,3.0,0
006784,11,1,Urbano,Costa Norte,Madera,Red publica dentro de la vivienda,Hombre,Ocupado,4,3,1.33,50.0,5.0,6.0,1
006785,8,1,Urbano,Lima Metropolitana,Adobe,Red publica dentro de la vivienda,Hombre,Ocupado,4,2,2.0,41.0,12.0,5.0,0
006786,2,1,Rural,Selva,Madera,Red publica fuera de la vivienda,Hombre,Ocupado,2,1,2.0,48.0,1.0,2.0,0
006787,8,1,Urbano,Sierra Sur,Otro material,Red publica dentro de la vivienda,Mujer,Ocupado,5,3,1.67,31.0,10.0,2.0,0
006788,13,1,Urbano,Lima Metropolitana,Ladrillo o Bloque de cemento,Red publica dentro de la vivienda,Hombre,Ocupado,5,3,1.67,62.0,14.0,5.0,0
006789,3,1,Urbano,Lima Metropolitana,Ladrillo o Bloque de cemento,Pozo,Hombre,Ocupado,7,2,3.5,46.0,5.0,5.0,1
006790,14,1,Urbano,Lima Metropolitana,Ladrillo o Bloque de cemento,Red publica dentro de la vivienda,Mujer,Ocupado,2,1,2.0,38.0,15.0,5.0,0
006791,13,1,Urbano,Sierra Centro,Ladrillo o Bloque de cemento,Red publica dentro de la vivienda,Mujer,Ocupado,6,5,1.2,43.0,5.0,2.0,0
006792,12,1,Urbano,Sierra Norte,Ladrillo o Bloque de cemento,Red publica dentro de la vivienda,Hombre,Ocupado,3,1,3.0,58.0,17.0,4.0,0
006793,12,1,Urbano,Lima Metropolitana,Ladrillo o Bloque de cemento,"Rio, acequia o manantial",Mujer,Ocupado,6,5,1.2,44.0,12.0,5.0,0
006794,2,1,Urbano,Selva,Ladrillo o Bloque de cemento,Red publica dentro de la vivienda,Hombre,Ocupado,7,5,1.4,37.0,8.0,1.0,0
006795,1,1,Urbano,Lima Metropolitana,Ladrillo o Bloque de cemento,Red publica dentro de la vivienda,Hombre,Ocupado,6,4,1.5,19.0,13.0,7.0,0
006796,4,1,Urbano,Selva,Adobe,Red publica dentro de la vivienda,Mujer,Desocupado,4,3,1.33,47.0,8.0,4.0,1
006797,1,1,Urbano,Lima Metropolitana,Ladrillo o Bloque de cemento,Red publica dentro de la vivienda,Hombre,Ocupado,4,1,4.0,53.0,5.0,3.0,0
006798,15,1,Rural,Costa Sur,Adobe,Red publica fuera de la vivienda,Hombre,Ocupado,3,2,1.5,41.0,10.0,4.0,0
006799,3,1,Urbano,Selva,Madera,Red publica fuera de la vivienda,Hombre,Ocupado,7,5,1.4,37.0,10.0,6.0,1
006800,9,1,Urbano,Costa Centro,Ladrillo o Bloque de cemento,Red publica fuera de la vivienda,Hombre,Ocupado,6,5,1.2,32.0,11.0,2.0,0
006801,7,1,Rural,Sierra Centro,Adobe,"Rio, acequia o manantial",Hombre,Ocupado,4,1,4.0,43.0,6.0,4.0,1
006802,15,1,Urbano,Lima Metropolitana,Ladrillo o Bloque de cemento,Red publica dentro de la vivienda,Mujer,Ocupado,5,2,2.5,32.0,10.0,2.0,0
006803,14,1,Rural,Sierra Sur,Madera,"Rio, acequia o manantial",Hombre,Ocupado,1,1,1.0,32.0,3.0,4.0,1
006804,3,1,Rural,Sierra Centro,Adobe,"Rio, acequia o manantial",Mujer,Ocupado,3,2,1.5,41.0,9.0,3.0,0
006805,10,1,Urbano,Lima Metropolitana,Ladrillo o Bloque de cemento,Red publica dentro de la vivienda,Hombre,Inactivo,3,2,1.5,74.0,14.0,3.0,1
006806,15,1,Urbano,Lima Metropolitana,Ladrillo o Bloque de cemento,Red publica dentro de la vivienda,Hombre,Inactivo,6,4,1.5,81.0,12.0,5.0,0
006807,14,1,Urbano,Selva,Ladrillo o Bloque de cemento,Red publica dentro de la vivienda,Hombre,Ocupado,6,5,1.2,64.0,14.0,7.0,1
006808,7,1,Rural,Lima Metropolitana,Madera,Red publica dentro de la vivienda,Mujer,Ocupado,2,2,1.0,57.0,8.0,4.0,0
006809,9,1,Rural,Sierra Sur,Madera,Red publica dentro de la vivienda,Hombre,Ocupado,4,4,1.0,21.0,10.0,,1
006810,8,1,Rural,Lima Metropolitana,Adobe,Red publica fuera de la vivienda,Mujer,Inactivo,1,1,1.0,85.0,13.0,2.0,0
006811,11,1,Urbano,Costa Centro,Ladrillo o Bloque de cemento,Red publica dentro de la vivienda,Hombre,Ocupado,6,4,1.5,53.0,14.0,3.0,0
006812,5,1,Rural,Sierra Norte,Madera,Pozo,Hombre,Ocupado,6,4,1.5,33.0,8.0,1.0,1
006813,19,1,Urbano,Sierra Centro,Ladrillo o Bloque de cemento,Red publica dentro de la vivienda,Hombre,Inactivo,3,2,1.5,86.0,8.0,2.0,1
006814,11,1,Rural,Costa Centro,Otro material,Red publica dentro de la vivienda,Hombre,Ocupado,2,2,1.0,47.0,8.0,2.0,1
006815,10,1,Rural,Selva,Ladrillo o Bloque de cemento,Pozo,Mujer,Ocupado,6,3,2.0,60.0,5.0,4.0,0
006816,17,1,Urbano,Costa Sur,Ladrillo o Bloque de cemento,Red publica dentro de la vivienda,Hombre,Ocupado,3,2,1.5,44.0,13.0,5.0,0
006817,2,1,Urbano,Lima Metropolitana,Ladrillo o Bloque de cemento,Red publica fuera de la vivienda,Mujer,Ocupado,6,3,2.0,56.0,18.0,5.0,0
006818,4,1,Urbano,Costa Sur,Ladrillo o Bloque de cemento,Red publica dentro de la vivienda,Hombre,Ocupado,4,2,2.0,58.0,11.0,4.0,0
006819,10,1,Urbano,Costa Centro,Madera,Red publica dentro de la vivienda,Hombre,Ocupado,4,2,2.0,60.0,7.0,3.0,0
006820,13,1,Urbano,Lima Metropolitana,Ladrillo o Bloque de cemento,Red publica dentro de la vivienda,Hombre,Inactivo,4,1,4.0,66.0,15.0,8.0,1
006821,16,1,Urbano,Lima Metropolitana,Ladrillo o Bloque de cemento,Red publica dentro de la vivienda,Hombre,Ocupado,3,2,1.5,50.0,,6.0,0
006822,2,1,Urbano,Lima Metropolitana,Ladrillo o Bloque de cemento,Red publica dentro de la vivienda,Hombre,Ocupado,3,3,1.0,51.0,17.0,8.0,0
006823,14,1,Rural,Sierra Sur,Adobe,Red publica dentro de la vivienda,Hombre,Ocupado,4,3,1.33,,,5.0,0
006824,13,1,Urbano,Costa Norte,Madera,Otro,Hombre,Ocupado,5,4,1.25,33.0,11.0,4.0,0
006825,3,1,Urbano,Selva,Ladrillo o Bloque de cemento,Red publica dentro de la vivienda,Hombre,Ocupado,7,4,1.75,35.0,11.0,5.0,1
006826,7,1,Urbano,Selva,Ladrillo o Bloque de cemento,Red publica dentro de la vivienda,Hombre,Ocupado,4,4,1.0,44.0,12.0,5.0,0
006827,8,1,Urbano,Costa Norte,Ladrillo o Bloque de cemento,Red publica dentro de la vivienda,Hombre,Inactivo,7,3,2.33,66.0,5.0,5.0,1
006828,9,1,Urbano,Lima Metropolitana,Ladrillo o Bloque de cemento,Red publica dentro de la vivienda,Hombre,Ocupado,2,2,1.0,55.0,10.0,,0
006829,12,1,Rural,Selva,Adobe,Red publica dentro de la vivienda,Hombre,Ocupado,3,3,1.0,47.0,10.0,7.0,0
006830,13,1,Urbano,Lima Metropolitana,Ladrillo o Bloque de cemento,Red publica dentro de la vivienda,Hombre,Ocupado,4,4,1.0,44.0,10.0,2.0,0
006831,4,1,Rural,Sierra Sur,Ladrillo o Bloque de cemento,Red publica dentro de la vivienda,Hombre,Ocupado,3,2,1.5,32.0,6.0,2.0,1
006832,14,1,Urbano,Selva,Ladrillo o Bloque de cemento,Red publica dentro de la vivienda,Hombre,Ocupado,4,3,1.33,35.0,10.0,6.0,0
006833,14,1,Urbano,Sierra Norte,Ladrillo o Bloque de cemento,Red publica fuera de la vivienda,Hombre,Desocupado,3,2,1.5,50.0,9.0,4.0,0
006834,19,1,Urbano,Lima Metropolitana,Ladrillo o Bloque de cemento,Red publica dentro de la vivienda,Hombre,Ocupado,9,7,1.29,48.0,12.0,3.0,0
006835,9,1,Urbano,Sierra Centro,Ladrillo o Bloque de cemento,,Hombre,Ocupado,3,3,1.0,59.0,8.0,4.0,0
006836,2,1,Urbano,Costa Centro,Madera,Red publica fuera de la vivienda,Hombre,Ocupado,3,2,1.5,45.0,6.0,3.0,0
006837,6,1,Urbano,Costa Norte,Ladrillo o Bloque de cemento,Red publica dentro de la vivienda,Hombre,Ocupado,4,2,2.0,,,3.0,0
006838,2,1,Urbano,Lima Metropolitana,Ladrillo o Bloque de cemento,Red publica dentro de la vivienda,Mujer,Ocupado,1,1,1.0,27.0,18.0,3.0,0
006839,8,1,Urbano,Lima Metropolitana,Ladrillo o Bloque de cemento,Red publica dentro de la vivienda,Mujer,Ocupado,7,5,1.4,35.0,15.0,6.0,1
006840,14,1,Urbano,Lima Metropolitana,Ladrillo o Bloque de cemento,Red publica dentro de la vivienda,Mujer,Ocupado,5,5,1.0,52.0,15.0,4.0,0
006841,2,1,Urbano,Lima Metropolitana,Adobe,Red publica dentro de la vivienda,Hombre,Ocupado,8,5,1.6,48.0,16.0,3.0,0
006842,12,1,Urbano,Lima Metropolitana,Ladrillo o Bloque de cemento,Red publica dentro de la vivienda,Mujer,Ocupado,6,5,1.2,58.0,13.0,3.0,0
006843,2,1,Urbano,Lima Metropolitana,Adobe,Red publica dentro de la vivienda,Hombre,Ocupado,4,2,2.0,64.0,13.0,2.0,0
006844,16,1,Urbano,Sierra Centro,Adobe,Red publica dentro de la vivienda,Hombre,Inactivo,4,2,2.0,65.0,8.0,5.0,0
006845,18,1,Rural,Selva,Adobe,Red publica dentro de la vivienda,Hombre,Inactivo,3,2,1.5,70.0,9.0,5.0,1
006846,12,1,Rural,Costa Norte,Ladrillo o Bloque de cemento,Red publica dentro de la vivienda,Hombre,Inactivo,7,3,2.33,73.0,7.0,4.0,1
006847,14,1,Urbano,Costa Sur,Ladrillo o Bloque de cemento,Red publica dentro de la vivienda,Hombre,Ocupado,3,2,1.5,43.0,9.0,2.0,0
006848,4,1,Rural,Sierra Sur,Otro material,Pozo,Hombre,Inactivo,6,1,6.0,80.0,5.0,2.0,1
006849,13,1,Urbano,Costa Sur,Ladrillo o Bloque de cemento,Red publica dentro de la vivienda,Hombre,Inactivo,6,3,2.0,88.0,7.0,8.0,1
006850,6,1,Urbano,Lima Metropolitana,Adobe,Red publica dentro de la vivienda,Hombre,Ocupado,2,1,2.0,30.0,14.0,3.0,0
006851,10,1,Urbano,Lima Metropolitana,Madera,Red publica dentro de la vivienda,Hombre,Ocupado,4,2,2.0,40.0,17.0,3.0,0
006852,17,1,Urbano,Sierra Centro,Ladrillo o Bloque de cemento,Red publica dentro de la vivienda,Hombre,Ocupado,4,3,1.33,53.0,7.0,1.0,0
006853,17,1,Urbano,Lima Metropolitana,Ladrillo o Bloque de cemento,Red publica dentro de la vivienda,Hombre,Ocupado,2,2,1.0,51.0,16.0,4.0,0
006854,5,1,Rural,Sierra Centro,Madera,Red publica dentro de la vivienda,Hombre,Ocupado,6,3,2.0,24.0,10.0,3.0,0
006855,16,1,Urbano,Costa Centro,Ladrillo o Bloque de cemento,Red publica dentro de la vivienda,Mujer,Ocupado,5,2,2.5,35.0,7.0,3.0,0
006856,19,1,Urbano,Sierra Centro,Ladrillo o Bloque de cemento,Red publica dentro de la vivienda,Mujer,Ocupado,5,3,1.67,51.0,4.0,4.0,1
006857,4,1,Urbano,Costa Sur,Ladrillo o Bloque de cemento,Red publica dentro de la vivienda,Mujer,Desocupado,6,4,1.5,45.0,11.0,3.0,1
006858,13,1,Rural,Sierra Norte,Adobe,Pozo,Hombre,Ocupado,5,2,2.5,57.0,6.0,4.0,1
006859,1,1,Urbano,Costa Sur,Ladrillo o Bloque de cemento,Red publica dentro de la vivienda,Hombre,Inactivo,4,2,2.0,75.0,10.0,5.0,0
006860,18,1,Urbano,Costa Centro,Ladrillo o Bloque de cemento,Red publica dentro de la vivienda,Hombre,Ocupado,5,2,2.5,31.0,15.0,6.0,0
006861,8,1,Urbano,Costa Sur,Ladrillo o Bloque de cemento,Red publica dentro de la vivienda,Hombre,Inactivo,1,1,1.0,80.0,10.0,3.0,1
006862,12,1,Urbano,Lima Metropolitana,Ladrillo o Bloque de cemento,Red publica dentro de la vivienda,Hombre,Inactivo,2,1,2.0,74.0,18.0,2.0,0
006863,11,1,Urbano,Costa Norte,Ladrillo o Bloque de cemento,Red publica dentro de la vivienda,Hombre,Ocupado,6,2,3.0,24.0,6.0,7.0,1
006864,17,1,Rural,Sierra Norte,Madera,Red publica dentro de la vivienda,Mujer,Ocupado,4,3,1.33,,4.0,3.0,0
006865,9,1,Rural,Selva,Adobe,Red publica dentro de la vivienda,Hombre,Ocupado,2,1,2.0,42.0,4.0,2.0,0
006866,13,1,Rural,Sierra Centro,Adobe,Pozo,Hombre,Ocupado,4,1,4.0,35.0,6.0,1.0,1
006867,8,1,Rural,Selva,Adobe,Red publica dentro de la vivienda,Hombre,Ocupado,3,3,1.0,56.0,11.0,4.0,0
006868,15,1,Rural,Costa Norte,Adobe,Red publica fuera de la vivienda,Mujer,Ocupado,5,2,2.5,57.0,3.0,4.0,1
006869,4,1,Urbano,Lima Metropolitana,Madera,Red publica fuera de la vivienda,Mujer,Ocupado,7,5,1.4,50.0,10.0,5.0,0
006870,10,1,Rural,Selva,,Pozo,Mujer,Ocupado,6,5,1.2,53.0,4.0,2.0,0
006871,1,1,Urbano,Lima Metropolitana,Ladrillo o Bloque de cemento,Red publica dentro de la vivienda,Hombre,Ocupado,6,4,1.5,46.0,12.0,5.0,0
006872,12,1,Urbano,Selva,Ladrillo o Bloque de cemento,Red publica fuera de la vivienda,Mujer,Ocupado,5,4,1.25,54.0,12.0,8.0,1
006873,8,1,Urbano,Sierra Sur,,Red publica dentro de la vivienda,Hombre,Inactivo,4,1,4.0,75.0,10.0,6.0,1
006874,2,1,Urbano,Sierra Centro,Ladrillo o Bloque de cemento,Red publica fuera de la vivienda,Mujer,Ocupado,5,5,1.0,18.0,7.0,3.0,1
006875,12,1,Urbano,Costa Sur,Ladrillo o Bloque de cemento,Red publica dentro de la vivienda,Mujer,Ocupado,4,2,2.0,48.0,11.0,2.0,0
006876,9,1,Urbano,Selva,Adobe,Red publica dentro de la vivienda,Hombre,Ocupado,2,1,2.0,55.0,16.0,6.0,0
006877,9,1,Urbano,Costa Norte,Ladrillo o Bloque de cemento,Red publica dentro de la vivienda,Hombre,Ocupado,3,3,1.0,47.0,14.0,4.0,0
006878,18,1,Rural,Sierra Norte,Ladrillo o Bloque de cemento,Red publica dentro de la vivienda,Hombre,Ocupado,9,4,2.25,52.0,5.0,3.0,0
006879,9,1,Urbano,Lima Metropolitana,Ladrillo o Bloque de cemento,Red publica dentro de la vivienda,Hombre,Inactivo,2,1,2.0,65.0,13.0,3.0,1
006880,3,1,Urbano,Costa Centro,Madera,Red publica dentro de la vivienda,Hombre,Ocupado,4,2,2.0,41.0,13.0,6.0,0
006881,16,1,Rural,Costa Norte,Adobe,Red publica fuera de la vivienda,Hombre,Inactivo,4,4,1.0,79.0,9.0,6.0,0
006882,11,1,Urbano,Lima Metropolitana,Ladrillo o Bloque de cemento,Red publica dentro de la vivienda,Hombre,Desocupado,4,3,1.33,27.0,17.0,8.0,1
006883,12,1,Rural,Sierra Centro,Adobe,Red publica fuera de la vivienda,Mujer,Ocupado,4,3,1.33,57.0,7.0,4.0,1
006884,7,1,Urbano,Lima Metropolitana,Ladrillo o Bloque de cemento,Red publica dentro de la vivienda,Mujer,Ocupado,2,2,1.0,48.0,9.0,1.0,0
006885,12,1,Urbano,Lima Metropolitana,Ladrillo o Bloque de cemento,Red publica dentro de la vivienda,Hombre,Ocupado,3,2,1.5,52.0,8.0,2.0,0
006886,7,1,Urbano,Lima Metropolitana,Ladrillo o Bloque de cemento,Red publica dentro de la vivienda,Hombre,Ocupado,2,2,1.0,59.0,14.0,3.0,0
006887,12,1,Rural,Sierra Sur,Ladrillo o Bloque de cemento,"Rio, acequia o manantial",Hombre,Ocupado,4,2,2.0,39.0,2.0,2.0,1
006888,3,1,Urbano,Sierra Norte,Ladrillo o Bloque de cemento,Red publica dentro de la vivienda,Hombre,Ocupado,3,1,3.0,63.0,14.0,3.0,0
006889,8,1,Urbano,Selva,Adobe,Red publica dentro de la vivienda,Mujer,Inactivo,3,2,1.5,76.0,9.0,4.0,0
006890,19,1,Urbano,Lima Metropolitana,Ladrillo o Bloque de cemento,,Hombre,Ocupado,9,4,2.25,44.0,9.0,2.0,0
006891,12,1,Urbano,Lima Metropolitana,Ladrillo o Bloque de cemento,Red publica dentro de la vivienda,Hombre,Ocupado,5,3,1.67,41.0,14.0,4.0,0
006892,4,1,Rural,Sierra Norte,Adobe,Red publica dentro de la vivienda,Hombre,Inactivo,1,1,1.0,,3.0,3.0,0
006893,18,1,Rural,Costa Norte,Adobe,Red publica dentro de la vivienda,Hombre,Ocupado,3,2,1.5,62.0,8.0,2.0,0
006894,10,1,Urbano,Costa Sur,Ladrillo o Bloque de cemento,Red publica fuera de la vivienda,Hombre,Ocupado,5,4,1.25,26.0,12.0,5.0,0
006895,4,1,Urbano,Costa Centro,Ladrillo o Bloque de cemento,,Hombre,Ocupado,6,5,1.2,56.0,5.0,1.0,0
006896,15,1,Urbano,Costa Centro,Ladrillo o Bloque de cemento,Red publica fuera de la vivienda,Hombre,Ocupado,4,3,1.33,59.0,16.0,3.0,0
006897,10,1,Urbano,Lima Metropolitana,Madera,Red publica dentro de la vivienda,Hombre,Desocupado,3,3,1.0,47.0,17.0,4.0,1
006898,5,1,Rural,Costa Norte,Adobe,Red publica dentro de la vivienda,Hombre,Inactivo,3,3,1.0,69.0,10.0,5.0,1
006899,17,1,Rural,Selva,Adobe,Pozo,Mujer,Ocupado,4,1,4.0,26.0,10.0,7.0,0
006900,7,1,Urbano,Lima Metropolitana,Ladrillo o Bloque de cemento,Red publica dentro de la vivienda,Hombre,Ocupado,6,4,1.5,18.0,10.0,2.0,1
006901,6,1,Urbano,Sierra Centro,Ladrillo o Bloque de cemento,Red publica dentro de la vivienda,Hombre,Ocupado,3,1,3.0,63.0,15.0,8.0,1
006902,14,1,Rural,Selva,Madera,Red publica fuera de la vivienda,Hombre,Ocupado,4,1,4.0,37.0,9.0,1.0,1
006903,3,1,Urbano,Lima Metropolitana,Ladrillo o Bloque de cemento,Red publica dentro de la vivienda,Hombre,Ocupado,2,1,2.0,48.0,6.0,2.0,0
006904,11,1,Rural,Sierra Norte,Madera,Otro,Hombre,Ocupado,4,3,1.33,32.0,3.0,4.0,0
006905,12,1,Rural,Sierra Sur,Adobe,,Hombre,Ocupado,6,4,1.5,60.0,4.0,6.0,0
006906,2,1,Urbano,Lima Metropolitana,Ladrillo o Bloque de cemento,,Hombre,Ocupado,5,4,1.25,53.0,17.0,4.0,0
006907,19,1,Urbano,Lima Metropolitana,Ladrillo o Bloque de cemento,Red publica dentro de la vivienda,Hombre,Ocupado,2,2,1.0,46.0,,1.0,0
006908,11,1,Urbano,Lima Metropolitana,Ladrillo o Bloque de cemento,Red publica dentro de la vivienda,Mujer,Ocupado,5,3,1.67,31.0,11.0,2.0,0
006909,8,1,Urbano,Lima Metropolitana,Ladrillo o Bloque de cemento,Red publica dentro de la vivienda,Hombre,Ocupado,6,2,3.0,46.0,8.0,5.0,0
006910,1,1,Urbano,Sierra Centro,Ladrillo o Bloque de cemento,Red publica dentro de la vivienda,Hombre,Ocupado,4,1,4.0,53.0,9.0,4.0,1
006911,10,1,Urbano,Lima Metropolitana,Ladrillo o Bloque de cemento,Red publica dentro de la vivienda,Hombre,Ocupado,3,3,1.0,41.0,16.0,4.0,0
006912,18,1,Rural,Selva,Ladrillo o Bloque de cemento,Pozo,Hombre,Ocupado,5,3,1.67,41.0,2.0,3.0,1
006913,8,1,Urbano,Lima Metropolitana,Ladrillo o Bloque de cemento,Red publica dentro de la vivienda,Hombre,Ocupado,4,2,2.0,48.0,14.0,4.0,0
006914,3,1,Urbano,Lima Metropolitana,Ladrillo o Bloque de cemento,Red publica dentro de la vivienda,Hombre,Desocupado,6,3,2.0,57.0,10.0,5.0,1
006915,6,1,Urbano,Lima Metropolitana,Adobe,Red publica dentro de la vivienda,Mujer,Ocupado,8,6,1.33,54.0,18.0,3.0,0
006916,9,1,Urbano,Lima Metropolitana,Ladrillo o Bloque de cemento,Red publica dentro de la vivienda,Mujer,Ocupado,5,2,2.5,64.0,13.0,8.0,0
006917,19,1,Urbano,Sierra Centro,Ladrillo o Bloque de cemento,Red publica dentro de la vivienda,Mujer,Desocupado,6,1,6.0,47.0,11.0,3.0,1
006918,7,1,Urbano,Lima Metropolitana,Ladrillo o Bloque de cemento,Red publica fuera de la vivienda,Hombre,Ocupado,5,3,1.67,62.0,11.0,6.0,0
006919,18,1,Urbano,Sierra Norte,Ladrillo o Bloque de cemento,Red publica dentro de la vivienda,Hombre,Ocupado,6,5,1.2,32.0,12.0,8.0,0
006920,10,1,Urbano,Selva,Ladrillo o Bloque de cemento,"Rio, acequia o manantial",Mujer,Ocupado,3,3,1.0,54.0,6.0,2.0,0
006921,15,1,Urbano,Lima Metropolitana,Ladrillo o Bloque de cemento,Pozo,Hombre,Ocupado,4,2,2.0,53.0,13.0,6.0,0
006922,3,1,Urbano,Lima Metropolitana,Ladrillo o Bloque de cemento,Red publica dentro de la vivienda,Hombre,Inactivo,6,3,2.0,81.0,11.0,5.0,1
006923,12,1,Rural,Sierra Sur,Ladrillo o Bloque de cemento,,Mujer,Ocupado,4,3,1.33,39.0,4.0,2.0,0
006924,14,1,Rural,Selva,Ladrillo o Bloque de cemento,"Rio, acequia o manantial",Hombre,Ocupado,4,3,1.33,31.0,13.0,4.0,0
006925,7,1,Rural,Sierra Centro,,"Rio, acequia o manantial",Hombre,Ocupado,6,3,2.0,37.0,11.0,8.0,1
006926,16,1,Urbano,Costa Centro,Otro material,Red publica fuera de la vivienda,Mujer,Desocupado,4,3,1.33,39.0,,4.0,1
006927,3,1,Rural,Sierra Norte,Adobe,Red publica dentro de la vivienda,Hombre,Ocupado,3,1,3.0,54.0,9.0,3.0,0
006928,16,1,Urbano,Lima Metropolitana,Ladrillo o Bloque de cemento,Red publica dentro de la vivienda,Hombre,Ocupado,7,4,1.75,30.0,14.0,5.0,0
006929,15,1,Rural,Sierra Norte,Adobe,"Rio, acequia o manantial",Mujer,Ocupado,4,2,2.0,53.0,11.0,4.0,0
006930,8,1,Urbano,Lima Metropolitana,Ladrillo o Bloque de cemento,Otro,Hombre,Ocupado,6,6,1.0,48.0,14.0,4.0,0
006931,9,1,Rural,Sierra Norte,Madera,"Rio, acequia o manantial",Hombre,Ocupado,1,1,1.0,61.0,,4.0,0
006932,1,1,Urbano,Lima Metropolitana,Ladrillo o Bloque de cemento,Red publica dentro de la vivienda,Hombre,Ocupado,5,2,2.5,57.0,17.0,5.0,0
006933,16,1,Urbano,Selva,Ladrillo o Bloque de cemento,Red publica dentro de la vivienda,Mujer,Ocupado,8,3,2.67,60.0,14.0,4.0,1
006934,11,1,Urbano,Lima Metropolitana,Ladrillo o Bloque de cemento,Otro,Hombre,Ocupado,2,1,2.0,55.0,14.0,3.0,0
006935,14,1,Urbano,Lima Metropolitana,Madera,Red publica dentro de la vivienda,Hombre,Ocupado,4,2,2.0,64.0,15.0,6.0,0
006936,16,1,Urbano,Lima Metropolitana,,Red publica fuera de la vivienda,Hombre,Ocupado,6,2,3.0,27.0,13.0,3.0,0
006937,16,1,Urbano,Lima Metropolitana,Ladrillo o Bloque de cemento,Red publica dentro de la vivienda,Mujer,Ocupado,4,3,1.33,28.0,14.0,5.0,0
006938,16,1,Rural,Selva,Adobe,,Hombre,Ocupado,6,5,1.2,48.0,8.0,2.0,1
006939,15,1,Urbano,Costa Norte,Madera,Red publica dentro de la vivienda,Hombre,Ocupado,3,2,1.5,49.0,7.0,8.0,0
006940,13,1,Rural,Sierra Norte,Adobe,Red publica dentro de la vivienda,Mujer,Ocupado,2,1,2.0,34.0,4.0,5.0,0
006941,14,1,Urbano,Lima Metropolitana,Ladrillo o Bloque de cemento,Red publica dentro de la vivienda,Mujer,Ocupado,2,1,2.0,56.0,15.0,7.0,0
006942,5,1,Urbano,Sierra Sur,Ladrillo o Bloque de cemento,Red publica dentro de la vivienda,Hombre,Ocupado,7,5,1.4,30.0,11.0,1.0,0
006943,4,1,Urbano,Selva,Ladrillo o Bloque de cemento,Red publica dentro de la vivienda,Hombre,Ocupado,4,2,2.0,44.0,,4.0,0
006944,7,1,Rural,Selva,Adobe,Pozo,Hombre,Ocupado,5,4,1.25,48.0,7.0,2.0,0
006945,9,1,Urbano,Sierra Centro,Adobe,Red publica dentro de la vivienda,Hombre,Ocupado,7,3,2.33,56.0,5.0,6.0,1
006946,9,1,Urbano,Lima Metropolitana,Madera,Red publica dentro de la vivienda,Mujer,Ocupado,2,2,1.0,41.0,12.0,4.0,0
006947,9,1,Urbano,Lima Metropolitana,Ladrillo o Bloque de cemento,Red publica dentro de la vivienda,Mujer,Inactivo,6,4,1.5,65.0,12.0,5.0,0
006948,9,1,Urbano,Lima Metropolitana,Ladrillo o Bloque de cemento,Red publica dentro de la vivienda,Hombre,Inactivo,3,2,1.5,72.0,13.0,4.0,1
006949,7,1,Urbano,Lima Metropolitana,Ladrillo o Bloque de cemento,Red publica fuera de la vivienda,Hombre,Inactivo,3,3,1.0,70.0,15.0,4.0,0
006950,16,1,Urbano,Lima Metropolitana,Ladrillo o Bloque de cemento,Red publica dentro de la vivienda,Mujer,Inactivo,4,3,1.33,73.0,11.0,5.0,0
006951,16,1,Urbano,Selva,Ladrillo o Bloque de cemento,Red publica fuera de la vivienda,Hombre,Ocupado,6,3,2.0,63.0,15.0,4.0,1
006952,4,1,Urbano,Lima Metropolitana,Ladrillo o Bloque de cemento,"Rio, acequia o manantial",Hombre,Ocupado,6,4,1.5,57.0,9.0,3.0,0
006953,11,1,Urbano,Costa Centro,Ladrillo o Bloque de cemento,Red publica dentro de la vivienda,Hombre,Ocupado,9,4,2.25,38.0,,2.0,0
006954,7,1,Urbano,Lima Metropolitana,Ladrillo o Bloque de cemento,Red publica fuera de la vivienda,Mujer,Ocupado,7,4,1.75,40.0,11.0,3.0,0
006955,10,1,Urbano,Lima Metropolitana,Ladrillo o Bloque de cemento,Red publica dentro de la vivienda,Hombre,Ocupado,5,3,1.67,61.0,,8.0,0
006956,6,1,Rural,Sierra Sur,Adobe,Red publica dentro de la vivienda,Hombre,Ocupado,7,4,1.75,23.0,7.0,2.0,0
006957,11,1,Rural,Sierra Norte,Adobe,Pozo,Hombre,Inactivo,3,2,1.5,67.0,3.0,6.0,1
006958,7,1,Rural,Selva,Adobe,"Rio, acequia o manantial",Hombre,Ocupado,6,3,2.0,40.0,7.0,3.0,0
006959,5,1,Urbano,Sierra Centro,Ladrillo o Bloque de cemento,Red publica dentro de la vivienda,Hombre,Ocupado,3,2,1.5,41.0,12.0,2.0,0
006960,6,1,Urbano,Lima Metropolitana,Ladrillo o Bloque de cemento,Red publica dentro de la vivienda,Hombre,Desocupado,7,3,2.33,59.0,13.0,5.0,1
006961,9,1,Rural,Sierra Centro,Ladrillo o Bloque de cemento,Pozo,Mujer,Ocupado,5,3,1.67,52.0,8.0,6.0,0
006962,18,1,Rural,Costa Centro,Ladrillo o Bloque de cemento,Pozo,Hombre,Ocupado,5,3,1.67,42.0,6.0,3.0,0
006963,5,1,Rural,Selva,Madera,Red publica fuera de la vivienda,Mujer,Ocupado,5,2,2.5,,5.0,3.0,1
006964,17,1,Urbano,Sierra Centro,Ladrillo o Bloque de cemento,Red publica dentro de la vivienda,Hombre,Ocupado,3,2,1.5,27.0,6.0,6.0,0
006965,8,1,Urbano,Costa Norte,Ladrillo o Bloque de cemento,Red publica dentro de la vivienda,Mujer,Ocupado,5,3,1.67,18.0,13.0,7.0,0
006966,15,1,Urbano,Selva,Ladrillo o Bloque de cemento,Red publica dentro de la vivienda,Hombre,Inactivo,4,4,1.0,68.0,13.0,5.0,1
006967,13,1,Urbano,Selva,Ladrillo o Bloque de cemento,Red publica dentro de la vivienda,Hombre,Ocupado,4,2,2.0,,17.0,4.0,1
006968,13,1,Urbano,Costa Centro,,Red publica dentro de la vivienda,Hombre,Ocupado,3,2,1.5,36.0,11.0,5.0,0
006969,5,1,Urbano,Selva,Madera,Red publica dentro de la vivienda,Hombre,Ocupado,3,1,3.0,59.0,12.0,5.0,0
006970,5,1,Urbano,Selva,Ladrillo o Bloque de cemento,Pozo,Hombre,Ocupado,3,1,3.0,37.0,11.0,6.0,0
006971,14,1,Urbano,Lima Metropolitana,Ladrillo o Bloque de cemento,Red publica dentro de la vivienda,Hombre,Ocupado,3,3,1.0,37.0,15.0,6.0,0
006972,15,1,Urbano,Sierra Centro,Ladrillo o Bloque de cemento,Pozo,Hombre,Inactivo,2,1,2.0,65.0,9.0,1.0,1
006973,7,1,Rural,Sierra Norte,Adobe,Red publica fuera de la vivienda,Hombre,Ocupado,3,2,1.5,58.0,7.0,,0
006974,2,1,Urbano,Lima Metropolitana,Ladrillo o Bloque de cemento,Red publica dentro de la vivienda,Mujer,Ocupado,4,3,1.33,51.0,13.0,7.0,0
006975,7,1,Rural,Selva,Ladrillo o Bloque de cemento,Pozo,Hombre,Ocupado,5,1,5.0,40.0,9.0,3.0,1
006976,15,1,Urbano,Costa Norte,Ladrillo o Bloque de cemento,Red publica dentro de la vivienda,Mujer,Ocupado,4,3,1.33,51.0,18.0,6.0,0
006977,13,1,Urbano,Lima Metropolitana,,Red publica dentro de la vivienda,Hombre,Ocupado,4,4,1.0,56.0,14.0,3.0,0
006978,10,1,Urbano,Costa Sur,Ladrillo o Bloque de cemento,Red publica dentro de la vivienda,Hombre,Ocupado,6,5,1.2,52.0,6.0,2.0,0
006979,14,1,Urbano,Lima Metropolitana,Madera,Red publica dentro de la vivienda,Mujer,Inactivo,5,3,1.67,65.0,9.0,2.0,1
006980,8,1,Urbano,Lima Metropolitana,Ladrillo o Bloque de cemento,Red publica dentro de la vivienda,Hombre,Ocupado,4,2,2.0,34.0,16.0,6.0,0
006981,2,1,Urbano,Lima Metropolitana,Ladrillo o Bloque de cemento,Pozo,Hombre,Ocupado,4,2,2.0,44.0,7.0,5.0,0
006982,7,1,Urbano,Lima Metropolitana,Ladrillo o Bloque de cemento,Red publica dentro de la vivienda,Mujer,Ocupado,8,5,1.6,56.0,14.0,3.0,0
006983,12,1,Urbano,Sierra Norte,Ladrillo o Bloque de cemento,Red publica dentro de la vivienda,Hombre,Ocupado,9,5,1.8,40.0,9.0,4.0,1
006984,16,1,Urbano,Lima Metropolitana,Ladrillo o Bloque de cemento,Red publica dentro de la vivienda,Mujer,Ocupado,7,6,1.17,61.0,18.0,6.0,0
006985,5,1,Urbano,Sierra Norte,Ladrillo o Bloque de cemento,Red publica dentro de la vivienda,Hombre,Inactivo,5,2,2.5,67.0,7.0,3.0,1
006986,15,1,Urbano,Lima Metropolitana,Adobe,Red publica dentro de la vivienda,Hombre,Ocupado,5,3,1.67,49.0,10.0,3.0,0
006987,2,1,Urbano,Selva,Adobe,Red publica dentro de la vivienda,Mujer,Ocupado,3,3,1.0,53.0,14.0,3.0,0
006988,2,1,Urbano,Costa Norte,Otro material,Red publica dentro de la vivienda,Hombre,Ocupado,8,7,1.14,45.0,10.0,3.0,0
006989,11,1,Urbano,Costa Norte,Ladrillo o Bloque de cemento,Red publica dentro de la vivienda,Hombre,Ocupado,3,3,1.0,44.0,9.0,3.0,0
006990,18,1,Urbano,Costa Norte,Ladrillo o Bloque de cemento,Red publica dentro de la vivienda,Mujer,Inactivo,3,3,1.0,66.0,8.0,6.0,0
006991,14,1,Urbano,Costa Centro,Ladrillo o Bloque de cemento,Red publica dentro de la vivienda,Hombre,Ocupado,5,2,2.5,36.0,9.0,6.0,0
006992,11,1,Rural,Sierra Norte,Adobe,Pozo,Hombre,Ocupado,6,2,3.0,60.0,4.0,6.0,0
006993,6,1,Urbano,Lima Metropolitana,Ladrillo o Bloque de cemento,Red publica dentro de la vivienda,Hombre,Desocupado,5,4,1.25,41.0,12.0,7.0,1
006994,11,1,Rural,Selva,Ladrillo o Bloque de cemento,"Rio, acequia o manantial",Hombre,Ocupado,2,2,1.0,36.0,13.0,4.0,0
006995,7,1,Urbano,Lima Metropolitana,Ladrillo o Bloque de cemento,Red publica dentro de la vivienda,Hombre,Ocupado,4,1,4.0,62.0,18.0,4.0,1
006996,11,1,Urbano,Lima Metropolitana,Ladrillo o Bloque de cemento,Red publica dentro de la vivienda,Hombre,Ocupado,5,4,1.25,58.0,,4.0,0
006997,9,1,Urbano,Lima Metropolitana,Ladrillo o Bloque de cemento,Red publica dentro de la vivienda,Mujer,Ocupado,4,3,1.33,39.0,,4.0,0
006998,10,1,Rural,Sierra Centro,Adobe,Red publica fuera de la vivienda,Hombre,Desocupado,9,7,1.29,46.0,9.0,2.0,1
006999,2,1,Urbano,Lima Metropolitana,Ladrillo o Bloque de cemento,Red publica dentro de la vivienda,Mujer,Ocupado,9,6,1.5,46.0,13.0,4.0,0
007000,2,1,Urbano,Lima Metropolitana,Adobe,Red publica dentro de la vivienda,Hombre,Ocupado,8,6,1.33,51.0,10.0,1.0,0
007001,6,1,Urbano,Lima Metropolitana,Ladrillo o Bloque de cemento,Red publica dentro de la vivienda,Mujer,Ocupado,4,3,1.33,41.0,7.0,6.0,0
007002,6,1,Urbano,Lima Metropolitana,Ladrillo o Bloque de cemento,Red publica dentro de la vivienda,Mujer,Inactivo,6,3,2.0,72.0,7.0,3.0,1
007003,13,1,Rural,Selva,Madera,Red publica dentro de la vivienda,Mujer,Ocupado,9,5,1.8,32.0,7.0,4.0,1
007004,6,1,Urbano,Selva,Otro material,Red publica dentro de la vivienda,Hombre,Ocupado,5,5,1.0,27.0,7.0,4.0,0
007005,14,1,Urbano,Lima Metropolitana,Madera,Pozo,Mujer,Ocupado,3,1,3.0,46.0,10.0,3.0,1
007006,13,1,Rural,Sierra Sur,Adobe,Red publica dentro de la vivienda,Hombre,Ocupado,2,1,2.0,20.0,,2.0,0
007007,16,1,Urbano,Lima Metropolitana,Adobe,Red publica dentro de la vivienda,Hombre,Ocupado,3,3,1.0,37.0,5.0,3.0,0
007008,11,1,Urbano,Costa Norte,Ladrillo o Bloque de cemento,Red publica dentro de la vivienda,Mujer,Ocupado,6,6,1.0,39.0,16.0,3.0,0
007009,17,1,Urbano,Costa Norte,Ladrillo o Bloque de cemento,Red publica fuera de la vivienda,Hombre,Ocupado,3,3,1.0,48.0,11.0,4.0,0
007010,4,1,Rural,Selva,Madera,Pozo,Mujer,Ocupado,7,6,1.17,45.0,5.0,6.0,1
007011,13,1,Rural,Costa Norte,Adobe,Pozo,Hombre,Ocupado,3,2,1.5,51.0,4.0,5.0,1
007012,16,1,Urbano,Lima Metropolitana,Ladrillo o Bloque de cemento,Red publica dentro de la vivienda,Mujer,Ocupado,6,3,2.0,37.0,14.0,5.0,0
007013,13,1,Urbano,Costa Norte,Ladrillo o Bloque de cemento,Red publica fuera de la vivienda,Hombre,Ocupado,8,6,1.33,43.0,8.0,3.0,0
007014,9,1,Urbano,Lima Metropolitana,Ladrillo o Bloque de cemento,Red publica dentro de la vivienda,Hombre,Ocupado,5,3,1.67,56.0,,4.0,0
007015,6,1,Rural,Sierra Norte,Adobe,Pozo,Mujer,Ocupado,3,3,1.0,18.0,9.0,4.0,0
007016,6,1,Urbano,Lima Metropolitana,Ladrillo o Bloque de cemento,Otro,Hombre,Ocupado,4,2,2.0,54.0,10.0,3.0,0
007017,18,1,Rural,Sierra Centro,Adobe,Pozo,Hombre,Ocupado,7,4,1.75,18.0,6.0,3.0,0
007018,10,1,Urbano,Costa Norte,Ladrillo o Bloque de cemento,Red publica dentro de la vivienda,Hombre,Ocupado,8,5,1.6,48.0,15.0,4.0,1
007019,9,1,Rural,Costa Norte,Madera,Pozo,Mujer,Ocupado,5,3,1.67,55.0,8.0,4.0,0
007020,11,1,Rural,Selva,Madera,Pozo,Mujer,Ocupado,2,2,1.0,52.0,6.0,3.0,0
007021,14,1,Urbano,Lima Metropolitana,Ladrillo o Bloque de cemento,Red publica dentro de la vivienda,Hombre,Ocupado,3,3,1.0,39.0,10.0,2.0,0
007022,16,1,Urbano,Lima Metropolitana,Ladrillo o Bloque de cemento,Red publica fuera de la vivienda,Mujer,Ocupado,5,5,1.0,52.0,12.0,4.0,0
007023,5,1,Urbano,Sierra Centro,Ladrillo o Bloque de cemento,Red publica dentro de la vivienda,Hombre,Ocupado,5,1,5.0,35.0,10.0,4.0,1
007024,18,1,Urbano,Sierra Sur,Ladrillo o Bloque de cemento,Red publica dentro de la vivienda,Hombre,Inactivo,2,1,2.0,67.0,12.0,3.0,0
007025,10,1,Urbano,Costa Centro,Otro material,Red publica dentro de la vivienda,Mujer,Ocupado,4,2,2.0,60.0,10.0,2.0,0
007026,9,1,Urbano,Selva,Ladrillo o Bloque de cemento,Red publica dentro de la vivienda,Hombre,Ocupado,4,4,1.0,35.0,8.0,2.0,0
007027,12,1,Rural,Selva,Adobe,Pozo,Mujer,Inactivo,9,6,1.5,67.0,10.0,3.0,1
007028,11,1,Rural,Sierra Norte,Otro material,Red publica fuera de la vivienda,Mujer,Ocupado,4,4,1.0,51.0,8.0,4.0,0
007029,15,1,Urbano,Selva,Ladrillo o Bloque de cemento,Red publica dentro de la vivienda,Hombre,Ocupado,8,4,2.0,32.0,8.0,1.0,0
007030,11,1,Urbano,Lima Metropolitana,Madera,"Rio, acequia o manantial",Hombre,Desocupado,7,4,1.75,64.0,11.0,4.0,1
007031,9,1,Urbano,Costa Norte,Ladrillo o Bloque de cemento,Red publica dentro de la vivienda,Hombre,Inactivo,4,2,2.0,71.0,13.0,4.0,1
007032,10,1,Urbano,Costa Sur,Madera,Red publica dentro de la vivienda,Hombre,Ocupado,6,4,1.5,44.0,8.0,5.0,1
007033,7,1,Rural,Costa Sur,Adobe,Red publica fuera de la vivienda,Hombre,Ocupado,5,2,2.5,53.0,6.0,4.0,1
007034,16,1,Urbano,Costa Centro,Otro material,Red publica dentro de la vivienda,Mujer,Ocupado,5,3,1.67,48.0,10.0,2.0,0
007035,7,1,Urbano,Costa Centro,Ladrillo o Bloque de cemento,Red publica dentro de la vivienda,Hombre,Ocupado,3,2,1.5,56.0,9.0,4.0,0
007036,9,1,Rural,Lima Metropolitana,Adobe,Red publica dentro de la vivienda,Hombre,Ocupado,4,3,1.33,,5.0,1.0,1
007037,3,1,Urbano,Costa Centro,Ladrillo o Bloque de cemento,Red publica fuera de la vivienda,Hombre,Ocupado,4,1,4.0,62.0,11.0,6.0,1
007038,6,1,Urbano,Lima Metropolitana,Ladrillo o Bloque de cemento,Red publica fuera de la vivienda,Mujer,Ocupado,9,5,1.8,22.0,10.0,3.0,1
007039,8,1,Urbano,Lima Metropolitana,Adobe,Red publica fuera de la vivienda,Hombre,Ocupado,4,1,4.0,41.0,11.0,2.0,1
007040,15,1,Urbano,Lima Metropolitana,Ladrillo o Bloque de cemento,Red publica fuera de la vivienda,Hombre,Ocupado,7,6,1.17,62.0,15.0,2.0,0
007041,4,1,Urbano,Lima Metropolitana,Ladrillo o Bloque de cemento,Red publica dentro de la vivienda,Hombre,Ocupado,5,3,1.67,38.0,10.0,4.0,0
007042,11,1,Urbano,Costa Sur,Ladrillo o Bloque de cemento,Red publica dentro de la vivienda,Hombre,Ocupado,3,3,1.0,53.0,12.0,4.0,0
007043,7,1,Rural,Costa Norte,Adobe,Pozo,Mujer,Ocupado,4,1,4.0,35.0,10.0,6.0,1
007044,15,1,Urbano,Costa Sur,Madera,Red publica dentro de la vivienda,Mujer,Ocupado,3,2,1.5,57.0,11.0,4.0,0
007045,9,1,Urbano,Lima Metropolitana,Ladrillo o Bloque de cemento,Red publica dentro de la vivienda,Mujer,Desocupado,5,3,1.67,49.0,14.0,4.0,1
007046,3,1,Urbano,Lima Metropolitana,Adobe,Red publica dentro de la vivienda,Hombre,Ocupado,6,3,2.0,56.0,10.0,2.0,0
007047,4,1,Rural,Sierra Centro,Madera,Red publica dentro de la vivienda,Mujer,Ocupado,3,3,1.0,54.0,9.0,5.0,0
007048,5,1,Rural,Sierra Norte,Adobe,Otro,Hombre,Ocupado,8,4,2.0,28.0,9.0,4.0,0
007049,14,1,Urbano,Selva,Ladrillo o Bloque de cemento,Red publica dentro de la vivienda,Hombre,Inactivo,1,1,1.0,77.0,16.0,4.0,0
007050,13,1,Urbano,Sierra Norte,Ladrillo o Bloque de cemento,Red publica dentro de la vivienda,Hombre,Ocupado,4,2,2.0,30.0,15.0,5.0,0
007051,18,1,Urbano,Lima Metropolitana,Ladrillo o Bloque de cemento,Red publica fuera de la vivienda,Hombre,Inactivo,6,4,1.5,83.0,13.0,7.0,1
007052,12,1,Urbano,Costa Sur,,Red publica fuera de la vivienda,Hombre,Ocupado,6,4,1.5,18.0,18.0,5.0,0
007053,7,1,Urbano,Sierra Centro,Ladrillo o Bloque de cemento,Red publica dentro de la vivienda,Hombre,Ocupado,4,4,1.0,49.0,14.0,5.0,0
007054,17,1,Rural,Sierra Sur,Adobe,Red publica dentro de la vivienda,Hombre,Ocupado,7,4,1.75,28.0,11.0,3.0,1
007055,3,1,Urbano,Costa Centro,Ladrillo o Bloque de cemento,"Rio, acequia o manantial",Hombre,Inactivo,6,3,2.0,71.0,10.0,1.0,1
007056,12,1,Urbano,Sierra Centro,Ladrillo o Bloque de cemento,Red publica dentro de la vivienda,Hombre,Ocupado,1,1,1.0,34.0,10.0,2.0,0
007057,11,1,Urbano,Lima Metropolitana,Ladrillo o Bloque de cemento,Red publica dentro de la vivienda,Hombre,Ocupado,3,1,3.0,33.0,13.0,3.0,0
007058,1,1,Urbano,Costa Centro,Ladrillo o Bloque de cemento,Red publica dentro de la vivienda,Mujer,Ocupado,2,1,2.0,48.0,8.0,3.0,0
007059,19,1,Urbano,Selva,Ladrillo o Bloque de cemento,Red publica dentro de la vivienda,Hombre,Inactivo,7,4,1.75,68.0,11.0,2.0,1
007060,2,1,Rural,Sierra Centro,Adobe,Otro,Hombre,Inactivo,4,2,2.0,65.0,6.0,2.0,1
007061,19,1,Urbano,Costa Centro,Ladrillo o Bloque de cemento,Red publica dentro de la vivienda,Mujer,Ocupado,6,5,1.2,45.0,15.0,3.0,0
007062,16,1,Urbano,Costa Norte,Ladrillo o Bloque de cemento,Red publica fuera de la vivienda,Hombre,Ocupado,5,4,1.25,44.0,15.0,3.0,0
007063,11,1,Rural,Sierra Norte,Adobe,Pozo,Hombre,Ocupado,7,2,3.5,55.0,7.0,8.0,1
007064,15,1,Rural,Costa Norte,Adobe,"Rio, acequia o manantial",Hombre,Ocupado,4,3,1.33,47.0,5.0,2.0,0
007065,2,1,Urbano,Sierra Centro,Ladrillo o Bloque de cemento,Red publica dentro de la vivienda,Hombre,Ocupado,4,3,1.33,49.0,17.0,6.0,0
007066,15,1,Urbano,Lima Metropolitana,Ladrillo o Bloque de cemento,Otro,Hombre,Ocupado,6,4,1.5,46.0,8.0,4.0,0
007067,6,1,Urbano,Lima Metropolitana,Adobe,Red publica dentro de la vivienda,Hombre,Ocupado,4,3,1.33,57.0,8.0,2.0,0
007068,12,1,Urbano,Lima Metropolitana,Ladrillo o Bloque de cemento,Red publica dentro de la vivienda,Hombre,Ocupado,7,3,2.33,54.0,14.0,3.0,0
007069,5,1,Rural,Sierra Sur,Adobe,"Rio, acequia o manantial",Hombre,Inactivo,6,3,2.0,69.0,6.0,3.0,1
007070,7,1,Urbano,Lima Metropolitana,Ladrillo o Bloque de cemento,Red publica dentro de la vivienda,Hombre,Ocupado,7,4,1.75,39.0,12.0,5.0,0
007071,6,1,Urbano,Lima Metropolitana,Ladrillo o Bloque de cemento,Red publica dentro de la vivienda,Mujer,Ocupado,5,5,1.0,39.0,7.0,3.0,0
007072,15,1,Urbano,Costa Sur,Ladrillo o Bloque de cemento,Red publica dentro de la vivienda,Hombre,Ocupado,4,2,2.0,47.0,8.0,4.0,0
007073,2,1,Rural,Sierra Norte,Ladrillo o Bloque de cemento,"Rio, acequia o manantial",Mujer,Ocupado,7,3,2.33,45.0,11.0,6.0,0
007074,15,1,Urbano,Selva,Ladrillo o Bloque de cemento,Red publica dentro de la vivienda,Hombre,Ocupado,6,5,1.2,60.0,15.0,3.0,1
007075,15,1,Urbano,Lima Metropolitana,Adobe,Red publica dentro de la vivienda,Mujer,Ocupado,2,2,1.0,33.0,15.0,5.0,0
007076,13,1,Urbano,Sierra Sur,Ladrillo o Bloque de cemento,Red publica dentro de la vivienda,Hombre,Inactivo,3,1,3.0,66.0,8.0,4.0,0
007077,10,1,Urbano,Costa Sur,Ladrillo o Bloque de cemento,Red publica dentro de la vivienda,Mujer,Ocupado,4,4,1.0,44.0,10.0,5.0,0
007078,2,1,Urbano,Lima Metropolitana,Ladrillo o Bloque de cemento,Red publica dentro de la vivienda,Hombre,Inactivo,2,1,2.0,65.0,11.0,3.0,0
007079,4,1,Urbano,Costa Centro,Otro material,Otro,Hombre,Inactivo,3,3,1.0,83.0,9.0,3.0,0
007080,19,1,Urbano,Lima Metropolitana,Ladrillo o Bloque de cemento,Red publica dentro de la vivienda,Mujer,Ocupado,5,1,5.0,62.0,11.0,5.0,0
007081,18,1,Urbano,Lima Metropolitana,Madera,Red publica dentro de la vivienda,Hombre,Desocupado,5,3,1.67,57.0,12.0,5.0,1
007082,18,1,Urbano,Lima Metropolitana,,Red publica dentro de la vivienda,Mujer,Ocupado,3,2,1.5,64.0,8.0,4.0,0
007083,14,1,Urbano,Lima Metropolitana,Ladrillo o Bloque de cemento,Red publica dentro de la vivienda,Mujer,Ocupado,8,4,2.0,44.0,16.0,8.0,0
007084,11,1,Urbano,Costa Sur,Ladrillo o Bloque de cemento,Red publica dentro de la vivienda,Hombre,Ocupado,3,1,3.0,52.0,11.0,3.0,0
007085,17,1,Urbano,Lima Metropolitana,Adobe,Red publica dentro de la vivienda,Hombre,Ocupado,4,1,4.0,39.0,11.0,4.0,1
007086,5,1,Urbano,Lima Metropolitana,Ladrillo o Bloque de cemento,Red publica dentro de la vivienda,Hombre,Ocupado,5,3,1.67,39.0,7.0,5.0,0
007087,2,1,Urbano,Lima Metropolitana,Ladrillo o Bloque de cemento,Red publica dentro de la vivienda,Mujer,Ocupado,2,2,1.0,52.0,15.0,3.0,0
007088,18,1,Urbano,Sierra Norte,Adobe,Red publica fuera de la vivienda,Hombre,Ocupado,5,2,2.5,49.0,8.0,4.0,0
007089,18,1,Rural,Costa Sur,Madera,Red publica dentro de la vivienda,Hombre,Ocupado,3,2,1.5,54.0,8.0,3.0,0
007090,6,1,Rural,Sierra Norte,Adobe,"Rio, acequia o manantial",Hombre,Ocupado,5,5,1.0,50.0,,2.0,0
007091,6,1,Rural,Sierra Sur,Adobe,Red publica dentro de la vivienda,Hombre,Ocupado,4,4,1.0,44.0,7.0,5.0,0
007092,13,1,Urbano,Selva,Ladrillo o Bloque de cemento,Red publica dentro de la vivienda,Mujer,Ocupado,4,1,4.0,61.0,7.0,4.0,1
007093,11,1,Urbano,Lima Metropolitana,Madera,Red publica fuera de la vivienda,Hombre,Desocupado,4,3,1.33,39.0,12.0,3.0,1
007094,3,1,Urbano,Lima Metropolitana,Ladrillo o Bloque de cemento,Red publica dentro de la vivienda,Mujer,Ocupado,4,3,1.33,52.0,12.0,7.0,0
007095,9,1,Urbano,Lima Metropolitana,Ladrillo o Bloque de cemento,Red publica dentro de la vivienda,Hombre,Ocupado,4,3,1.33,64.0,13.0,6.0,0
007096,8,1,Urbano,Sierra Norte,Ladrillo o Bloque de cemento,Red publica dentro de la vivienda,Hombre,Ocupado,6,5,1.2,58.0,14.0,2.0,0
007097,11,1,Urbano,Sierra Sur,Madera,"Rio, acequia o manantial",Hombre,Ocupado,2,1,2.0,48.0,13.0,5.0,0
007098,1,1,Urbano,Sierra Centro,Adobe,Red publica dentro de la vivienda,Mujer,Ocupado,3,2,1.5,23.0,16.0,8.0,0
007099,9,1,Urbano,Costa Sur,Ladrillo o Bloque de cemento,Red publica dentro de la vivienda,Hombre,Ocupado,9,3,3.0,43.0,6.0,1.0,1
007100,13,1,Rural,Costa Norte,Madera,Red publica dentro de la vivienda,Hombre,Inactivo,2,2,1.0,78.0,13.0,4.0,1
007101,3,1,Urbano,Sierra Centro,Ladrillo o Bloque de cemento,Red publica dentro de la vivienda,Hombre,Ocupado,3,3,1.0,45.0,14.0,5.0,0
007102,7,1,Rural,Sierra Norte,Adobe,"Rio, acequia o manantial",Hombre,Ocupado,7,3,2.33,48.0,5.0,,1
007103,1,1,Urbano,Selva,Ladrillo o Bloque de cemento,Red publica dentro de la vivienda,Mujer,Desocupado,2,2,1.0,50.0,14.0,3.0,1
007104,19,1,Rural,Costa Norte,Adobe,Red publica fuera de la vivienda,Hombre,Desocupado,7,5,1.4,54.0,12.0,4.0,1
007105,11,1,Rural,Sierra Norte,Adobe,Red publica fuera de la vivienda,Mujer,Ocupado,7,3,2.33,39.0,10.0,3.0,1
007106,5,1,Urbano,Costa Norte,Ladrillo o Bloque de cemento,Red publica dentro de la vivienda,Hombre,Ocupado,7,6,1.17,59.0,8.0,3.0,1
007107,17,1,Urbano,Lima Metropolitana,Ladrillo o Bloque de cemento,Red publica dentro de la vivienda,Hombre,Ocupado,4,2,2.0,54.0,13.0,5.0,0
007108,10,1,Rural,Selva,Madera,Red publica dentro de la vivienda,Hombre,Ocupado,6,5,1.2,24.0,9.0,2.0,0
007109,11,1,Rural,Sierra Centro,Adobe,Red publica fuera de la vivienda,Mujer,Ocupado,4,3,1.33,18.0,6.0,5.0,0
007110,16,1,Urbano,Costa Centro,Madera,Red publica dentro de la vivienda,Mujer,Ocupado,6,4,1.5,40.0,12.0,3.0,0
007111,12,1,Urbano,Lima Metropolitana,Madera,Red publica dentro de la vivienda,Hombre,Ocupado,5,3,1.67,31.0,14.0,7.0,0
007112,5,1,Rural,Selva,Madera,"Rio, acequia o manantial",Hombre,Ocupado,8,5,1.6,52.0,,1.0,1
007113,1,1,Urbano,Lima Metropolitana,Ladrillo o Bloque de cemento,Red publica fuera de la vivienda,Hombre,Ocupado,4,1,4.0,43.0,17.0,4.0,0
007114,12,1,Urbano,Selva,Ladrillo o Bloque de cemento,Red publica fuera de la vivienda,Hombre,Ocupado,6,2,3.0,55.0,11.0,3.0,1
007115,10,1,Urbano,Lima Metropolitana,Adobe,Red publica dentro de la vivienda,Hombre,Ocupado,6,4,1.5,55.0,12.0,4.0,0
007116,4,1,Urbano,Lima Metropolitana,Ladrillo o Bloque de cemento,Red publica dentro de la vivienda,Mujer,Desocupado,4,1,4.0,34.0,10.0,3.0,1
007117,1,1,Rural,Sierra Centro,Ladrillo o Bloque de cemento,"Rio, acequia o manantial",Hombre,Ocupado,6,4,1.5,43.0,6.0,3.0,0
007118,11,1,Urbano,Lima Metropolitana,Ladrillo o Bloque de cemento,Red publica dentro de la vivienda,Hombre,Ocupado,1,1,1.0,40.0,15.0,3.0,0
007119,11,1,Urbano,Costa Sur,Madera,Red publica dentro de la vivienda,Hombre,Ocupado,5,5,1.0,61.0,12.0,5.0,0
007120,18,1,Urbano,Lima Metropolitana,Madera,Red publica dentro de la vivienda,Mujer,Ocupado,2,1,2.0,46.0,15.0,8.0,0
007121,7,1,Rural,Sierra Centro,Adobe,Pozo,Mujer,Inactivo,2,1,2.0,66.0,6.0,3.0,1
007122,4,1,Urbano,Costa Norte,Ladrillo o Bloque de cemento,Red publica dentro de la vivienda,Hombre,Inactivo,5,3,1.67,66.0,11.0,3.0,1
007123,11,1,Urbano,Lima Metropolitana,Ladrillo o Bloque de cemento,Red publica dentro de la vivienda,Hombre,Ocupado,2,2,1.0,46.0,7.0,3.0,0
007124,1,1,Urbano,Lima Metropolitana,Ladrillo o Bloque de cemento,Red publica dentro de la vivienda,Hombre,Desocupado,7,5,1.4,40.0,14.0,2.0,1
007125,8,1,Rural,Sierra Norte,Ladrillo o Bloque de cemento,"Rio, acequia o manantial",Hombre,Ocupado,5,4,1.25,36.0,6.0,5.0,0
007126,12,1,Urbano,Lima Metropolitana,Ladrillo o Bloque de cemento,Red publica dentro de la vivienda,Hombre,Ocupado,7,4,1.75,58.0,14.0,6.0,1
007127,9,1,Urbano,Sierra Norte,Madera,Red publica dentro de la vivienda,Hombre,Ocupado,5,4,1.25,47.0,4.0,1.0,0
007128,15,1,Rural,Sierra Sur,Ladrillo o Bloque de cemento,Red publica fuera de la vivienda,Hombre,Ocupado,5,3,1.67,38.0,15.0,7.0,0
007129,17,1,Urbano,Lima Metropolitana,Ladrillo o Bloque de cemento,Red publica dentro de la vivienda,Hombre,Ocupado,3,3,1.0,61.0,13.0,5.0,0
007130,15,1,Rural,Sierra Norte,Madera,"Rio, acequia o manantial",Hombre,Ocupado,6,3,2.0,61.0,8.0,3.0,0
007131,15,1,Urbano,Sierra Sur,Ladrillo o Bloque de cemento,Pozo,Hombre,Desocupado,4,4,1.0,35.0,12.0,4.0,1
007132,4,1,Urbano,Lima Metropolitana,Ladrillo o Bloque de cemento,Red publica dentro de la vivienda,Hombre,Ocupado,3,2,1.5,53.0,11.0,4.0,0
007133,10,1,Urbano,Costa Centro,Madera,,Hombre,Ocupado,4,2,2.0,56.0,12.0,5.0,0
007134,8,1,Rural,Sierra Sur,Ladrillo o Bloque de cemento,"Rio, acequia o manantial",Hombre,Inactivo,7,2,3.5,,10.0,,1
007135,15,1,Urbano,Sierra Norte,Ladrillo o Bloque de cemento,Red publica dentro de la vivienda,Hombre,Ocupado,5,4,1.25,46.0,12.0,4.0,0
007136,13,1,Urbano,Lima Metropolitana,Otro material,Red publica dentro de la vivienda,Hombre,Ocupado,4,1,4.0,48.0,15.0,4.0,1
007137,4,1,Rural,Costa Centro,Adobe,Otro,Hombre,Ocupado,2,1,2.0,57.0,9.0,4.0,1
007138,9,1,Urbano,Costa Sur,Ladrillo o Bloque de cemento,Pozo,Hombre,Inactivo,4,1,4.0,66.0,13.0,5.0,1
007139,16,1,Urbano,Lima Metropolitana,Ladrillo o Bloque de cemento,Red publica dentro de la vivienda,Mujer,Ocupado,7,3,2.33,54.0,18.0,2.0,0
007140,6,1,Urbano,Costa Centro,Ladrillo o Bloque de cemento,Red publica dentro de la vivienda,Mujer,Ocupado,2,2,1.0,51.0,12.0,6.0,0
007141,1,1,Rural,Sierra Sur,Adobe,Red publica dentro de la vivienda,Hombre,Ocupado,2,2,1.0,40.0,6.0,3.0,0
007142,9,1,Urbano,Lima Metropolitana,Ladrillo o Bloque de cemento,Pozo,Hombre,Ocupado,5,5,1.0,43.0,12.0,7.0,0
007143,11,1,Urbano,Lima Metropolitana,Otro material,Red publica fuera de la vivienda,Hombre,Ocupado,2,2,1.0,46.0,,7.0,0
007144,11,1,Urbano,Costa Norte,Ladrillo o Bloque de cemento,Red publica dentro de la vivienda,Hombre,Ocupado,2,2,1.0,58.0,7.0,3.0,0
007145,1,1,Urbano,Lima Metropolitana,Ladrillo o Bloque de cemento,Otro,Mujer,Ocupado,9,8,1.12,54.0,17.0,2.0,0
007146,14,1,Urbano,Lima Metropolitana,Ladrillo o Bloque de cemento,Red publica dentro de la vivienda,Hombre,Ocupado,1,1,1.0,38.0,12.0,3.0,0
007147,10,1,Urbano,Sierra Centro,Ladrillo o Bloque de cemento,Red publica dentro de la vivienda,Hombre,Ocupado,6,4,1.5,60.0,11.0,4.0,0
007148,16,1,Urbano,Lima Metropolitana,Madera,Red publica dentro de la vivienda,Hombre,Ocupado,7,5,1.4,46.0,8.0,3.0,0
007149,9,1,Urbano,Lima Metropolitana,Ladrillo o Bloque de cemento,Red publica dentro de la vivienda,Hombre,Ocupado,4,2,2.0,46.0,13.0,7.0,0
007150,4,1,Urbano,Selva,Otro material,Red publica dentro de la vivienda,Hombre,Ocupado,2,2,1.0,59.0,7.0,4.0,0
007151,11,1,Rural,Selva,Ladrillo o Bloque de cemento,Red publica fuera de la vivienda,Mujer,Ocupado,6,5,1.2,60.0,1.0,7.0,0
007152,19,1,Urbano,Lima Metropolitana,Adobe,Red publica dentro de la vivienda,Hombre,Ocupado,3,2,1.5,53.0,10.0,2.0,0
007153,7,1,Urbano,Lima Metropolitana,Ladrillo o Bloque de cemento,Red publica dentro de la vivienda,Mujer,Inactivo,1,1,1.0,74.0,12.0,4.0,0
007154,4,1,Rural,Selva,Ladrillo o Bloque de cemento,Otro,Hombre,Ocupado,2,1,2.0,22.0,4.0,1.0,0
007155,18,1,Urbano,Lima Metropolitana,Ladrillo o Bloque de cemento,Red publica fuera de la vivienda,Hombre,Ocupado,6,3,2.0,62.0,13.0,7.0,1
007156,13,1,Urbano,Lima Metropolitana,Ladrillo o Bloque de cemento,Red publica dentro de la vivienda,Hombre,Ocupado,3,2,1.5,34.0,16.0,3.0,0
007157,12,1,Urbano,Lima Metropolitana,Ladrillo o Bloque de cemento,Red publica dentro de la vivienda,Hombre,Desocupado,2,1,2.0,48.0,13.0,5.0,1
007158,3,1,Urbano,Lima Metropolitana,Ladrillo o Bloque de cemento,"Rio, acequia o manantial",Mujer,Ocupado,5,2,2.5,48.0,5.0,2.0,0
007159,19,1,Urbano,Costa Sur,Ladrillo o Bloque de cemento,Red publica dentro de la vivienda,Hombre,Ocupado,5,3,1.67,47.0,11.0,6.0,1
007160,7,1,Rural,Costa Centro,Ladrillo o Bloque de cemento,Red publica dentro de la vivienda,Hombre,Ocupado,4,3,1.33,35.0,8.0,2.0,1
007161,11,1,Rural,Selva,Otro material,Red publica dentro de la vivienda,Hombre,Ocupado,3,1,3.0,29.0,5.0,3.0,0
007162,12,1,Rural,Sierra Sur,Adobe,Red publica fuera de la vivienda,Mujer,Ocupado,2,2,1.0,21.0,8.0,3.0,0
007163,15,1,Urbano,Selva,Adobe,Red publica dentro de la vivienda,Mujer,Ocupado,2,2,1.0,45.0,12.0,5.0,0
007164,14,1,Urbano,Lima Metropolitana,Ladrillo o Bloque de cemento,Red publica dentro de la vivienda,Mujer,Ocupado,3,3,1.0,50.0,9.0,3.0,0
007165,5,1,Urbano,Lima Metropolitana,Madera,Red publica dentro de la vivienda,Hombre,Ocupado,2,2,1.0,56.0,16.0,6.0,0
007166,2,1,Rural,Sierra Sur,Ladrillo o Bloque de cemento,Red publica dentro de la vivienda,Mujer,Ocupado,4,4,1.0,64.0,6.0,1.0,0
007167,6,1,Urbano,Lima Metropolitana,Ladrillo o Bloque de cemento,Red publica dentro de la vivienda,Mujer,Ocupado,6,6,1.0,60.0,11.0,4.0,0
007168,19,1,Urbano,Costa Sur,Ladrillo o Bloque de cemento,Red publica dentro de la vivienda,Hombre,Ocupado,7,5,1.4,62.0,12.0,2.0,0
007169,4,1,Rural,Selva,Ladrillo o Bloque de cemento,Pozo,Mujer,Desocupado,1,1,1.0,34.0,1.0,2.0,1
007170,17,1,Urbano,Costa Norte,Ladrillo o Bloque de cemento,Red publica dentro de la vivienda,Hombre,Ocupado,3,2,1.5,64.0,15.0,3.0,0
007171,8,1,Rural,Selva,Madera,"Rio, acequia o manantial",Hombre,Ocupado,2,1,2.0,53.0,3.0,4.0,0
007172,7,1,Urbano,Selva,Ladrillo o Bloque de cemento,Otro,Hombre,Ocupado,4,4,1.0,30.0,17.0,5.0,0
007173,4,1,Urbano,Lima Metropolitana,Ladrillo o Bloque de cemento,Red publica dentro de la vivienda,Hombre,Ocupado,4,3,1.33,63.0,16.0,5.0,0
007174,14,1,Urbano,Lima Metropolitana,Ladrillo o Bloque de cemento,Red publica dentro de la vivienda,Hombre,Ocupado,6,6,1.0,36.0,9.0,1.0,0
007175,4,1,Rural,Sierra Centro,Adobe,Pozo,Hombre,Ocupado,6,3,2.0,34.0,8.0,4.0,0
007176,17,1,Urbano,Costa Norte,Ladrillo o Bloque de cemento,Red publica dentro de la vivienda,Mujer,Inactivo,3,2,1.5,70.0,8.0,4.0,1
007177,9,1,Urbano,Costa Centro,Ladrillo o Bloque de cemento,Red publica fuera de la vivienda,Hombre,Ocupado,2,2,1.0,51.0,8.0,2.0,0
007178,6,1,Urbano,Lima Metropolitana,Ladrillo o Bloque de cemento,Red publica dentro de la vivienda,Hombre,Ocupado,7,3,2.33,34.0,5.0,1.0,1
007179,12,1,Urbano,Lima Metropolitana,Ladrillo o Bloque de cemento,Pozo,Hombre,Ocupado,6,5,1.2,41.0,15.0,4.0,0
007180,9,1,Rural,Sierra Norte,Adobe,Red publica dentro de la vivienda,Hombre,Ocupado,8,6,1.33,63.0,5.0,4.0,0
007181,18,1,Rural,Sierra Norte,Adobe,Pozo,Hombre,Ocupado,6,3,2.0,31.0,9.0,3.0,0
007182,10,1,Urbano,Sierra Sur,Ladrillo o Bloque de cemento,Red publica dentro de la vivienda,Mujer,Ocupado,4,2,2.0,46.0,12.0,3.0,0
007183,6,1,Urbano,Lima Metropolitana,Ladrillo o Bloque de cemento,Red publica dentro de la vivienda,Hombre,Desocupado,7,3,2.33,46.0,9.0,3.0,1
007184,14,1,Urbano,Sierra Centro,Adobe,Red publica fuera de la vivienda,Hombre,Inactivo,3,3,1.0,86.0,14.0,5.0,0
007185,7,1,Urbano,Costa Norte,Madera,Red publica dentro de la vivienda,Hombre,Ocupado,1,1,1.0,28.0,13.0,2.0,0
007186,10,1,Rural,Sierra Centro,Adobe,Red publica dentro de la vivienda,Mujer,Ocupado,9,4,2.25,28.0,5.0,3.0,1
007187,15,1,Rural,Sierra Norte,Madera,,Hombre,Ocupado,7,3,2.33,40.0,10.0,6.0,1
007188,19,1,Urbano,Sierra Norte,Madera,Red publica dentro de la vivienda,Mujer,Ocupado,2,2,1.0,39.0,10.0,4.0,0
007189,5,1,Urbano,Costa Centro,Otro material,Red publica dentro de la vivienda,Mujer,Ocupado,5,3,1.67,49.0,8.0,4.0,0
007190,14,1,Urbano,Lima Metropolitana,Ladrillo o Bloque de cemento,Red publica dentro de la vivienda,Mujer,Ocupado,5,4,1.25,42.0,12.0,3.0,0
007191,2,1,Rural,Selva,Adobe,Red publica dentro de la vivienda,Mujer,Ocupado,4,3,1.33,60.0,5.0,3.0,0
007192,15,1,Rural,Sierra Norte,Adobe,"Rio, acequia o manantial",Hombre,Ocupado,6,3,2.0,49.0,2.0,3.0,1
007193,11,1,Rural,Selva,Adobe,Pozo,Hombre,Ocupado,3,2,1.5,35.0,0.0,5.0,0
007194,13,1,Rural,Sierra Sur,Adobe,Pozo,Hombre,Ocupado,1,1,1.0,45.0,12.0,3.0,0
007195,18,1,Urbano,Lima Metropolitana,Ladrillo o Bloque de cemento,Red publica dentro de la vivienda,Hombre,Ocupado,5,2,2.5,44.0,16.0,4.0,1
007196,12,1,Urbano,Lima Metropolitana,Ladrillo o Bloque de cemento,Red publica dentro de la vivienda,Hombre,Ocupado,8,6,1.33,64.0,17.0,3.0,0
007197,17,1,Urbano,Costa Centro,Ladrillo o Bloque de cemento,Red publica dentro de la vivienda,Hombre,Ocupado,2,1,2.0,60.0,14.0,4.0,0
007198,2,1,Urbano,Lima Metropolitana,Ladrillo o Bloque de cemento,Red publica dentro de la vivienda,Hombre,Ocupado,3,3,1.0,58.0,11.0,4.0,0
007199,6,1,Urbano,Lima Metropolitana,Madera,Red publica fuera de la vivienda,Mujer,Ocupado,4,2,2.0,38.0,12.0,6.0,0
007200,18,1,Urbano,Lima Metropolitana,Madera,Red publica dentro de la vivienda,Mujer,Ocupado,3,2,1.5,53.0,11.0,5.0,0
007201,8,1,Rural,Sierra Centro,Ladrillo o Bloque de cemento,Pozo,Hombre,Ocupado,2,2,1.0,32.0,8.0,3.0,0
007202,9,1,Rural,Sierra Centro,Adobe,"Rio, acequia o manantial",Hombre,Ocupado,3,2,1.5,57.0,8.0,4.0,0
007203,19,1,Urbano,Costa Norte,Ladrillo o Bloque de cemento,Red publica dentro de la vivienda,Mujer,Inactivo,7,2,3.5,65.0,10.0,4.0,1
007204,12,1,Urbano,Lima Metropolitana,Ladrillo o Bloque de cemento,Red publica dentro de la vivienda,Hombre,Ocupado,4,3,1.33,19.0,14.0,3.0,0
007205,11,1,Rural,Selva,Adobe,Red publica dentro de la vivienda,Hombre,Ocupado,1,1,1.0,47.0,10.0,4.0,0
007206,5,1,Urbano,Sierra Centro,Ladrillo o Bloque de cemento,Red publica dentro de la vivienda,Mujer,Ocupado,4,3,1.33,47.0,11.0,7.0,0
007207,15,1,Urbano,Selva,Madera,Red publica dentro de la vivienda,Hombre,Ocupado,3,1,3.0,61.0,7.0,1.0,0
007208,11,1,Urbano,Costa Norte,Ladrillo o Bloque de cemento,Red publica dentro de la vivienda,Hombre,Ocupado,4,3,1.33,40.0,12.0,4.0,0
007209,10,1,Urbano,Costa Centro,Ladrillo o Bloque de cemento,Red publica dentro de la vivienda,Hombre,Ocupado,4,2,2.0,40.0,7.0,5.0,1
007210,10,1,Urbano,Lima Metropolitana,Ladrillo o Bloque de cemento,Red publica dentro de la vivienda,Mujer,Ocupado,3,3,1.0,51.0,10.0,4.0,0
007211,18,1,Urbano,Selva,Ladrillo o Bloque de cemento,Pozo,Hombre,Ocupado,3,1,3.0,57.0,12.0,4.0,0
007212,13,1,Urbano,Lima Metropolitana,Ladrillo o Bloque de cemento,Red publica dentro de la vivienda,Hombre,Ocupado,4,1,4.0,51.0,,5.0,0
007213,15,1,Urbano,Lima Metropolitana,Ladrillo o Bloque de cemento,Red publica dentro de la vivienda,Mujer,Ocupado,4,1,4.0,61.0,13.0,4.0,0
007214,14,1,Urbano,Selva,Ladrillo o Bloque de cemento,Red publica dentro de la vivienda,Mujer,Ocupado,6,5,1.2,58.0,8.0,6.0,0
007215,13,1,Urbano,Lima Metropolitana,Ladrillo o Bloque de cemento,Red publica fuera de la vivienda,Hombre,Ocupado,4,2,2.0,41.0,18.0,4.0,0
007216,1,1,Urbano,Costa Norte,Ladrillo o Bloque de cemento,Red publica dentro de la vivienda,Hombre,Ocupado,4,3,1.33,49.0,9.0,3.0,0
007217,19,1,Urbano,Lima Metropolitana,Adobe,Red publica dentro de la vivienda,Hombre,Ocupado,3,2,1.5,56.0,14.0,5.0,0
007218,13,1,Urbano,Lima Metropolitana,Ladrillo o Bloque de cemento,Red publica dentro de la vivienda,Hombre,Ocupado,6,3,2.0,37.0,11.0,4.0,1
007219,7,1,Rural,Sierra Norte,Adobe,"Rio, acequia o manantial",Hombre,Ocupado,2,2,1.0,39.0,3.0,2.0,0
007220,7,1,Urbano,Costa Sur,Ladrillo o Bloque de cemento,Red publica dentro de la vivienda,Mujer,Ocupado,7,4,1.75,28.0,11.0,4.0,1
007221,14,1,Rural,Costa Sur,Adobe,Red publica dentro de la vivienda,Hombre,Inactivo,5,1,5.0,65.0,5.0,3.0,1
007222,14,1,Urbano,Costa Sur,Ladrillo o Bloque de cemento,Red publica dentro de la vivienda,Hombre,Inactivo,5,4,1.25,79.0,11.0,,0
007223,15,1,Urbano,Selva,Ladrillo o Bloque de cemento,Red publica dentro de la vivienda,Hombre,Ocupado,4,3,1.33,39.0,9.0,5.0,0
007224,17,1,Urbano,Costa Centro,Ladrillo o Bloque de cemento,Red publica dentro de la vivienda,Hombre,Ocupado,3,1,3.0,56.0,11.0,2.0,0
007225,16,1,Urbano,Lima Metropolitana,Ladrillo o Bloque de cemento,Otro,Hombre,Inactivo,5,1,5.0,66.0,10.0,1.0,0
007226,12,1,Urbano,Costa Centro,Adobe,Red publica dentro de la vivienda,Hombre,Desocupado,6,2,3.0,32.0,14.0,5.0,1
007227,5,1,Urbano,Costa Norte,Adobe,Red publica dentro de la vivienda,Hombre,Desocupado,5,2,2.5,53.0,12.0,4.0,1
007228,3,1,Urbano,Sierra Norte,Adobe,Red publica dentro de la vivienda,Mujer,Inactivo,4,2,2.0,67.0,11.0,5.0,1
007229,12,1,Rural,Costa Sur,Madera,Pozo,Hombre,Ocupado,3,1,3.0,45.0,6.0,6.0,0
007230,14,1,Urbano,Lima Metropolitana,Ladrillo o Bloque de cemento,Red publica dentro de la vivienda,Mujer,Ocupado,2,1,2.0,47.0,11.0,3.0,0
007231,5,1,Urbano,Sierra Norte,Ladrillo o Bloque de cemento,Red publica dentro de la vivienda,Hombre,Inactivo,6,3,2.0,68.0,11.0,3.0,1
007232,15,1,Urbano,Costa Sur,Madera,Red publica fuera de la vivienda,Hombre,Ocupado,5,3,1.67,43.0,16.0,3.0,0
007233,10,1,Urbano,Costa Sur,Ladrillo o Bloque de cemento,Red publica dentro de la vivienda,Hombre,Ocupado,9,3,3.0,40.0,9.0,2.0,0
007234,11,1,Urbano,Sierra Centro,Ladrillo o Bloque de cemento,Red publica dentro de la vivienda,Hombre,Ocupado,5,3,1.67,46.0,12.0,6.0,0
007235,12,1,Rural,Selva,Adobe,Red publica dentro de la vivienda,Hombre,Inactivo,7,6,1.17,74.0,4.0,3.0,1
007236,5,1,Urbano,Lima Metropolitana,Ladrillo o Bloque de cemento,Red publica dentro de la vivienda,Hombre,Ocupado,6,4,1.5,60.0,5.0,2.0,0
007237,1,1,Urbano,Sierra Centro,Ladrillo o Bloque de cemento,Red publica dentro de la vivienda,Mujer,Ocupado,9,5,1.8,,,3.0,0
007238,11,1,Urbano,Lima Metropolitana,Adobe,Red publica dentro de la vivienda,Hombre,Ocupado,5,3,1.67,56.0,16.0,4.0,0
007239,10,1,Urbano,Sierra Sur,Ladrillo o Bloque de cemento,Red publica dentro de la vivienda,Mujer,Ocupado,6,4,1.5,33.0,12.0,2.0,0
007240,10,1,Urbano,Lima Metropolitana,Ladrillo o Bloque de cemento,Red publica dentro de la vivienda,Hombre,Ocupado,4,3,1.33,56.0,18.0,5.0,0
007241,9,1,Urbano,Selva,Ladrillo o Bloque de cemento,Red publica dentro de la vivienda,Hombre,Ocupado,3,3,1.0,43.0,10.0,3.0,0
007242,2,1,Urbano,Sierra Norte,Ladrillo o Bloque de cemento,Red publica dentro de la vivienda,Hombre,Ocupado,5,2,2.5,46.0,8.0,4.0,0
007243,9,1,Urbano,Lima Metropolitana,Ladrillo o Bloque de cemento,Red publica dentro de la vivienda,Hombre,Desocupado,2,2,1.0,45.0,16.0,6.0,0
007244,7,1,Urbano,Lima Metropolitana,Ladrillo o Bloque de cemento,Red publica dentro de la vivienda,Hombre,Ocupado,3,3,1.0,62.0,16.0,4.0,0
007245,2,1,Urbano,Sierra Sur,Ladrillo o Bloque de cemento,Red publica dentro de la vivienda,Hombre,Inactivo,4,3,1.33,74.0,15.0,2.0,0
007246,17,1,Urbano,Lima Metropolitana,Ladrillo o Bloque de cemento,Red publica fuera de la vivienda,Mujer,Ocupado,5,3,1.67,36.0,9.0,5.0,0
007247,6,1,Urbano,Lima Metropolitana,Ladrillo o Bloque de cemento,Red publica dentro de la vivienda,Hombre,Ocupado,3,2,1.5,64.0,10.0,1.0,0
007248,13,1,Urbano,Costa Sur,Madera,Red publica dentro de la vivienda,Hombre,Ocupado,7,4,1.75,47.0,6.0,4.0,0
007249,7,1,Urbano,Lima Metropolitana,Otro material,Red publica dentro de la vivienda,Hombre,Ocupado,6,4,1.5,60.0,18.0,2.0,0
007250,13,1,Rural,Selva,Adobe,Red publica dentro de la vivienda,Mujer,Ocupado,5,4,1.25,54.0,4.0,4.0,1
007251,5,1,Urbano,Selva,Ladrillo o Bloque de cemento,Red publica dentro de la vivienda,Hombre,Ocupado,4,3,1.33,41.0,7.0,1.0,0
007252,15,1,Rural,Selva,Adobe,"Rio, acequia o manantial",Hombre,Ocupado,9,5,1.8,41.0,6.0,6.0,1
007253,11,1,Urbano,Lima Metropolitana,Ladrillo o Bloque de cemento,Red publica dentro de la vivienda,Hombre,Desocupado,2,2,1.0,47.0,13.0,7.0,1
007254,13,1,Rural,Selva,Madera,Red publica dentro de la vivienda,Hombre,Ocupado,7,6,1.17,55.0,9.0,3.0,0
007255,3,1,Rural,Selva,Ladrillo o Bloque de cemento,"Rio, acequia o manantial",Hombre,Ocupado,2,1,2.0,56.0,6.0,6.0,1
007256,16,1,Rural,Costa Norte,Madera,Pozo,Hombre,Inactivo,2,2,1.0,90.0,4.0,3.0,1
007257,9,1,Urbano,Sierra Sur,Ladrillo o Bloque de cemento,Red publica dentro de la vivienda,Hombre,Ocupado,9,6,1.5,57.0,10.0,3.0,1
007258,4,1,Urbano,Lima Metropolitana,Ladrillo o Bloque de cemento,Red publica dentro de la vivienda,Hombre,Ocupado,3,2,1.5,31.0,11.0,4.0,0
007259,15,1,Urbano,Lima Metropolitana,Ladrillo o Bloque de cemento,Red publica dentro de la vivienda,Hombre,Inactivo,5,4,1.25,67.0,17.0,2.0,1
007260,14,1,Rural,Costa Norte,Adobe,Red publica fuera de la vivienda,Hombre,Ocupado,4,4,1.0,58.0,6.0,4.0,1
007261,19,1,Urbano,Lima Metropolitana,Ladrillo o Bloque de cemento,Red publica dentro de la vivienda,Mujer,Ocupado,2,2,1.0,47.0,15.0,6.0,0
007262,14,1,Urbano,Lima Metropolitana,Ladrillo o Bloque de cemento,Red publica dentro de la vivienda,Mujer,Ocupado,5,3,1.67,34.0,12.0,4.0,0
007263,7,1,Urbano,Selva,Ladrillo o Bloque de cemento,Red publica dentro de la vivienda,Hombre,Ocupado,4,1,4.0,46.0,5.0,4.0,0
007264,12,1,Urbano,Costa Norte,Ladrillo o Bloque de cemento,Red publica dentro de la vivienda,Hombre,Inactivo,7,4,1.75,66.0,16.0,3.0,1
007265,8,1,Rural,Selva,Ladrillo o Bloque de cemento,Pozo,Mujer,Ocupado,2,1,2.0,57.0,8.0,4.0,0
007266,13,1,Rural,Costa Norte,Otro material,Otro,Hombre,Inactivo,6,3,2.0,69.0,8.0,2.0,1
007267,10,1,Rural,Sierra Norte,Ladrillo o Bloque de cemento,Pozo,Mujer,Inactivo,7,3,2.33,68.0,0.0,5.0,1
007268,2,1,Urbano,Lima Metropolitana,Ladrillo o Bloque de cemento,Pozo,Hombre,Ocupado,5,3,1.67,53.0,,4.0,0
007269,14,1,Urbano,Lima Metropolitana,Ladrillo o Bloque de cemento,Red publica dentro de la vivienda,Hombre,Ocupado,4,3,1.33,18.0,17.0,2.0,0
007270,4,1,Rural,Sierra Centro,Adobe,Red publica fuera de la vivienda,Mujer,Ocupado,4,3,1.33,37.0,11.0,2.0,0
007271,4,1,Urbano,Lima Metropolitana,Ladrillo o Bloque de cemento,Red publica dentro de la vivienda,Hombre,Ocupado,4,3,1.33,28.0,12.0,4.0,0
007272,15,1,Urbano,Lima Metropolitana,Ladrillo o Bloque de cemento,Red publica dentro de la vivienda,Hombre,Inactivo,8,6,1.33,69.0,16.0,2.0,1
007273,4,1,Rural,Costa Norte,Adobe,Red publica dentro de la vivienda,Mujer,Ocupado,6,4,1.5,57.0,12.0,5.0,1
007274,12,1,Urbano,Costa Sur,Otro material,Red publica fuera de la vivienda,Mujer,Ocupado,3,2,1.5,,,3.0,0
007275,8,1,Urbano,Lima Metropolitana,Ladrillo o Bloque de cemento,Red publica fuera de la vivienda,Hombre,Ocupado,8,6,1.33,42.0,17.0,6.0,0
007276,14,1,Urbano,Lima Metropolitana,Adobe,Red publica dentro de la vivienda,Hombre,Inactivo,8,4,2.0,65.0,17.0,5.0,1
007277,8,1,Rural,Sierra Centro,Madera,Red publica dentro de la vivienda,Hombre,Desocupado,3,1,3.0,37.0,9.0,1.0,1
007278,14,1,Urbano,Lima Metropolitana,Ladrillo o Bloque de cemento,Otro,Mujer,Ocupado,8,2,4.0,32.0,15.0,7.0,1
007279,18,1,Urbano,Selva,Ladrillo o Bloque de cemento,Red publica dentro de la vivienda,Mujer,Ocupado,3,1,3.0,30.0,8.0,4.0,0
007280,2,1,Urbano,Lima Metropolitana,Ladrillo o Bloque de cemento,Pozo,Hombre,Ocupado,6,6,1.0,,15.0,5.0,0
007281,18,1,Urbano,Lima Metropolitana,Madera,Red publica dentro de la vivienda,Hombre,Desocupado,4,3,1.33,38.0,12.0,2.0,1
007282,2,1,Rural,Costa Norte,Madera,Pozo,Hombre,Ocupado,6,2,3.0,64.0,4.0,,1
007283,16,1,Urbano,Costa Centro,Ladrillo o Bloque de cemento,Red publica dentro de la vivienda,Hombre,Desocupado,9,5,1.8,49.0,16.0,4.0,1
007284,15,1,Urbano,Costa Centro,Otro material,Red publica dentro de la vivienda,Hombre,Ocupado,6,6,1.0,30.0,11.0,5.0,0
007285,13,1,Urbano,Lima Metropolitana,Ladrillo o Bloque de cemento,Red publica dentro de la vivienda,Mujer,Ocupado,4,3,1.33,46.0,13.0,3.0,0
007286,18,1,Urbano,Lima Metropolitana,Adobe,Red publica dentro de la vivienda,Hombre,Ocupado,6,3,2.0,36.0,13.0,3.0,0
007287,16,1,Urbano,Lima Metropolitana,Ladrillo o Bloque de cemento,,Mujer,Ocupado,5,4,1.25,47.0,8.0,4.0,0
007288,16,1,Rural,Costa Centro,Otro material,Pozo,Hombre,Ocupado,8,5,1.6,64.0,6.0,,1
007289,14,1,Urbano,Selva,Adobe,Red publica dentro de la vivienda,Hombre,Ocupado,4,3,1.33,47.0,13.0,3.0,0
007290,4,1,Urbano,Costa Sur,Ladrillo o Bloque de cemento,Red publica dentro de la vivienda,Hombre,Ocupado,6,1,6.0,40.0,11.0,2.0,1
007291,8,1,Urbano,Sierra Centro,Ladrillo o Bloque de cemento,Red publica dentro de la vivienda,Hombre,Ocupado,2,2,1.0,55.0,10.0,3.0,0
007292,10,1,Rural,Sierra Norte,Madera,Red publica dentro de la vivienda,Hombre,Ocupado,6,5,1.2,43.0,8.0,1.0,0
007293,14,1,Urbano,Lima Metropolitana,Ladrillo o Bloque de cemento,Red publica dentro de la vivienda,Hombre,Ocupado,4,3,1.33,56.0,16.0,2.0,0
007294,7,1,Urbano,Costa Centro,Ladrillo o Bloque de cemento,"Rio, acequia o manantial",Mujer,Ocupado,4,3,1.33,54.0,6.0,2.0,1
007295,3,1,Urbano,Lima Metropolitana,Ladrillo o Bloque de cemento,Red publica dentro de la vivienda,Hombre,Ocupado,2,1,2.0,34.0,12.0,2.0,0
007296,14,1,Urbano,Lima Metropolitana,Ladrillo o Bloque de cemento,Red publica dentro de la vivienda,Mujer,Ocupado,7,4,1.75,31.0,13.0,5.0,0
007297,13,1,Urbano,Lima Metropolitana,Ladrillo o Bloque de cemento,Red publica dentro de la vivienda,Hombre,Desocupado,4,4,1.0,44.0,18.0,5.0,1
007298,14,1,Rural,Costa Norte,Ladrillo o Bloque de cemento,Red publica dentro de la vivienda,Hombre,Ocupado,6,4,1.5,55.0,10.0,3.0,1
007299,9,1,Urbano,Lima Metropolitana,Ladrillo o Bloque de cemento,Red publica dentro de la vivienda,Hombre,Inactivo,5,3,1.67,73.0,8.0,1.0,1
007300,1,1,Urbano,Lima Metropolitana,Ladrillo o Bloque de cemento,"Rio, acequia o manantial",Hombre,Ocupado,5,1,5.0,33.0,17.0,5.0,0
007301,2,1,Rural,Sierra Sur,Adobe,Red publica dentro de la vivienda,Hombre,Ocupado,9,4,2.25,35.0,6.0,3.0,1
007302,3,1,Urbano,Lima Metropolitana,Ladrillo o Bloque de cemento,Red publica fuera de la vivienda,Hombre,Ocupado,7,4,1.75,62.0,7.0,3.0,0
007303,16,1,Urbano,Lima Metropolitana,Adobe,Red publica dentro de la vivienda,Mujer,Ocupado,5,4,1.25,51.0,8.0,3.0,0
007304,4,1,Rural,Sierra Sur,Adobe,"Rio, acequia o manantial",Hombre,Ocupado,5,3,1.67,46.0,11.0,5.0,0
007305,16,1,Rural,Selva,,Pozo,Mujer,Ocupado,7,5,1.4,58.0,8.0,2.0,1
007306,11,1,Urbano,Sierra Sur,Ladrillo o Bloque de cemento,Red publica dentro de la vivienda,Hombre,Inactivo,5,5,1.0,66.0,8.0,8.0,1
007307,19,1,Urbano,Costa Norte,Ladrillo o Bloque de cemento,Red publica dentro de la vivienda,Hombre,Ocupado,3,3,1.0,63.0,16.0,4.0,0
007308,8,1,Urbano,Lima Metropolitana,Ladrillo o Bloque de cemento,Red publica fuera de la vivienda,Mujer,Ocupado,3,2,1.5,39.0,15.0,3.0,1
007309,19,1,Urbano,Costa Centro,Ladrillo o Bloque de cemento,Red publica dentro de la vivienda,Mujer,Ocupado,6,3,2.0,55.0,10.0,4.0,0
007310,9,1,Rural,Sierra Centro,Adobe,Otro,Hombre,Ocupado,1,1,1.0,64.0,,1.0,0
007311,9,1,Urbano,Sierra Centro,Ladrillo o Bloque de cemento,Red publica dentro de la vivienda,Mujer,Ocupado,5,4,1.25,45.0,8.0,2.0,1
007312,10,1,Urbano,Sierra Norte,Madera,Red publica dentro de la vivienda,Hombre,Ocupado,4,3,1.33,54.0,17.0,5.0,0
007313,6,1,Rural,Sierra Centro,Madera,Red publica fuera de la vivienda,Mujer,Desocupado,3,2,1.5,40.0,3.0,4.0,1
007314,10,1,Urbano,Selva,Ladrillo o Bloque de cemento,Red publica dentro de la vivienda,Hombre,Ocupado,3,2,1.5,35.0,7.0,4.0,0
007315,15,1,Rural,Sierra Norte,Madera,Pozo,Hombre,Ocupado,3,2,1.5,54.0,7.0,6.0,0
007316,4,1,Urbano,Costa Centro,Ladrillo o Bloque de cemento,Red publica dentro de la vivienda,Hombre,Ocupado,1,1,1.0,62.0,18.0,4.0,0
007317,17,1,Urbano,Lima Metropolitana,Ladrillo o Bloque de cemento,Red publica dentro de la vivienda,Hombre,Ocupado,9,4,2.25,59.0,8.0,6.0,0
007318,2,1,Urbano,Lima Metropolitana,Adobe,Red publica dentro de la vivienda,Hombre,Ocupado,2,1,2.0,30.0,15.0,3.0,0
007319,16,1,Rural,Sierra Sur,Adobe,Pozo,Mujer,Inactivo,8,7,1.14,67.0,7.0,2.0,1
007320,8,1,Rural,Sierra Norte,Madera,Red publica dentro de la vivienda,Hombre,Ocupado,3,3,1.0,57.0,8.0,3.0,0
007321,19,1,Urbano,Costa Norte,Madera,Red publica dentro de la vivienda,Hombre,Inactivo,2,1,2.0,65.0,15.0,2.0,1
007322,1,1,Urbano,Costa Norte,Madera,Otro,Hombre,Ocupado,5,3,1.67,36.0,9.0,2.0,1
007323,2,1,Rural,Sierra Centro,Adobe,Red publica fuera de la vivienda,Hombre,Ocupado,3,3,1.0,61.0,6.0,3.0,0
007324,10,1,Urbano,Lima Metropolitana,Ladrillo o Bloque de cemento,Red publica dentro de la vivienda,Mujer,Ocupado,6,5,1.2,58.0,10.0,4.0,0
007325,14,1,Urbano,Lima Metropolitana,Ladrillo o Bloque de cemento,Red publica dentro de la vivienda,Hombre,Ocupado,4,3,1.33,31.0,17.0,5.0,0
007326,7,1,Rural,Sierra Centro,Madera,"Rio, acequia o manantial",Hombre,Ocupado,3,3,1.0,55.0,11.0,2.0,0
007327,2,1,Urbano,Lima Metropolitana,Ladrillo o Bloque de cemento,Red publica dentro de la vivienda,Hombre,Ocupado,4,3,1.33,34.0,9.0,2.0,0
007328,16,1,Rural,Sierra Sur,Adobe,Red publica dentro de la vivienda,Hombre,Ocupado,7,6,1.17,49.0,8.0,4.0,0
007329,5,1,Urbano,Sierra Norte,Ladrillo o Bloque de cemento,Red publica dentro de la vivienda,Hombre,Inactivo,7,4,1.75,81.0,14.0,5.0,0
007330,10,1,Rural,Sierra Sur,Ladrillo o Bloque de cemento,Red publica dentro de la vivienda,Mujer,Ocupado,4,3,1.33,53.0,1.0,3.0,0
007331,4,1,Urbano,Costa Sur,Ladrillo o Bloque de cemento,,Hombre,Ocupado,6,3,2.0,47.0,,5.0,0
007332,3,1,Urbano,Lima Metropolitana,Ladrillo o Bloque de cemento,Red publica dentro de la vivienda,Mujer,Ocupado,6,4,1.5,28.0,12.0,4.0,0
007333,9,1,Rural,Sierra Centro,Madera,"Rio, acequia o manantial",Mujer,Ocupado,6,4,1.5,53.0,5.0,2.0,1
007334,7,1,Urbano,Lima Metropolitana,Adobe,Red publica dentro de la vivienda,Mujer,Ocupado,4,3,1.33,47.0,17.0,6.0,0
007335,17,1,Rural,Sierra Centro,Ladrillo o Bloque de cemento,"Rio, acequia o manantial",Hombre,Ocupado,3,3,1.0,21.0,10.0,3.0,0
007336,8,1,Urbano,Lima Metropolitana,Otro material,Red publica dentro de la vivienda,Hombre,Ocupado,5,4,1.25,34.0,8.0,3.0,0
007337,2,1,Urbano,Lima Metropolitana,Adobe,Red publica dentro de la vivienda,Mujer,Ocupado,5,5,1.0,61.0,15.0,4.0,0
007338,11,1,Rural,Sierra Sur,Otro material,Red publica dentro de la vivienda,Hombre,Inactivo,4,2,2.0,67.0,9.0,1.0,1
007339,2,1,Urbano,Costa Centro,Ladrillo o Bloque de cemento,Red publica dentro de la vivienda,Hombre,Ocupado,5,3,1.67,50.0,4.0,6.0,0
007340,18,1,Urbano,Lima Metropolitana,Ladrillo o Bloque de cemento,Red publica dentro de la vivienda,Hombre,Ocupado,4,4,1.0,63.0,14.0,5.0,0
007341,19,1,Rural,Selva,Adobe,Pozo,Hombre,Ocupado,9,5,1.8,49.0,5.0,2.0,0
007342,16,1,Urbano,Sierra Norte,Ladrillo o Bloque de cemento,Red publica dentro de la vivienda,Hombre,Ocupado,4,2,2.0,38.0,15.0,5.0,0
007343,13,1,Urbano,Lima Metropolitana,Ladrillo o Bloque de cemento,Red publica dentro de la vivienda,Mujer,Inactivo,5,1,5.0,80.0,10.0,2.0,1
007344,16,1,Rural,Costa Norte,Adobe,Red publica fuera de la vivienda,Hombre,Ocupado,2,2,1.0,29.0,7.0,2.0,0
007345,13,1,Rural,Sierra Norte,Ladrillo o Bloque de cemento,Red publica dentro de la vivienda,Hombre,Ocupado,2,2,1.0,55.0,,2.0,0
007346,17,1,Urbano,Selva,Ladrillo o Bloque de cemento,Red publica dentro de la vivienda,Hombre,Ocupado,4,3,1.33,40.0,9.0,4.0,1
007347,9,1,Rural,Sierra Centro,Otro material,Red publica dentro de la vivienda,Mujer,Ocupado,4,3,1.33,46.0,0.0,1.0,0
007348,7,1,Rural,Sierra Sur,Adobe,Red publica dentro de la vivienda,Mujer,Inactivo,6,5,1.2,71.0,10.0,5.0,0
007349,9,1,Rural,Sierra Norte,Adobe,Red publica dentro de la vivienda,Mujer,Ocupado,4,2,2.0,50.0,10.0,3.0,0
007350,1,1,Urbano,Costa Centro,Ladrillo o Bloque de cemento,Red publica dentro de la vivienda,Mujer,Ocupado,2,1,2.0,44.0,11.0,3.0,0
007351,4,1,Rural,Costa Norte,Adobe,Pozo,Hombre,Ocupado,2,2,1.0,41.0,8.0,5.0,0
007352,10,1,Urbano,Costa Centro,Ladrillo o Bloque de cemento,Red publica dentro de la vivienda,Mujer,Ocupado,3,1,3.0,57.0,9.0,5.0,1
007353,13,1,Urbano,Lima Metropolitana,Ladrillo o Bloque de cemento,Red publica dentro de la vivienda,Mujer,Ocupado,4,3,1.33,36.0,16.0,6.0,0
007354,4,1,Urbano,Selva,Ladrillo o Bloque de cemento,Red publica dentro de la vivienda,Hombre,Ocupado,5,3,1.67,50.0,12.0,5.0,0
007355,15,1,Rural,Sierra Sur,,Pozo,Hombre,Ocupado,1,1,1.0,47.0,7.0,5.0,0
007356,18,1,Rural,Sierra Centro,Ladrillo o Bloque de cemento,"Rio, acequia o manantial",Hombre,Ocupado,6,4,1.5,38.0,11.0,1.0,1
007357,5,1,Rural,Lima Metropolitana,Adobe,Pozo,Mujer,Ocupado,4,3,1.33,29.0,4.0,6.0,0
007358,7,1,Urbano,Costa Centro,Ladrillo o Bloque de cemento,Red publica fuera de la vivienda,Hombre,Ocupado,4,4,1.0,49.0,5.0,1.0,0
007359,3,1,Urbano,Sierra Norte,Ladrillo o Bloque de cemento,Red publica dentro de la vivienda,Hombre,Ocupado,1,1,1.0,44.0,12.0,4.0,0
007360,19,1,Urbano,Lima Metropolitana,Ladrillo o Bloque de cemento,Red publica dentro de la vivienda,Hombre,Desocupado,5,3,1.67,52.0,12.0,4.0,1
007361,17,1,Urbano,Sierra Sur,Ladrillo o Bloque de cemento,Pozo,Mujer,Ocupado,4,4,1.0,19.0,7.0,3.0,0
007362,19,1,Urbano,Lima Metropolitana,Ladrillo o Bloque de cemento,Red publica dentro de la vivienda,Hombre,Ocupado,5,2,2.5,43.0,13.0,4.0,0
007363,1,1,Urbano,Lima Metropolitana,Ladrillo o Bloque de cemento,Pozo,Hombre,Ocupado,9,4,2.25,61.0,14.0,5.0,0
007364,16,1,Urbano,Lima Metropolitana,Ladrillo o Bloque de cemento,Red publica dentro de la vivienda,Mujer,Ocupado,4,3,1.33,26.0,15.0,2.0,0
007365,14,1,Urbano,Costa Sur,Ladrillo o Bloque de cemento,Red publica dentro de la vivienda,Hombre,Inactivo,3,2,1.5,75.0,7.0,1.0,0
007366,11,1,Urbano,Costa Norte,Otro material,Red publica dentro de la vivienda,Mujer,Ocupado,5,5,1.0,54.0,10.0,4.0,0
007367,13,1,Urbano,Costa Centro,Adobe,Red publica dentro de la vivienda,Mujer,Ocupado,7,5,1.4,47.0,12.0,3.0,0
007368,12,1,Urbano,Lima Metropolitana,Ladrillo o Bloque de cemento,Red publica dentro de la vivienda,Hombre,Ocupado,4,3,1.33,50.0,16.0,3.0,0
007369,18,1,Urbano,Lima Metropolitana,Madera,Red publica dentro de la vivienda,Hombre,Ocupado,6,4,1.5,37.0,15.0,4.0,0
007370,4,1,Urbano,Lima Metropolitana,Ladrillo o Bloque de cemento,Red publica dentro de la vivienda,Hombre,Inactivo,4,2,2.0,69.0,11.0,5.0,1
007371,19,1,Urbano,Sierra Norte,Ladrillo o Bloque de cemento,Red publica dentro de la vivienda,Hombre,Ocupado,3,1,3.0,51.0,13.0,2.0,0
007372,10,1,Urbano,Lima Metropolitana,Ladrillo o Bloque de cemento,Red publica dentro de la vivienda,Mujer,Desocupado,5,4,1.25,50.0,11.0,4.0,1
007373,18,1,Urbano,Selva,Ladrillo o Bloque de cemento,Red publica dentro de la vivienda,Mujer,Desocupado,4,2,2.0,63.0,10.0,1.0,1
007374,15,1,Urbano,Lima Metropolitana,Ladrillo o Bloque de cemento,Red publica dentro de la vivienda,Mujer,Ocupado,5,1,5.0,54.0,12.0,4.0,0
007375,19,1,Urbano,Selva,Ladrillo o Bloque de cemento,Red publica dentro de la vivienda,Hombre,Ocupado,8,5,1.6,39.0,9.0,2.0,1
007376,6,1,Urbano,Costa Centro,Ladrillo o Bloque de cemento,Red publica dentro de la vivienda,Mujer,Ocupado,2,2,1.0,48.0,,6.0,0
007377,10,1,Urbano,Costa Norte,Ladrillo o Bloque de cemento,Red publica fuera de la vivienda,Hombre,Ocupado,2,2,1.0,57.0,14.0,2.0,0
007378,1,1,Urbano,Lima Metropolitana,Ladrillo o Bloque de cemento,Red publica dentro de la vivienda,Hombre,Ocupado,4,3,1.33,50.0,11.0,2.0,0
007379,4,1,Rural,Sierra Sur,Adobe,Pozo,Hombre,Ocupado,1,1,1.0,30.0,7.0,5.0,0
007380,2,1,Urbano,Sierra Centro,Ladrillo o Bloque de cemento,Pozo,Hombre,Inactivo,2,1,2.0,69.0,10.0,3.0,0
007381,1,1,Rural,Sierra Centro,Adobe,"Rio, acequia o manantial",Hombre,Ocupado,3,2,1.5,51.0,4.0,1.0,0
007382,7,1,Rural,Sierra Centro,Otro material,Red publica dentro de la vivienda,Hombre,Ocupado,5,4,1.25,43.0,3.0,4.0,0
007383,11,1,Urbano,Lima Metropolitana,Ladrillo o Bloque de cemento,Red publica fuera de la vivienda,Hombre,Ocupado,4,2,2.0,58.0,18.0,5.0,0
007384,10,1,Urbano,Costa Norte,Ladrillo o Bloque de cemento,Red publica dentro de la vivienda,Hombre,Ocupado,6,3,2.0,42.0,9.0,2.0,0
007385,19,1,Rural,Costa Centro,Ladrillo o Bloque de cemento,Red publica dentro de la vivienda,Hombre,Ocupado,6,5,1.2,27.0,9.0,3.0,0
007386,7,1,Urbano,Lima Metropolitana,Ladrillo o Bloque de cemento,Red publica dentro de la vivienda,Mujer,Ocupado,6,4,1.5,49.0,14.0,3.0,0
007387,7,1,Rural,Selva,Ladrillo o Bloque de cemento,Red publica dentro de la vivienda,Hombre,Ocupado,3,2,1.5,58.0,3.0,3.0,0
007388,5,1,Urbano,Costa Centro,Adobe,Red publica dentro de la vivienda,Hombre,Ocupado,6,2,3.0,45.0,12.0,4.0,1
007389,6,1,Urbano,Costa Norte,Ladrillo o Bloque de cemento,Red publica dentro de la vivienda,Mujer,Ocupado,4,2,2.0,46.0,12.0,2.0,0
007390,17,1,Rural,Costa Sur,Adobe,Red publica dentro de la vivienda,Hombre,Ocupado,5,3,1.67,46.0,6.0,5.0,0
007391,10,1,Rural,Sierra Norte,Adobe,Pozo,Hombre,Ocupado,5,3,1.67,47.0,5.0,5.0,0
007392,8,1,Urbano,Costa Norte,Ladrillo o Bloque de cemento,Red publica dentro de la vivienda,Hombre,Ocupado,8,5,1.6,51.0,11.0,2.0,0
007393,11,1,Urbano,Costa Sur,Ladrillo o Bloque de cemento,Red publica dentro de la vivienda,Hombre,Ocupado,6,3,2.0,60.0,13.0,5.0,1
007394,1,1,Urbano,Lima Metropolitana,Ladrillo o Bloque de cemento,Red publica dentro de la vivienda,Mujer,Ocupado,8,5,1.6,59.0,10.0,4.0,0
007395,1,1,Urbano,Lima Metropolitana,Ladrillo o Bloque de cemento,Red publica dentro de la vivienda,Hombre,Inactivo,4,3,1.33,77.0,17.0,3.0,0
007396,10,1,Urbano,Lima Metropolitana,Ladrillo o Bloque de cemento,Red publica dentro de la vivienda,Hombre,Inactivo,6,3,2.0,73.0,15.0,4.0,1
007397,18,1,Urbano,Sierra Centro,Ladrillo o Bloque de cemento,Red publica dentro de la vivienda,Hombre,Ocupado,4,4,1.0,37.0,3.0,3.0,0
007398,4,1,Rural,Sierra Norte,Ladrillo o Bloque de cemento,Pozo,Hombre,Ocupado,5,3,1.67,46.0,6.0,3.0,1
007399,5,1,Urbano,Lima Metropolitana,Ladrillo o Bloque de cemento,Red publica dentro de la vivienda,Mujer,Ocupado,2,2,1.0,59.0,18.0,3.0,0
007400,5,1,Urbano,Lima Metropolitana,Adobe,Red publica dentro de la vivienda,Hombre,Ocupado,4,2,2.0,24.0,14.0,8.0,0
007401,14,1,Rural,Selva,Adobe,"Rio, acequia o manantial",Hombre,Ocupado,3,3,1.0,53.0,4.0,3.0,0
007402,3,1,Rural,Sierra Norte,Adobe,Pozo,Hombre,Ocupado,5,2,2.5,37.0,9.0,3.0,1
007403,17,1,Rural,Sierra Norte,Otro material,"Rio, acequia o manantial",Hombre,Ocupado,2,2,1.0,48.0,0.0,5.0,0
007404,3,1,Urbano,Selva,Ladrillo o Bloque de cemento,Red publica fuera de la vivienda,Mujer,Ocupado,2,1,2.0,49.0,12.0,3.0,0
007405,11,1,Urbano,Selva,Madera,Red publica dentro de la vivienda,Mujer,Ocupado,2,2,1.0,24.0,9.0,5.0,0
007406,2,1,Urbano,Costa Norte,Madera,Red publica dentro de la vivienda,Hombre,Inactivo,3,3,1.0,83.0,11.0,2.0,0
007407,16,1,Urbano,Lima Metropolitana,Ladrillo o Bloque de cemento,Red publica dentro de la vivienda,Hombre,Ocupado,6,5,1.2,41.0,8.0,6.0,0
007408,8,1,Rural,Selva,Ladrillo o Bloque de cemento,Red publica dentro de la vivienda,Hombre,Inactivo,3,1,3.0,69.0,5.0,3.0,1
007409,2,1,Rural,Selva,Adobe,Pozo,Hombre,Ocupado,6,4,1.5,26.0,0.0,5.0,0
007410,17,1,Rural,Costa Sur,Adobe,Red publica dentro de la vivienda,Hombre,Ocupado,5,5,1.0,40.0,5.0,2.0,0
007411,19,1,Urbano,Lima Metropolitana,Ladrillo o Bloque de cemento,Red publica dentro de la vivienda,Hombre,Desocupado,4,2,2.0,60.0,13.0,4.0,1
007412,11,1,Urbano,Lima Metropolitana,Ladrillo o Bloque de cemento,Red publica fuera de la vivienda,Mujer,Ocupado,8,3,2.67,45.0,16.0,6.0,0
007413,13,1,Urbano,Costa Norte,Ladrillo o Bloque de cemento,Red publica fuera de la vivienda,Mujer,Ocupado,4,2,2.0,60.0,18.0,5.0,0
007414,8,1,Urbano,Selva,Adobe,Red publica dentro de la vivienda,Hombre,Ocupado,3,1,3.0,57.0,8.0,2.0,0
007415,7,1,Urbano,Lima Metropolitana,Ladrillo o Bloque de cemento,Red publica dentro de la vivienda,Hombre,Ocupado,4,2,2.0,37.0,14.0,6.0,0
007416,8,1,Urbano,Lima Metropolitana,Ladrillo o Bloque de cemento,Red publica dentro de la vivienda,Hombre,Inactivo,6,1,6.0,66.0,11.0,1.0,1
007417,4,1,Urbano,Costa Sur,Ladrillo o Bloque de cemento,Red publica dentro de la vivienda,Hombre,Ocupado,6,5,1.2,57.0,10.0,4.0,0
007418,13,1,Urbano,Lima Metropolitana,Ladrillo o Bloque de cemento,Red publica dentro de la vivienda,Hombre,Ocupado,6,3,2.0,28.0,13.0,4.0,0
007419,12,1,Rural,Sierra Sur,Adobe,Pozo,Hombre,Ocupado,7,3,2.33,50.0,6.0,5.0,1
007420,17,1,Rural,Costa Norte,Adobe,Otro,Hombre,Ocupado,6,6,1.0,58.0,12.0,4.0,0
007421,4,1,Urbano,Costa Centro,Ladrillo o Bloque de cemento,Red publica dentro de la vivienda,Hombre,Ocupado,8,4,2.0,47.0,10.0,4.0,0
007422,4,1,Urbano,Costa Sur,Ladrillo o Bloque de cemento,Red publica dentro de la vivienda,Mujer,Ocupado,5,4,1.25,49.0,7.0,4.0,1
007423,18,1,Rural,Sierra Norte,Madera,"Rio, acequia o manantial",Mujer,Ocupado,3,1,3.0,55.0,7.0,6.0,0
007424,13,1,Rural,Sierra Sur,Madera,Red publica dentro de la vivienda,Hombre,Ocupado,3,1,3.0,26.0,3.0,5.0,0
007425,14,1,Urbano,Lima Metropolitana,,Red publica dentro de la vivienda,Mujer,Ocupado,3,3,1.0,46.0,11.0,7.0,0
007426,5,1,Urbano,Costa Sur,Ladrillo o Bloque de cemento,Red publica dentro de la vivienda,Hombre,Ocupado,3,2,1.5,43.0,14.0,4.0,0
007427,11,1,Urbano,Lima Metropolitana,Ladrillo o Bloque de cemento,Red publica dentro de la vivienda,Hombre,Ocupado,4,4,1.0,59.0,12.0,3.0,0
007428,10,1,Urbano,Costa Centro,Ladrillo o Bloque de cemento,Red publica dentro de la vivienda,Hombre,Ocupado,7,5,1.4,41.0,13.0,6.0,0
007429,2,1,Rural,Selva,Ladrillo o Bloque de cemento,Pozo,Hombre,Inactivo,2,2,1.0,76.0,6.0,3.0,1
007430,17,1,Urbano,Lima Metropolitana,Madera,Red publica dentro de la vivienda,Mujer,Ocupado,5,3,1.67,40.0,13.0,5.0,0
007431,3,1,Urbano,Lima Metropolitana,Ladrillo o Bloque de cemento,Red publica dentro de la vivienda,Hombre,Ocupado,6,5,1.2,33.0,10.0,2.0,1
007432,16,1,Urbano,Lima Metropolitana,Ladrillo o Bloque de cemento,Red publica dentro de la vivienda,Hombre,Inactivo,4,3,1.33,66.0,15.0,5.0,1
007433,3,1,Urbano,Lima Metropolitana,Ladrillo o Bloque de cemento,Red publica dentro de la vivienda,Hombre,Ocupado,7,4,1.75,57.0,8.0,3.0,0
007434,19,1,Urbano,Costa Centro,Ladrillo o Bloque de cemento,Red publica dentro de la vivienda,Hombre,Ocupado,2,2,1.0,54.0,8.0,1.0,0
007435,6,1,Rural,Costa Norte,,Pozo,Hombre,Ocupado,5,2,2.5,45.0,7.0,3.0,1
007436,19,1,Rural,Sierra Sur,Adobe,Pozo,Hombre,Ocupado,4,3,1.33,43.0,9.0,2.0,0
007437,16,1,Urbano,Costa Norte,Ladrillo o Bloque de cemento,Red publica dentro de la vivienda,Hombre,Ocupado,6,4,1.5,55.0,12.0,5.0,0
007438,1,1,Urbano,Sierra Centro,Ladrillo o Bloque de cemento,Red publica dentro de la vivienda,Hombre,Ocupado,7,5,1.4,40.0,13.0,4.0,0
007439,14,1,Urbano,Costa Sur,Ladrillo o Bloque de cemento,Red publica dentro de la vivienda,Hombre,Inactivo,3,1,3.0,73.0,7.0,2.0,1
007440,15,1,Urbano,Lima Metropolitana,Adobe,"Rio, acequia o manantial",Mujer,Ocupado,4,2,2.0,52.0,11.0,6.0,0
007441,16,1,Urbano,Lima Metropolitana,Ladrillo o Bloque de cemento,Red publica dentro de la vivienda,Hombre,Ocupado,4,2,2.0,45.0,13.0,3.0,0
007442,9,1,Urbano,Lima Metropolitana,Ladrillo o Bloque de cemento,Red publica dentro de la vivienda,Hombre,Ocupado,3,1,3.0,43.0,13.0,5.0,0
007443,16,1,Urbano,Lima Metropolitana,Madera,Red publica dentro de la vivienda,Mujer,Ocupado,3,3,1.0,31.0,9.0,5.0,0
007444,6,1,Urbano,Costa Centro,Ladrillo o Bloque de cemento,Red publica dentro de la vivienda,Hombre,Ocupado,6,5,1.2,58.0,8.0,,0
007445,5,1,Urbano,Costa Norte,Madera,Red publica dentro de la vivienda,Hombre,Desocupado,3,3,1.0,37.0,11.0,7.0,1
007446,14,1,Urbano,Lima Metropolitana,Ladrillo o Bloque de cemento,Red publica dentro de la vivienda,Hombre,Desocupado,6,4,1.5,46.0,15.0,3.0,1
007447,1,1,Urbano,Lima Metropolitana,Ladrillo o Bloque de cemento,Red publica dentro de la vivienda,Mujer,Inactivo,5,3,1.67,84.0,18.0,,0
007448,8,1,Rural,Sierra Centro,Madera,"Rio, acequia o manantial",Mujer,Ocupado,6,3,2.0,23.0,3.0,4.0,1
007449,13,1,Urbano,Sierra Sur,Otro material,Red publica dentro de la vivienda,Hombre,Ocupado,4,3,1.33,47.0,11.0,4.0,0
007450,19,1,Rural,Sierra Sur,Ladrillo o Bloque de cemento,Pozo,Mujer,Ocupado,4,2,2.0,29.0,3.0,3.0,1
007451,7,1,Urbano,Costa Sur,Ladrillo o Bloque de cemento,Red publica dentro de la vivienda,Hombre,Ocupado,6,3,2.0,40.0,11.0,2.0,1
007452,3,1,Urbano,Sierra Norte,Ladrillo o Bloque de cemento,Red publica dentro de la vivienda,Hombre,Ocupado,8,5,1.6,46.0,10.0,1.0,0
007453,17,1,Urbano,Sierra Sur,Ladrillo o Bloque de cemento,Red publica dentro de la vivienda,Mujer,Ocupado,5,2,2.5,30.0,12.0,2.0,0
007454,17,1,Rural,Selva,Ladrillo o Bloque de cemento,Pozo,Hombre,Ocupado,2,2,1.0,54.0,0.0,3.0,1
007455,18,1,Urbano,Lima Metropolitana,Ladrillo o Bloque de cemento,Red publica fuera de la vivienda,Hombre,Inactivo,1,1,1.0,69.0,11.0,5.0,0
007456,8,1,Urbano,Selva,Ladrillo o Bloque de cemento,Otro,Hombre,Ocupado,4,3,1.33,53.0,11.0,5.0,0
007457,14,1,Urbano,Lima Metropolitana,Ladrillo o Bloque de cemento,Red publica fuera de la vivienda,Hombre,Ocupado,3,3,1.0,60.0,13.0,3.0,0
007458,5,1,Urbano,Lima Metropolitana,Ladrillo o Bloque de cemento,Red publica dentro de la vivienda,Hombre,Inactivo,2,1,2.0,71.0,14.0,8.0,0
007459,17,1,Urbano,Costa Centro,Ladrillo o Bloque de cemento,Red publica dentro de la vivienda,Hombre,Ocupado,5,5,1.0,57.0,12.0,3.0,0
007460,4,1,Urbano,Lima Metropolitana,Adobe,Red publica dentro de la vivienda,Hombre,Ocupado,8,4,2.0,18.0,17.0,4.0,1
007461,5,1,Urbano,Sierra Sur,,Red publica dentro de la vivienda,Mujer,Ocupado,4,3,1.33,51.0,15.0,2.0,0
007462,7,1,Urbano,Selva,Ladrillo o Bloque de cemento,Pozo,Hombre,Ocupado,3,3,1.0,18.0,10.0,4.0,0
007463,16,1,Urbano,Costa Norte,Ladrillo o Bloque de cemento,Red publica dentro de la vivienda,Mujer,Ocupado,6,4,1.5,38.0,9.0,1.0,1
007464,19,1,Urbano,Lima Metropolitana,Madera,Red publica dentro de la vivienda,Hombre,Ocupado,3,3,1.0,27.0,13.0,3.0,0
007465,16,1,Urbano,Lima Metropolitana,Ladrillo o Bloque de cemento,Red publica dentro de la vivienda,Hombre,Ocupado,5,2,2.5,52.0,15.0,3.0,1
007466,6,1,Rural,Costa Norte,Otro material,"Rio, acequia o manantial",Hombre,Ocupado,7,6,1.17,35.0,7.0,,0
007467,7,1,Urbano,Costa Sur,Ladrillo o Bloque de cemento,Otro,Hombre,Ocupado,5,3,1.67,52.0,8.0,2.0,0
007468,14,1,Rural,Costa Sur,Ladrillo o Bloque de cemento,"Rio, acequia o manantial",Hombre,Ocupado,7,5,1.4,59.0,10.0,5.0,0
007469,8,1,Urbano,Lima Metropolitana,Ladrillo o Bloque de cemento,Red publica dentro de la vivienda,Mujer,Ocupado,2,1,2.0,35.0,14.0,4.0,0
007470,11,1,Rural,Selva,Ladrillo o Bloque de cemento,Pozo,Hombre,Ocupado,3,2,1.5,52.0,12.0,6.0,0
007471,8,1,Urbano,Costa Centro,Ladrillo o Bloque de cemento,Red publica dentro de la vivienda,Hombre,Ocupado,8,4,2.0,18.0,9.0,3.0,1
007472,1,1,Urbano,Lima Metropolitana,Ladrillo o Bloque de cemento,Red publica dentro de la vivienda,Mujer,Ocupado,6,3,2.0,27.0,13.0,5.0,0
007473,12,1,Urbano,Sierra Centro,Ladrillo o Bloque de cemento,Red publica dentro de la vivienda,Hombre,Inactivo,6,4,1.5,66.0,12.0,4.0,1
007474,17,1,Urbano,Sierra Sur,Ladrillo o Bloque de cemento,Red publica dentro de la vivienda,Hombre,Desocupado,7,3,2.33,36.0,10.0,4.0,1
007475,6,1,Urbano,Sierra Centro,Ladrillo o Bloque de cemento,Red publica dentro de la vivienda,Hombre,Ocupado,4,3,1.33,41.0,8.0,8.0,0
007476,11,1,Urbano,Selva,Ladrillo o Bloque de cemento,Red publica dentro de la vivienda,Hombre,Ocupado,2,2,1.0,37.0,12.0,6.0,0
007477,3,1,Rural,Sierra Sur,Adobe,"Rio, acequia o manantial",Hombre,Ocupado,4,3,1.33,24.0,5.0,4.0,0
007478,2,1,Urbano,Sierra Norte,,Red publica dentro de la vivienda,Hombre,Ocupado,2,2,1.0,34.0,11.0,5.0,0
007479,15,1,Rural,Sierra Sur,Ladrillo o Bloque de cemento,Red publica dentro de la vivienda,Mujer,Ocupado,4,2,2.0,48.0,7.0,5.0,1
007480,13,1,Urbano,Lima Metropolitana,Adobe,Red publica dentro de la vivienda,Hombre,Ocupado,4,4,1.0,43.0,9.0,5.0,0
007481,7,1,Rural,Selva,Adobe,Otro,Hombre,Desocupado,3,2,1.5,63.0,5.0,5.0,1
007482,19,1,Urbano,Lima Metropolitana,Ladrillo o Bloque de cemento,Red publica dentro de la vivienda,Mujer,Ocupado,8,5,1.6,39.0,11.0,3.0,0
007483,3,1,Urbano,Selva,Adobe,Red publica dentro de la vivienda,Hombre,Ocupado,6,3,2.0,48.0,11.0,3.0,1
007484,16,1,Urbano,Lima Metropolitana,Ladrillo o Bloque de cemento,Red publica dentro de la vivienda,Hombre,Ocupado,3,1,3.0,40.0,14.0,4.0,0
007485,1,1,Rural,Sierra Norte,Madera,Red publica fuera de la vivienda,Hombre,Ocupado,4,2,2.0,61.0,8.0,2.0,0
007486,15,1,Urbano,Lima Metropolitana,Ladrillo o Bloque de cemento,Red publica dentro de la vivienda,Hombre,Ocupado,6,3,2.0,28.0,15.0,5.0,0
007487,3,1,Rural,Sierra Norte,Madera,Red publica dentro de la vivienda,Hombre,Ocupado,4,3,1.33,55.0,7.0,3.0,0
007488,17,1,Urbano,Costa Norte,Ladrillo o Bloque de cemento,Red publica dentro de la vivienda,Mujer,Ocupado,2,1,2.0,54.0,17.0,6.0,0
007489,2,1,Urbano,Costa Centro,Ladrillo o Bloque de cemento,Red publica dentro de la vivienda,Hombre,Ocupado,2,1,2.0,37.0,12.0,4.0,0
007490,6,1,Urbano,Costa Norte,Ladrillo o Bloque de cemento,Red publica dentro de la vivienda,Hombre,Ocupado,5,2,2.5,47.0,7.0,1.0,1
007491,13,1,Urbano,Lima Metropolitana,Adobe,Red publica dentro de la vivienda,Hombre,Ocupado,6,2,3.0,53.0,11.0,8.0,0
007492,3,1,Urbano,Lima Metropolitana,Ladrillo o Bloque de cemento,Red publica dentro de la vivienda,Hombre,Ocupado,5,4,1.25,38.0,18.0,5.0,1
007493,3,1,Urbano,Lima Metropolitana,Ladrillo o Bloque de cemento,Red publica dentro de la vivienda,Hombre,Ocupado,4,3,1.33,38.0,8.0,5.0,0
007494,6,1,Urbano,Costa Centro,Ladrillo o Bloque de cemento,Red publica dentro de la vivienda,Mujer,Ocupado,2,2,1.0,31.0,13.0,2.0,0
007495,4,1,Urbano,Lima Metropolitana,Ladrillo o Bloque de cemento,Red publica dentro de la vivienda,Mujer,Inactivo,4,3,1.33,76.0,18.0,3.0,0
007496,10,1,Urbano,Lima Metropolitana,Ladrillo o Bloque de cemento,Red publica dentro de la vivienda,Hombre,Ocupado,4,2,2.0,41.0,9.0,3.0,0
007497,3,1,Urbano,Sierra Centro,Ladrillo o Bloque de cemento,Red publica fuera de la vivienda,Hombre,Ocupado,5,4,1.25,31.0,16.0,3.0,0
007498,11,1,Rural,Selva,Adobe,Red publica fuera de la vivienda,Hombre,Ocupado,4,2,2.0,23.0,12.0,2.0,1
007499,19,1,Urbano,Lima Metropolitana,,Red publica dentro de la vivienda,Hombre,Ocupado,4,3,1.33,37.0,12.0,5.0,0
007500,19,1,Rural,Costa Norte,Adobe,Red publica dentro de la vivienda,Hombre,Ocupado,3,2,1.5,52.0,,3.0,1
007501,17,1,Urbano,Selva,Ladrillo o Bloque de cemento,Red publica dentro de la vivienda,Hombre,Ocupado,4,4,1.0,44.0,13.0,6.0,0
007502,2,1,Urbano,Lima Metropolitana,Ladrillo o Bloque de cemento,Red publica dentro de la vivienda,Hombre,Ocupado,4,1,4.0,53.0,12.0,4.0,0
007503,2,1,Urbano,Costa Sur,Ladrillo o Bloque de cemento,Red publica dentro de la vivienda,Hombre,Ocupado,2,2,1.0,58.0,10.0,5.0,0
007504,19,1,Urbano,Sierra Sur,Ladrillo o Bloque de cemento,Red publica dentro de la vivienda,Mujer,Ocupado,5,3,1.67,46.0,13.0,6.0,0
007505,5,1,Rural,Selva,Adobe,Red publica fuera de la vivienda,Hombre,Ocupado,3,1,3.0,46.0,7.0,2.0,0
007506,5,1,Urbano,Lima Metropolitana,Ladrillo o Bloque de cemento,Red publica dentro de la vivienda,Mujer,Inactivo,3,2,1.5,70.0,7.0,3.0,1
007507,2,1,Urbano,Lima Metropolitana,Ladrillo o Bloque de cemento,Red publica dentro de la vivienda,Hombre,Ocupado,4,2,2.0,58.0,12.0,3.0,0
007508,18,1,Urbano,Lima Metropolitana,Ladrillo o Bloque de cemento,Red publica dentro de la vivienda,Hombre,Ocupado,3,3,1.0,53.0,14.0,3.0,1
007509,12,1,Urbano,Lima Metropolitana,Ladrillo o Bloque de cemento,Red publica dentro de la vivienda,Hombre,Ocupado,6,4,1.5,43.0,14.0,4.0,0
007510,11,1,Rural,Selva,Madera,"Rio, acequia o manantial",Mujer,Ocupado,4,3,1.33,57.0,11.0,4.0,0
007511,16,1,Rural,Selva,Ladrillo o Bloque de cemento,Red publica fuera de la vivienda,Mujer,Ocupado,3,3,1.0,53.0,0.0,3.0,1
007512,8,1,Urbano,Selva,Adobe,Red publica dentro de la vivienda,Mujer,Ocupado,4,3,1.33,52.0,14.0,2.0,0
007513,6,1,Urbano,Costa Norte,Ladrillo o Bloque de cemento,Pozo,Hombre,Ocupado,9,5,1.8,58.0,10.0,3.0,0
007514,3,1,Urbano,Lima Metropolitana,Madera,Red publica dentro de la vivienda,Hombre,Ocupado,6,3,2.0,53.0,13.0,4.0,0
007515,16,1,Urbano,Lima Metropolitana,Ladrillo o Bloque de cemento,Red publica dentro de la vivienda,Hombre,Ocupado,4,2,2.0,27.0,15.0,3.0,0
007516,8,1,Rural,Selva,Ladrillo o Bloque de cemento,"Rio, acequia o manantial",Mujer,Ocupado,4,4,1.0,49.0,4.0,1.0,1
007517,11,1,Urbano,Lima Metropolitana,Ladrillo o Bloque de cemento,Red publica dentro de la vivienda,Mujer,Ocupado,6,3,2.0,32.0,11.0,1.0,0
007518,4,1,Urbano,Lima Metropolitana,Ladrillo o Bloque de cemento,Otro,Hombre,Ocupado,7,4,1.75,57.0,14.0,4.0,0
007519,1,1,Rural,Sierra Centro,Ladrillo o Bloque de cemento,Red publica dentro de la vivienda,Mujer,Ocupado,5,3,1.67,26.0,5.0,3.0,1
007520,7,1,Urbano,Costa Norte,Ladrillo o Bloque de cemento,Red publica dentro de la vivienda,Hombre,Ocupado,7,5,1.4,48.0,12.0,5.0,0
007521,2,1,Rural,Costa Norte,Adobe,Red publica dentro de la vivienda,Mujer,Desocupado,8,3,2.67,49.0,3.0,4.0,1
007522,6,1,Urbano,Sierra Centro,Ladrillo o Bloque de cemento,Red publica dentro de la vivienda,Hombre,Ocupado,5,3,1.67,32.0,15.0,5.0,0
007523,14,1,Rural,Sierra Sur,Adobe,Red publica dentro de la vivienda,Hombre,Ocupado,3,3,1.0,47.0,9.0,5.0,0
007524,11,1,Rural,Costa Centro,Adobe,Red publica dentro de la vivienda,Hombre,Ocupado,1,1,1.0,59.0,4.0,6.0,0
007525,12,1,Urbano,Costa Sur,Ladrillo o Bloque de cemento,Red publica dentro de la vivienda,Hombre,Ocupado,6,4,1.5,40.0,15.0,2.0,0
007526,17,1,Urbano,Costa Sur,Ladrillo o Bloque de cemento,Red publica dentro de la vivienda,Hombre,Desocupado,9,6,1.5,52.0,12.0,5.0,1
007527,19,1,Urbano,Lima Metropolitana,Ladrillo o Bloque de cemento,Red publica dentro de la vivienda,Mujer,Ocupado,4,2,2.0,55.0,10.0,3.0,0
007528,6,1,Urbano,Lima Metropolitana,Ladrillo o Bloque de cemento,Red publica dentro de la vivienda,Mujer,Ocupado,6,4,1.5,33.0,15.0,4.0,0
007529,17,1,Urbano,Sierra Centro,Ladrillo o Bloque de cemento,Red publica dentro de la vivienda,Hombre,Ocupado,5,3,1.67,49.0,13.0,8.0,1
007530,1,1,Urbano,Costa Centro,Adobe,Red publica dentro de la vivienda,Hombre,Ocupado,5,3,1.67,45.0,6.0,5.0,1
007531,15,1,Urbano,Costa Centro,Ladrillo o Bloque de cemento,Red publica fuera de la vivienda,Hombre,Ocupado,8,4,2.0,48.0,3.0,5.0,0
007532,15,1,Urbano,Costa Norte,Ladrillo o Bloque de cemento,Red publica dentro de la vivienda,Mujer,Ocupado,6,5,1.2,26.0,10.0,3.0,0
007533,11,1,Rural,Sierra Centro,Otro material,"Rio, acequia o manantial",Hombre,Ocupado,5,3,1.67,28.0,4.0,5.0,0
007534,9,1,Urbano,Costa Norte,Ladrillo o Bloque de cemento,Red publica dentro de la vivienda,Hombre,Inactivo,5,2,2.5,65.0,13.0,6.0,1
007535,17,1,Urbano,Sierra Centro,Ladrillo o Bloque de cemento,Red publica fuera de la vivienda,Mujer,Ocupado,5,4,1.25,59.0,9.0,4.0,0
007536,3,1,Urbano,Lima Metropolitana,Ladrillo o Bloque de cemento,Red publica dentro de la vivienda,Mujer,Ocupado,6,3,2.0,51.0,11.0,5.0,1
007537,13,1,Urbano,Selva,Madera,Red publica dentro de la vivienda,Hombre,Ocupado,4,4,1.0,61.0,17.0,3.0,0
007538,9,1,Urbano,Lima Metropolitana,Ladrillo o Bloque de cemento,Red publica dentro de la vivienda,Hombre,Ocupado,4,2,2.0,29.0,17.0,5.0,0
007539,3,1,Urbano,Costa Centro,Ladrillo o Bloque de cemento,Red publica dentro de la vivienda,Mujer,Ocupado,4,3,1.33,45.0,6.0,7.0,0
007540,10,1,Urbano,Sierra Norte,Ladrillo o Bloque de cemento,Red publica dentro de la vivienda,Mujer,Ocupado,3,2,1.5,44.0,15.0,7.0,0
007541,1,1,Urbano,Lima Metropolitana,Ladrillo o Bloque de cemento,Red publica dentro de la vivienda,Hombre,Ocupado,4,3,1.33,37.0,18.0,5.0,0
007542,12,1,Urbano,Sierra Centro,Ladrillo o Bloque de cemento,Red publica fuera de la vivienda,Mujer,Ocupado,9,5,1.8,32.0,11.0,4.0,1
007543,5,1,Urbano,Lima Metropolitana,Madera,Red publica dentro de la vivienda,Hombre,Inactivo,4,3,1.33,66.0,11.0,2.0,0
007544,7,1,Urbano,Lima Metropolitana,Ladrillo o Bloque de cemento,Otro,Mujer,Ocupado,4,2,2.0,39.0,7.0,2.0,1
007545,8,1,Urbano,Selva,Ladrillo o Bloque de cemento,Red publica dentro de la vivienda,Hombre,Ocupado,3,3,1.0,54.0,7.0,,0
007546,3,1,Rural,Sierra Norte,Ladrillo o Bloque de cemento,"Rio, acequia o manantial",Mujer,Ocupado,7,6,1.17,53.0,6.0,3.0,1
007547,13,1,Urbano,Selva,Adobe,Red publica dentro de la vivienda,Mujer,Desocupado,4,3,1.33,63.0,10.0,4.0,0
007548,4,1,Urbano,Costa Norte,Ladrillo o Bloque de cemento,Red publica dentro de la vivienda,Hombre,Ocupado,3,1,3.0,58.0,10.0,5.0,0
007549,16,1,Urbano,Costa Centro,Adobe,Red publica dentro de la vivienda,Mujer,Ocupado,2,1,2.0,44.0,12.0,5.0,0
007550,8,1,Urbano,Costa Norte,Ladrillo o Bloque de cemento,Red publica dentro de la vivienda,Hombre,Ocupado,5,3,1.67,30.0,17.0,5.0,0
007551,1,1,Urbano,Lima Metropolitana,Otro material,Red publica dentro de la vivienda,Hombre,Ocupado,7,6,1.17,,11.0,3.0,0
007552,17,1,Urbano,Lima Metropolitana,Adobe,Red publica dentro de la vivienda,Hombre,Inactivo,5,3,1.67,65.0,11.0,7.0,0
007553,3,1,Urbano,Sierra Norte,Madera,Red publica dentro de la vivienda,Hombre,Inactivo,9,5,1.8,82.0,11.0,5.0,1
007554,6,1,Urbano,Costa Sur,Ladrillo o Bloque de cemento,Red publica dentro de la vivienda,Mujer,Ocupado,5,2,2.5,62.0,10.0,3.0,0
007555,16,1,Urbano,Lima Metropolitana,Ladrillo o Bloque de cemento,Red publica dentro de la vivienda,Hombre,Ocupado,6,3,2.0,39.0,18.0,6.0,0
007556,3,1,Urbano,Lima Metropolitana,Ladrillo o Bloque de cemento,Red publica dentro de la vivienda,Mujer,Desocupado,4,4,1.0,41.0,12.0,6.0,1
007557,4,1,Urbano,Sierra Norte,Ladrillo o Bloque de cemento,"Rio, acequia o manantial",Hombre,Ocupado,5,2,2.5,19.0,14.0,4.0,0
007558,12,1,Rural,Sierra Norte,,Pozo,Hombre,Ocupado,6,5,1.2,37.0,15.0,3.0,0
007559,16,1,Urbano,Lima Metropolitana,Madera,Red publica dentro de la vivienda,Mujer,Ocupado,4,2,2.0,30.0,18.0,4.0,0
007560,17,1,Urbano,Lima Metropolitana,Ladrillo o Bloque de cemento,Red publica dentro de la vivienda,Hombre,Ocupado,2,2,1.0,56.0,12.0,5.0,0
007561,5,1,Urbano,Lima Metropolitana,Ladrillo o Bloque de cemento,Red publica dentro de la vivienda,Hombre,Ocupado,5,3,1.67,61.0,11.0,3.0,0
007562,12,1,Urbano,Sierra Norte,Madera,Red publica dentro de la vivienda,Hombre,Inactivo,6,3,2.0,80.0,8.0,1.0,1
007563,6,1,Urbano,Costa Centro,Ladrillo o Bloque de cemento,,Hombre,Inactivo,5,3,1.67,90.0,11.0,3.0,1
007564,8,1,Urbano,Sierra Sur,Ladrillo o Bloque de cemento,Red publica dentro de la vivienda,Hombre,Ocupado,1,1,1.0,51.0,6.0,6.0,0
007565,8,1,Urbano,Sierra Norte,Ladrillo o Bloque de cemento,Red publica dentro de la vivienda,Hombre,Ocupado,4,3,1.33,40.0,18.0,6.0,0
007566,17,1,Urbano,Lima Metropolitana,Ladrillo o Bloque de cemento,Red publica dentro de la vivienda,Mujer,Ocupado,5,4,1.25,43.0,11.0,4.0,0
007567,18,1,Urbano,Costa Norte,Madera,Red publica dentro de la vivienda,Hombre,Ocupado,5,4,1.25,38.0,11.0,3.0,0
007568,14,1,Urbano,Lima Metropolitana,Ladrillo o Bloque de cemento,Red publica fuera de la vivienda,Hombre,Inactivo,3,1,3.0,81.0,13.0,7.0,0
007569,3,1,Urbano,Lima Metropolitana,Ladrillo o Bloque de cemento,Red publica dentro de la vivienda,Hombre,Ocupado,5,3,1.67,18.0,9.0,4.0,0
007570,2,1,Rural,Lima Metropolitana,Ladrillo o Bloque de cemento,Red publica dentro de la vivienda,Hombre,Inactivo,3,2,1.5,71.0,11.0,5.0,1
007571,2,1,Urbano,Lima Metropolitana,Ladrillo o Bloque de cemento,Red publica dentro de la vivienda,Mujer,Ocupado,2,1,2.0,35.0,,6.0,0
007572,11,1,Urbano,Lima Metropolitana,,Red publica dentro de la vivienda,Hombre,Ocupado,9,2,4.5,43.0,12.0,4.0,1
007573,4,1,Urbano,Costa Norte,Ladrillo o Bloque de cemento,Red publica dentro de la vivienda,Hombre,Ocupado,4,3,1.33,18.0,12.0,3.0,0
007574,15,1,Urbano,Sierra Centro,Ladrillo o Bloque de cemento,Pozo,Hombre,Ocupado,2,1,2.0,63.0,11.0,2.0,0
007575,19,1,Urbano,Costa Norte,Ladrillo o Bloque de cemento,Red publica dentro de la vivienda,Mujer,Ocupado,1,1,1.0,59.0,11.0,7.0,0
007576,9,1,Urbano,Lima Metropolitana,Ladrillo o Bloque de cemento,Red publica dentro de la vivienda,Hombre,Ocupado,4,3,1.33,33.0,10.0,1.0,0
007577,10,1,Urbano,Lima Metropolitana,Ladrillo o Bloque de cemento,Red publica dentro de la vivienda,Mujer,Ocupado,6,4,1.5,64.0,13.0,4.0,0
007578,9,1,Rural,Costa Norte,Adobe,Red publica fuera de la vivienda,Hombre,Ocupado,4,4,1.0,61.0,8.0,1.0,0
007579,18,1,Urbano,Costa Norte,Ladrillo o Bloque de cemento,Otro,Hombre,Ocupado,6,3,2.0,41.0,8.0,4.0,0
007580,4,1,Rural,Sierra Centro,Ladrillo o Bloque de cemento,Red publica fuera de la vivienda,Mujer,Desocupado,6,3,2.0,19.0,8.0,7.0,1
007581,2,1,Rural,Sierra Norte,Madera,Red publica fuera de la vivienda,Hombre,Desocupado,6,6,1.0,45.0,0.0,4.0,1
007582,4,1,Urbano,Lima Metropolitana,Adobe,"Rio, acequia o manantial",Hombre,Ocupado,2,2,1.0,63.0,17.0,3.0,0
007583,11,1,Urbano,Costa Centro,Ladrillo o Bloque de cemento,Red publica dentro de la vivienda,Mujer,Ocupado,4,3,1.33,35.0,7.0,5.0,0
007584,15,1,Urbano,Lima Metropolitana,Ladrillo o Bloque de cemento,Red publica dentro de la vivienda,Hombre,Ocupado,4,4,1.0,63.0,7.0,4.0,0
007585,5,1,Urbano,Selva,Ladrillo o Bloque de cemento,Red publica dentro de la vivienda,Hombre,Ocupado,3,3,1.0,36.0,9.0,4.0,0
007586,4,1,Urbano,Sierra Centro,Ladrillo o Bloque de cemento,Red publica fuera de la vivienda,Mujer,Ocupado,4,1,4.0,47.0,12.0,4.0,0
007587,5,1,Rural,Costa Centro,Ladrillo o Bloque de cemento,Red publica dentro de la vivienda,Hombre,Ocupado,3,2,1.5,38.0,6.0,5.0,0
007588,2,1,Urbano,Lima Metropolitana,Ladrillo o Bloque de cemento,Otro,Hombre,Ocupado,4,2,2.0,50.0,15.0,6.0,0
007589,5,1,Rural,Selva,Ladrillo o Bloque de cemento,Pozo,Mujer,Ocupado,3,1,3.0,59.0,6.0,3.0,1
007590,17,1,Urbano,Sierra Sur,Ladrillo o Bloque de cemento,Red publica dentro de la vivienda,Mujer,Inactivo,7,5,1.4,71.0,10.0,4.0,1
007591,17,1,Urbano,Sierra Centro,Ladrillo o Bloque de cemento,Red publica dentro de la vivienda,Hombre,Ocupado,5,4,1.25,51.0,11.0,2.0,0
007592,12,1,Rural,Lima Metropolitana,Madera,"Rio, acequia o manantial",Hombre,Ocupado,7,4,1.75,26.0,14.0,3.0,0
007593,18,1,Urbano,Lima Metropolitana,Madera,Red publica dentro de la vivienda,Hombre,Ocupado,6,5,1.2,57.0,11.0,3.0,0
007594,2,1,Urbano,Lima Metropolitana,Ladrillo o Bloque de cemento,Red publica dentro de la vivienda,Hombre,Ocupado,2,2,1.0,44.0,18.0,4.0,0
007595,7,1,Urbano,Selva,Ladrillo o Bloque de cemento,Red publica dentro de la vivienda,Hombre,Ocupado,4,3,1.33,44.0,18.0,4.0,0
007596,9,1,Urbano,Lima Metropolitana,Adobe,Red publica fuera de la vivienda,Hombre,Ocupado,3,2,1.5,49.0,9.0,5.0,0
007597,19,1,Rural,Sierra Norte,Adobe,Pozo,Hombre,Ocupado,3,1,3.0,,10.0,3.0,0
007598,1,1,Urbano,Lima Metropolitana,Ladrillo o Bloque de cemento,Red publica dentro de la vivienda,Hombre,Ocupado,4,2,2.0,42.0,11.0,5.0,0
007599,6,1,Urbano,Sierra Centro,Ladrillo o Bloque de cemento,Red publica dentro de la vivienda,Hombre,Ocupado,1,1,1.0,56.0,12.0,8.0,0
007600,8,1,Urbano,Selva,Ladrillo o Bloque de cemento,Red publica dentro de la vivienda,Mujer,Ocupado,6,3,2.0,54.0,6.0,2.0,0
007601,3,1,Urbano,Lima Metropolitana,Ladrillo o Bloque de cemento,Red publica fuera de la vivienda,Hombre,Ocupado,5,2,2.5,56.0,12.0,7.0,1
007602,2,1,Urbano,Lima Metropolitana,Ladrillo o Bloque de cemento,Red publica dentro de la vivienda,Hombre,Ocupado,3,1,3.0,60.0,18.0,3.0,0
007603,13,1,Urbano,Selva,Ladrillo o Bloque de cemento,Red publica dentro de la vivienda,Mujer,Ocupado,2,1,2.0,18.0,9.0,5.0,0
007604,18,1,Rural,Selva,Madera,"Rio, acequia o manantial",Hombre,Ocupado,6,5,1.2,43.0,9.0,2.0,0
007605,2,1,Urbano,Lima Metropolitana,Ladrillo o Bloque de cemento,Red publica dentro de la vivienda,Hombre,Ocupado,7,4,1.75,46.0,13.0,5.0,0
007606,8,1,Urbano,Lima Metropolitana,Ladrillo o Bloque de cemento,Red publica dentro de la vivienda,Hombre,Ocupado,2,1,2.0,45.0,11.0,2.0,0
007607,3,1,Urbano,Lima Metropolitana,Ladrillo o Bloque de cemento,Red publica dentro de la vivienda,Hombre,Ocupado,4,2,2.0,36.0,17.0,4.0,0
007608,17,1,Urbano,Costa Norte,Otro material,Red publica dentro de la vivienda,Hombre,Ocupado,5,4,1.25,39.0,10.0,4.0,0
007609,7,1,Rural,Sierra Norte,Otro material,"Rio, acequia o manantial",Hombre,Ocupado,5,5,1.0,55.0,7.0,5.0,0
007610,7,1,Urbano,Lima Metropolitana,Ladrillo o Bloque de cemento,Red publica dentro de la vivienda,Hombre,Ocupado,3,1,3.0,54.0,14.0,6.0,0
007611,10,1,Urbano,Lima Metropolitana,Ladrillo o Bloque de cemento,Red publica fuera de la vivienda,Hombre,Ocupado,6,3,2.0,48.0,17.0,5.0,0
007612,17,1,Urbano,Lima Metropolitana,Ladrillo o Bloque de cemento,Red publica dentro de la vivienda,Mujer,Ocupado,5,3,1.67,34.0,12.0,4.0,0
007613,9,1,Urbano,Lima Metropolitana,Otro material,Red publica dentro de la vivienda,Mujer,Ocupado,6,4,1.5,60.0,,5.0,0
007614,6,1,Rural,Sierra Sur,Adobe,Otro,Hombre,Ocupado,6,5,1.2,59.0,1.0,3.0,0
007615,13,1,Urbano,Sierra Centro,Adobe,,Hombre,Ocupado,3,2,1.5,64.0,9.0,1.0,0
007616,19,1,Urbano,Lima Metropolitana,Adobe,Red publica dentro de la vivienda,Mujer,Ocupado,7,4,1.75,37.0,17.0,7.0,0
007617,13,1,Urbano,Sierra Norte,,Red publica dentro de la vivienda,Hombre,Inactivo,5,5,1.0,90.0,9.0,4.0,1
007618,1,1,Urbano,Lima Metropolitana,Ladrillo o Bloque de cemento,Red publica dentro de la vivienda,Mujer,Ocupado,4,2,2.0,51.0,13.0,5.0,0
007619,10,1,Urbano,Lima Metropolitana,Otro material,Pozo,Hombre,Ocupado,7,5,1.4,37.0,10.0,5.0,0
007620,10,1,Urbano,Lima Metropolitana,Madera,"Rio, acequia o manantial",Hombre,Inactivo,5,3,1.67,81.0,8.0,3.0,0
007621,17,1,Urbano,Sierra Norte,Ladrillo o Bloque de cemento,Red publica dentro de la vivienda,Hombre,Ocupado,2,1,2.0,58.0,10.0,3.0,0
007622,16,1,Urbano,Lima Metropolitana,Ladrillo o Bloque de cemento,Red publica dentro de la vivienda,Hombre,Ocupado,8,4,2.0,51.0,15.0,2.0,0
007623,10,1,Urbano,Costa Centro,Ladrillo o Bloque de cemento,Red publica dentro de la vivienda,Hombre,Ocupado,6,2,3.0,53.0,9.0,3.0,0
007624,7,1,Urbano,Costa Centro,Ladrillo o Bloque de cemento,Red publica fuera de la vivienda,Hombre,Inactivo,5,3,1.67,66.0,11.0,7.0,0
007625,11,1,Rural,Sierra Sur,Otro material,Pozo,Mujer,Ocupado,2,1,2.0,52.0,5.0,5.0,0
007626,10,1,Urbano,Costa Norte,Ladrillo o Bloque de cemento,Red publica dentro de la vivienda,Mujer,Ocupado,4,3,1.33,24.0,13.0,3.0,0
007627,7,1,Urbano,Lima Metropolitana,Ladrillo o Bloque de cemento,Pozo,Hombre,Ocupado,5,4,1.25,48.0,8.0,2.0,0
007628,9,1,Urbano,Lima Metropolitana,Ladrillo o Bloque de cemento,Red publica dentro de la vivienda,Hombre,Ocupado,4,2,2.0,61.0,12.0,3.0,0
007629,17,1,Urbano,Costa Norte,Adobe,Red publica dentro de la vivienda,Hombre,Ocupado,6,3,2.0,47.0,10.0,6.0,0
007630,18,1,Urbano,Lima Metropolitana,Ladrillo o Bloque de cemento,Red publica fuera de la vivienda,Hombre,Ocupado,5,3,1.67,34.0,10.0,4.0,0
007631,1,1,Urbano,Selva,Ladrillo o Bloque de cemento,Red publica dentro de la vivienda,Mujer,Ocupado,4,2,2.0,47.0,15.0,4.0,0
007632,15,1,Urbano,Lima Metropolitana,Ladrillo o Bloque de cemento,Red publica dentro de la vivienda,Hombre,Ocupado,4,1,4.0,60.0,7.0,2.0,0
007633,11,1,Urbano,Lima Metropolitana,Ladrillo o Bloque de cemento,Red publica dentro de la vivienda,Mujer,Inactivo,5,3,1.67,66.0,14.0,3.0,0
007634,11,1,Urbano,Selva,Ladrillo o Bloque de cemento,Red publica dentro de la vivienda,Hombre,Ocupado,8,4,2.0,32.0,13.0,2.0,1
007635,8,1,Urbano,Costa Centro,Ladrillo o Bloque de cemento,Red publica dentro de la vivienda,Hombre,Ocupado,3,1,3.0,32.0,10.0,5.0,1
007636,17,1,Urbano,Costa Norte,Ladrillo o Bloque de cemento,Red publica dentro de la vivienda,Hombre,Ocupado,9,4,2.25,47.0,18.0,4.0,0
007637,10,1,Urbano,Sierra Sur,Ladrillo o Bloque de cemento,Otro,Mujer,Ocupado,6,5,1.2,38.0,,6.0,0
007638,2,1,Urbano,Lima Metropolitana,Ladrillo o Bloque de cemento,Red publica dentro de la vivienda,Hombre,Ocupado,6,4,1.5,40.0,11.0,6.0,0
007639,2,1,Rural,Selva,Madera,Pozo,Hombre,Ocupado,8,4,2.0,44.0,9.0,6.0,0
007640,9,1,Rural,Sierra Centro,Adobe,Red publica dentro de la vivienda,Hombre,Desocupado,4,2,2.0,59.0,5.0,2.0,0
007641,8,1,Rural,Costa Norte,Madera,Pozo,Hombre,Ocupado,6,5,1.2,36.0,6.0,3.0,0
007642,16,1,Urbano,Lima Metropolitana,Adobe,Red publica dentro de la vivienda,Hombre,Ocupado,4,2,2.0,32.0,16.0,2.0,0
007643,13,1,Rural,Sierra Norte,Adobe,"Rio, acequia o manantial",Hombre,Desocupado,3,2,1.5,38.0,9.0,3.0,1
007644,8,1,Rural,Lima Metropolitana,Adobe,Pozo,Hombre,Ocupado,8,6,1.33,27.0,12.0,5.0,0
007645,8,1,Urbano,Lima Metropolitana,Ladrillo o Bloque de cemento,Red publica dentro de la vivienda,Mujer,Ocupado,6,3,2.0,49.0,5.0,2.0,0
007646,19,1,Rural,Sierra Norte,Madera,"Rio, acequia o manantial",Hombre,Ocupado,5,4,1.25,50.0,8.0,1.0,1
007647,4,1,Urbano,Costa Norte,Otro material,Red publica dentro de la vivienda,Mujer,Ocupado,3,3,1.0,62.0,16.0,6.0,0
007648,12,1,Urbano,Sierra Centro,Ladrillo o Bloque de cemento,Red publica dentro de la vivienda,Hombre,Ocupado,5,4,1.25,33.0,8.0,4.0,0
007649,2,1,Urbano,Sierra Norte,Madera,Red publica dentro de la vivienda,Hombre,Ocupado,3,2,1.5,50.0,12.0,2.0,0
007650,4,1,Urbano,Lima Metropolitana,Ladrillo o Bloque de cemento,"Rio, acequia o manantial",Mujer,Ocupado,4,3,1.33,53.0,12.0,4.0,0
007651,3,1,Urbano,Lima Metropolitana,Ladrillo o Bloque de cemento,Red publica dentro de la vivienda,Mujer,Ocupado,7,6,1.17,26.0,15.0,4.0,0
007652,10,1,Urbano,Costa Sur,Ladrillo o Bloque de cemento,Red publica fuera de la vivienda,Mujer,Ocupado,5,4,1.25,51.0,10.0,2.0,1
007653,12,1,Urbano,Selva,Ladrillo o Bloque de cemento,Red publica dentro de la vivienda,Hombre,Ocupado,2,2,1.0,52.0,14.0,3.0,0
007654,9,1,Urbano,Costa Norte,Ladrillo o Bloque de cemento,Red publica dentro de la vivienda,Hombre,Ocupado,6,3,2.0,46.0,10.0,7.0,0
007655,14,1,Rural,Costa Sur,Madera,Red publica dentro de la vivienda,Hombre,Ocupado,4,3,1.33,30.0,16.0,3.0,0
007656,1,1,Urbano,Lima Metropolitana,Ladrillo o Bloque de cemento,Red publica dentro de la vivienda,Hombre,Ocupado,5,2,2.5,47.0,14.0,6.0,0
007657,15,1,Urbano,Lima Metropolitana,Adobe,Red publica dentro de la vivienda,Hombre,Ocupado,2,2,1.0,21.0,18.0,5.0,0
007658,5,1,Urbano,Lima Metropolitana,Adobe,Red publica dentro de la vivienda,Hombre,Ocupado,7,4,1.75,53.0,15.0,6.0,0
007659,3,1,Urbano,Costa Centro,Ladrillo o Bloque de cemento,Red publica dentro de la vivienda,Hombre,Ocupado,5,5,1.0,58.0,10.0,4.0,0
007660,4,1,Urbano,Selva,Ladrillo o Bloque de cemento,Red publica dentro de la vivienda,Mujer,Ocupado,1,1,1.0,45.0,11.0,1.0,0
007661,13,1,Urbano,Sierra Sur,Ladrillo o Bloque de cemento,Red publica fuera de la vivienda,Hombre,Inactivo,5,5,1.0,66.0,13.0,7.0,1
007662,16,1,Urbano,Lima Metropolitana,Ladrillo o Bloque de cemento,Red publica dentro de la vivienda,Hombre,Ocupado,3,2,1.5,38.0,6.0,2.0,0
007663,10,1,Urbano,Lima Metropolitana,Ladrillo o Bloque de cemento,Red publica dentro de la vivienda,Hombre,Ocupado,4,4,1.0,38.0,16.0,6.0,0
007664,11,1,Urbano,Lima Metropolitana,Ladrillo o Bloque de cemento,Red publica dentro de la vivienda,Hombre,Ocupado,3,2,1.5,44.0,13.0,7.0,0
007665,13,1,Urbano,Costa Centro,Otro material,Red publica dentro de la vivienda,Mujer,Inactivo,3,2,1.5,80.0,13.0,4.0,0
007666,3,1,Urbano,Sierra Sur,Otro material,Red publica dentro de la vivienda,Hombre,Ocupado,3,2,1.5,44.0,13.0,3.0,0
007667,19,1,Urbano,Lima Metropolitana,,Otro,Hombre,Inactivo,3,3,1.0,78.0,9.0,6.0,0
007668,15,1,Urbano,Sierra Centro,Ladrillo o Bloque de cemento,Pozo,Mujer,Ocupado,6,5,1.2,47.0,12.0,3.0,0
007669,11,1,Urbano,Lima Metropolitana,Ladrillo o Bloque de cemento,Pozo,Hombre,Ocupado,6,6,1.0,37.0,13.0,4.0,0
007670,5,1,Rural,Selva,Madera,Pozo,Hombre,Inactivo,7,5,1.4,75.0,3.0,4.0,1
007671,5,1,Urbano,Lima Metropolitana,Adobe,Otro,Hombre,Ocupado,3,1,3.0,51.0,18.0,6.0,0
007672,10,1,Rural,Costa Centro,Otro material,Red publica fuera de la vivienda,Hombre,Ocupado,3,2,1.5,44.0,13.0,6.0,0
007673,6,1,Urbano,Lima Metropolitana,Ladrillo o Bloque de cemento,Otro,Hombre,Ocupado,2,2,1.0,60.0,12.0,3.0,0
007674,3,1,Urbano,Sierra Centro,Ladrillo o Bloque de cemento,Red publica fuera de la vivienda,Mujer,Inactivo,7,5,1.4,65.0,13.0,7.0,1
007675,12,1,Rural,Sierra Sur,Madera,Red publica dentro de la vivienda,Hombre,Ocupado,6,5,1.2,40.0,7.0,2.0,0
007676,16,1,Rural,Selva,Adobe,Red publica fuera de la vivienda,Hombre,Ocupado,9,7,1.29,61.0,6.0,3.0,1
007677,12,1,Urbano,Sierra Norte,Ladrillo o Bloque de cemento,Red publica dentro de la vivienda,Hombre,Ocupado,3,2,1.5,45.0,10.0,4.0,1
007678,5,1,Urbano,Lima Metropolitana,Adobe,Red publica dentro de la vivienda,Hombre,Ocupado,4,4,1.0,34.0,9.0,4.0,0
007679,14,1,Urbano,Lima Metropolitana,Ladrillo o Bloque de cemento,Red publica dentro de la vivienda,Hombre,Ocupado,7,5,1.4,38.0,14.0,4.0,0
007680,7,1,Urbano,Lima Metropolitana,Madera,Red publica dentro de la vivienda,Hombre,Ocupado,4,2,2.0,32.0,11.0,5.0,0
007681,7,1,Urbano,Lima Metropolitana,Adobe,Red publica dentro de la vivienda,Hombre,Ocupado,8,6,1.33,49.0,15.0,5.0,0
007682,13,1,Urbano,Lima Metropolitana,Ladrillo o Bloque de cemento,Red publica dentro de la vivienda,Hombre,Ocupado,4,2,2.0,49.0,11.0,4.0,1
007683,16,1,Rural,Sierra Sur,Ladrillo o Bloque de cemento,Pozo,Hombre,Ocupado,4,4,1.0,,3.0,3.0,0
007684,7,1,Urbano,Lima Metropolitana,Ladrillo o Bloque de cemento,Red publica dentro de la vivienda,Hombre,Ocupado,3,1,3.0,60.0,11.0,5.0,0
007685,4,1,Rural,Costa Norte,Adobe,Red publica dentro de la vivienda,Hombre,Ocupado,2,2,1.0,42.0,8.0,4.0,0
007686,2,1,Urbano,Lima Metropolitana,Ladrillo o Bloque de cemento,Red publica dentro de la vivienda,Hombre,Ocupado,4,3,1.33,45.0,12.0,5.0,0
007687,10,1,Urbano,Sierra Sur,Ladrillo o Bloque de cemento,Red publica dentro de la vivienda,Mujer,Ocupado,3,3,1.0,39.0,8.0,2.0,1
007688,6,1,Urbano,Lima Metropolitana,Madera,Red publica dentro de la vivienda,Hombre,Ocupado,3,2,1.5,50.0,18.0,6.0,0
007689,6,1,Rural,Sierra Centro,Madera,"Rio, acequia o manantial",Hombre,Ocupado,3,2,1.5,45.0,2.0,2.0,1
007690,11,1,Urbano,Sierra Centro,Adobe,Red publica dentro de la vivienda,Hombre,Ocupado,4,3,1.33,49.0,15.0,5.0,0
007691,14,1,Rural,Costa Norte,Adobe,Red publica dentro de la vivienda,Mujer,Inactivo,7,6,1.17,68.0,10.0,4.0,0
007692,13,1,Rural,Sierra Sur,Ladrillo o Bloque de cemento,Pozo,Hombre,Inactivo,4,3,1.33,69.0,10.0,2.0,0
007693,15,1,Rural,Sierra Centro,Adobe,Red publica dentro de la vivienda,Hombre,Ocupado,2,1,2.0,39.0,9.0,2.0,0
007694,14,1,Urbano,Costa Sur,Adobe,Red publica dentro de la vivienda,Hombre,Ocupado,6,4,1.5,59.0,9.0,5.0,0
007695,7,1,Urbano,Sierra Norte,Ladrillo o Bloque de cemento,Red publica dentro de la vivienda,Mujer,Ocupado,6,3,2.0,57.0,9.0,5.0,1
007696,5,1,Urbano,Selva,Adobe,Red publica dentro de la vivienda,Hombre,Ocupado,2,1,2.0,40.0,17.0,5.0,0
007697,19,1,Urbano,Sierra Norte,Madera,Red publica dentro de la vivienda,Hombre,Inactivo,6,5,1.2,68.0,15.0,6.0,0
007698,19,1,Urbano,Lima Metropolitana,Ladrillo o Bloque de cemento,Red publica dentro de la vivienda,Mujer,Desocupado,5,2,2.5,27.0,14.0,2.0,0
007699,13,1,Urbano,Costa Centro,Ladrillo o Bloque de cemento,Red publica dentro de la vivienda,Hombre,Ocupado,2,1,2.0,63.0,9.0,5.0,0
007700,2,1,Rural,Selva,Madera,"Rio, acequia o manantial",Hombre,Ocupado,3,2,1.5,46.0,4.0,5.0,0
007701,14,1,Urbano,Costa Centro,Adobe,Red publica dentro de la vivienda,Hombre,Ocupado,4,1,4.0,33.0,8.0,5.0,1
007702,10,1,Urbano,Selva,Ladrillo o Bloque de cemento,Red publica dentro de la vivienda,Hombre,Ocupado,5,4,1.25,45.0,9.0,3.0,1
007703,3,1,Rural,Selva,Adobe,"Rio, acequia o manantial",Mujer,Inactivo,4,3,1.33,74.0,6.0,2.0,1
007704,7,1,Urbano,Lima Metropolitana,Madera,Red publica dentro de la vivienda,Hombre,Inactivo,4,4,1.0,83.0,13.0,7.0,0
007705,9,1,Urbano,Sierra Sur,Ladrillo o Bloque de cemento,Red publica dentro de la vivienda,Hombre,Ocupado,6,3,2.0,37.0,15.0,6.0,1
007706,6,1,Rural,Selva,Adobe,Pozo,Mujer,Ocupado,3,2,1.5,47.0,14.0,3.0,0
007707,10,1,Urbano,Costa Sur,Ladrillo o Bloque de cemento,Red publica dentro de la vivienda,Hombre,Ocupado,3,2,1.5,45.0,16.0,4.0,0
007708,17,1,Urbano,Sierra Sur,Ladrillo o Bloque de cemento,"Rio, acequia o manantial",Hombre,Ocupado,3,2,1.5,48.0,7.0,4.0,0
007709,6,1,Rural,Sierra Centro,Madera,Red publica dentro de la vivienda,Mujer,Inactivo,4,2,2.0,71.0,4.0,6.0,1
007710,13,1,Rural,Lima Metropolitana,Otro material,"Rio, acequia o manantial",Mujer,Ocupado,3,3,1.0,43.0,5.0,4.0,0
007711,7,1,Urbano,Sierra Sur,Adobe,Red publica dentro de la vivienda,Mujer,Ocupado,3,2,1.5,37.0,15.0,6.0,0
007712,10,1,Urbano,Lima Metropolitana,Madera,Red publica fuera de la vivienda,Hombre,Ocupado,2,1,2.0,42.0,15.0,5.0,0
007713,18,1,Rural,Sierra Sur,Otro material,Red publica dentro de la vivienda,Mujer,Ocupado,4,2,2.0,45.0,5.0,1.0,0
007714,8,1,Urbano,Costa Sur,Ladrillo o Bloque de cemento,Red publica dentro de la vivienda,Hombre,Ocupado,4,3,1.33,59.0,11.0,3.0,0
007715,2,1,Urbano,Sierra Norte,Ladrillo o Bloque de cemento,Red publica dentro de la vivienda,Hombre,Ocupado,5,4,1.25,50.0,12.0,4.0,0
007716,13,1,Urbano,Costa Norte,Ladrillo o Bloque de cemento,Red publica dentro de la vivienda,Hombre,Ocupado,4,4,1.0,57.0,13.0,2.0,0
007717,5,1,Rural,Selva,Ladrillo o Bloque de cemento,Pozo,Hombre,Ocupado,4,1,4.0,63.0,11.0,2.0,0
007718,18,1,Urbano,Lima Metropolitana,Madera,Red publica fuera de la vivienda,Hombre,Desocupado,6,4,1.5,44.0,14.0,7.0,1
007719,1,1,Urbano,Lima Metropolitana,Ladrillo o Bloque de cemento,Red publica dentro de la vivienda,Mujer,Ocupado,5,2,2.5,47.0,12.0,4.0,0
007720,12,1,Urbano,Sierra Sur,Ladrillo o Bloque de cemento,Red publica dentro de la vivienda,Hombre,Ocupado,6,5,1.2,55.0,13.0,3.0,0
007721,16,1,Urbano,Costa Sur,Ladrillo o Bloque de cemento,Red publica dentro de la vivienda,Hombre,Ocupado,5,5,1.0,39.0,11.0,4.0,0
007722,4,1,Urbano,Lima Metropolitana,Ladrillo o Bloque de cemento,"Rio, acequia o manantial",Hombre,Ocupado,6,4,1.5,49.0,14.0,,1
007723,5,1,Urbano,Costa Norte,Ladrillo o Bloque de cemento,Red publica dentro de la vivienda,Hombre,Ocupado,4,2,2.0,,11.0,3.0,0
007724,12,1,Urbano,Sierra Centro,Ladrillo o Bloque de cemento,Red publica dentro de la vivienda,Hombre,Ocupado,4,3,1.33,50.0,15.0,5.0,0
007725,5,1,Urbano,Lima Metropolitana,Ladrillo o Bloque de cemento,Red publica dentro de la vivienda,Hombre,Inactivo,9,5,1.8,66.0,17.0,,1
007726,17,1,Rural,Sierra Centro,Madera,Red publica dentro de la vivienda,Mujer,Ocupado,2,2,1.0,35.0,6.0,4.0,0
007727,13,1,Urbano,Costa Centro,Otro material,Red publica dentro de la vivienda,Hombre,Ocupado,8,6,1.33,53.0,18.0,5.0,0
007728,12,1,Urbano,Sierra Norte,Adobe,Red publica dentro de la vivienda,Mujer,Desocupado,3,3,1.0,56.0,,5.0,1
007729,2,1,Urbano,Selva,Ladrillo o Bloque de cemento,Red publica fuera de la vivienda,Hombre,Ocupado,3,2,1.5,52.0,13.0,4.0,1
007730,11,1,Urbano,Costa Centro,Ladrillo o Bloque de cemento,Pozo,Hombre,Ocupado,3,2,1.5,44.0,16.0,4.0,0
007731,15,1,Urbano,Lima Metropolitana,Madera,Red publica dentro de la vivienda,Hombre,Ocupado,3,3,1.0,28.0,18.0,2.0,0
007732,17,1,Rural,Sierra Sur,Otro material,Red publica dentro de la vivienda,Mujer,Ocupado,8,5,1.6,64.0,11.0,4.0,0
007733,1,1,Rural,Sierra Centro,Ladrillo o Bloque de cemento,Red publica dentro de la vivienda,Hombre,Ocupado,3,2,1.5,28.0,8.0,4.0,0
007734,7,1,Urbano,Sierra Norte,Madera,Red publica dentro de la vivienda,Hombre,Ocupado,8,6,1.33,29.0,10.0,4.0,0
007735,6,1,Urbano,Lima Metropolitana,Ladrillo o Bloque de cemento,Red publica dentro de la vivienda,Mujer,Ocupado,4,3,1.33,56.0,14.0,7.0,0
007736,17,1,Urbano,Sierra Centro,Ladrillo o Bloque de cemento,Red publica dentro de la vivienda,Mujer,Desocupado,2,2,1.0,43.0,13.0,5.0,0
007737,6,1,Urbano,Lima Metropolitana,Ladrillo o Bloque de cemento,Red publica dentro de la vivienda,Hombre,Ocupado,3,2,1.5,50.0,14.0,6.0,0
007738,17,1,Urbano,Sierra Sur,Ladrillo o Bloque de cemento,Red publica dentro de la vivienda,Hombre,Ocupado,3,1,3.0,30.0,11.0,6.0,0
007739,3,1,Rural,Costa Norte,Adobe,Red publica dentro de la vivienda,Hombre,Ocupado,2,2,1.0,52.0,4.0,1.0,0
007740,1,1,Rural,Sierra Sur,Adobe,Red publica dentro de la vivienda,Hombre,Ocupado,6,5,1.2,60.0,8.0,3.0,0
007741,7,1,Urbano,Selva,Ladrillo o Bloque de cemento,Red publica dentro de la vivienda,Hombre,Ocupado,3,2,1.5,26.0,9.0,3.0,1
007742,18,1,Rural,Sierra Sur,Madera,Red publica dentro de la vivienda,Hombre,Ocupado,4,1,4.0,52.0,1.0,3.0,0
007743,17,1,Urbano,Lima Metropolitana,Madera,Red publica dentro de la vivienda,Mujer,Ocupado,6,3,2.0,61.0,10.0,3.0,0
007744,17,1,Urbano,Lima Metropolitana,Ladrillo o Bloque de cemento,Red publica dentro de la vivienda,Hombre,Ocupado,2,1,2.0,29.0,11.0,3.0,0
007745,2,1,Urbano,Lima Metropolitana,Madera,Red publica dentro de la vivienda,Hombre,Ocupado,4,3,1.33,50.0,10.0,5.0,0
007746,6,1,Rural,Selva,Ladrillo o Bloque de cemento,Red publica dentro de la vivienda,Hombre,Ocupado,8,3,2.67,49.0,7.0,6.0,0
007747,3,1,Urbano,Selva,Ladrillo o Bloque de cemento,Red publica dentro de la vivienda,Hombre,Ocupado,4,2,2.0,,7.0,1.0,1
007748,7,1,Urbano,Lima Metropolitana,Ladrillo o Bloque de cemento,Red publica dentro de la vivienda,Hombre,Ocupado,4,2,2.0,44.0,9.0,2.0,0
007749,10,1,Rural,Sierra Norte,Adobe,"Rio, acequia o manantial",Hombre,Ocupado,3,3,1.0,28.0,11.0,6.0,0
007750,14,1,Urbano,Lima Metropolitana,Ladrillo o Bloque de cemento,Red publica dentro de la vivienda,Mujer,Ocupado,4,2,2.0,42.0,16.0,5.0,0
007751,7,1,Urbano,Lima Metropolitana,Ladrillo o Bloque de cemento,Red publica dentro de la vivienda,Hombre,Ocupado,3,3,1.0,40.0,14.0,2.0,0
007752,6,1,Urbano,Sierra Norte,Ladrillo o Bloque de cemento,Red publica dentro de la vivienda,Mujer,Ocupado,2,1,2.0,47.0,16.0,5.0,0
007753,5,1,Urbano,Lima Metropolitana,Ladrillo o Bloque de cemento,,Mujer,Inactivo,2,2,1.0,65.0,10.0,2.0,0
007754,6,1,Urbano,Lima Metropolitana,Adobe,Red publica dentro de la vivienda,Hombre,Ocupado,4,3,1.33,27.0,,3.0,0
007755,7,1,Rural,Sierra Sur,Ladrillo o Bloque de cemento,Red publica fuera de la vivienda,Mujer,Ocupado,7,3,2.33,61.0,6.0,1.0,1
007756,14,1,Urbano,Lima Metropolitana,Adobe,Red publica dentro de la vivienda,Hombre,Inactivo,5,2,2.5,73.0,17.0,3.0,1
007757,16,1,Urbano,Costa Centro,Madera,Red publica dentro de la vivienda,Hombre,Inactivo,7,4,1.75,72.0,12.0,3.0,0
007758,5,1,Rural,Costa Norte,Adobe,"Rio, acequia o manantial",Hombre,Inactivo,6,2,3.0,73.0,4.0,3.0,1
007759,16,1,Urbano,Sierra Centro,Ladrillo o Bloque de cemento,Red publica dentro de la vivienda,Hombre,Ocupado,9,7,1.29,51.0,15.0,5.0,0
007760,12,1,Rural,Selva,Adobe,Red publica dentro de la vivienda,Hombre,Ocupado,7,6,1.17,49.0,5.0,4.0,0
007761,9,1,Rural,Sierra Centro,Otro material,Pozo,Hombre,Ocupado,4,2,2.0,23.0,3.0,2.0,0
007762,6,1,Urbano,Lima Metropolitana,Adobe,Red publica dentro de la vivienda,Hombre,Ocupado,6,4,1.5,45.0,17.0,4.0,0
007763,10,1,Rural,Sierra Norte,Madera,"Rio, acequia o manantial",Mujer,Ocupado,5,4,1.25,64.0,9.0,2.0,0
007764,1,1,Rural,Sierra Norte,Ladrillo o Bloque de cemento,Pozo,Hombre,Ocupado,4,2,2.0,28.0,4.0,3.0,0
007765,9,1,Urbano,Lima Metropolitana,Ladrillo o Bloque de cemento,Red publica dentro de la vivienda,Hombre,Ocupado,3,2,1.5,36.0,12.0,4.0,0
007766,8,1,Urbano,Costa Norte,Ladrillo o Bloque de cemento,Red publica dentro de la vivienda,Hombre,Ocupado,6,4,1.5,50.0,11.0,4.0,0
007767,4,1,Rural,Lima Metropolitana,Ladrillo o Bloque de cemento,Pozo,Mujer,Ocupado,6,4,1.5,25.0,5.0,5.0,0
007768,9,1,Urbano,Sierra Centro,Ladrillo o Bloque de cemento,Red publica dentro de la vivienda,Hombre,Inactivo,4,2,2.0,74.0,8.0,4.0,0
007769,12,1,Urbano,Lima Metropolitana,Ladrillo o Bloque de cemento,Red publica dentro de la vivienda,Mujer,Ocupado,3,1,3.0,56.0,12.0,4.0,0
007770,3,1,Urbano,Lima Metropolitana,Ladrillo o Bloque de cemento,Red publica dentro de la vivienda,Hombre,Ocupado,6,2,3.0,53.0,16.0,3.0,0
007771,6,1,Urbano,Costa Norte,Ladrillo o Bloque de cemento,Red publica dentro de la vivienda,Hombre,Ocupado,2,1,2.0,59.0,14.0,2.0,1
007772,10,1,Rural,Costa Norte,Madera,"Rio, acequia o manantial",Mujer,Ocupado,7,4,1.75,43.0,5.0,3.0,0
007773,13,1,Urbano,Costa Norte,,Red publica fuera de la vivienda,Hombre,Ocupado,8,5,1.6,52.0,,8.0,0
007774,7,1,Urbano,Lima Metropolitana,Ladrillo o Bloque de cemento,Red publica dentro de la vivienda,Hombre,Ocupado,7,5,1.4,34.0,17.0,6.0,0
007775,3,1,Urbano,Lima Metropolitana,,Red publica dentro de la vivienda,Hombre,Ocupado,3,2,1.5,18.0,10.0,3.0,0
007776,15,1,Urbano,Sierra Sur,Ladrillo o Bloque de cemento,Red publica dentro de la vivienda,Mujer,Ocupado,3,2,1.5,48.0,13.0,3.0,0
007777,16,1,Rural,Costa Sur,Ladrillo o Bloque de cemento,Red publica fuera de la vivienda,Hombre,Inactivo,2,1,2.0,70.0,7.0,1.0,1
007778,12,1,Urbano,Lima Metropolitana,Ladrillo o Bloque de cemento,Red publica fuera de la vivienda,Mujer,Inactivo,7,3,2.33,71.0,12.0,3.0,1
007779,1,1,Urbano,Costa Sur,Ladrillo o Bloque de cemento,Red publica dentro de la vivienda,Hombre,Ocupado,3,2,1.5,45.0,11.0,4.0,1
007780,12,1,Urbano,Lima Metropolitana,Ladrillo o Bloque de cemento,Red publica fuera de la vivienda,Hombre,Ocupado,7,3,2.33,44.0,15.0,3.0,0
007781,12,1,Urbano,Lima Metropolitana,Ladrillo o Bloque de cemento,Otro,Mujer,Ocupado,3,1,3.0,,9.0,,0
007782,12,1,Urbano,Sierra Norte,Ladrillo o Bloque de cemento,Red publica fuera de la vivienda,Mujer,Ocupado,6,2,3.0,63.0,11.0,5.0,1
007783,1,1,Urbano,Selva,Ladrillo o Bloque de cemento,Red publica dentro de la vivienda,Hombre,Ocupado,9,6,1.5,54.0,10.0,6.0,0
007784,4,1,Urbano,Costa Sur,Ladrillo o Bloque de cemento,,Mujer,Ocupado,9,6,1.5,45.0,11.0,4.0,0
007785,6,1,Rural,Sierra Centro,Adobe,Red publica dentro de la vivienda,Hombre,Ocupado,6,3,2.0,20.0,6.0,4.0,0
007786,13,1,Urbano,Lima Metropolitana,Madera,Red publica dentro de la vivienda,Hombre,Ocupado,5,3,1.67,23.0,10.0,2.0,0
007787,19,1,Urbano,Lima Metropolitana,Ladrillo o Bloque de cemento,Red publica dentro de la vivienda,Hombre,Ocupado,3,2,1.5,50.0,18.0,5.0,0
007788,18,1,Urbano,Lima Metropolitana,Ladrillo o Bloque de cemento,Red publica dentro de la vivienda,Mujer,Ocupado,7,6,1.17,26.0,4.0,5.0,0
007789,11,1,Urbano,Selva,Madera,Red publica dentro de la vivienda,Hombre,Ocupado,5,3,1.67,56.0,13.0,5.0,0
007790,13,1,Urbano,Costa Sur,Ladrillo o Bloque de cemento,Red publica dentro de la vivienda,Hombre,Ocupado,5,4,1.25,56.0,13.0,5.0,0
007791,8,1,Urbano,Lima Metropolitana,Adobe,Red publica dentro de la vivienda,Hombre,Ocupado,4,3,1.33,30.0,13.0,5.0,0
007792,10,1,Urbano,Selva,Ladrillo o Bloque de cemento,Red publica dentro de la vivienda,Hombre,Ocupado,5,3,1.67,49.0,12.0,,0
007793,12,1,Urbano,Costa Centro,Ladrillo o Bloque de cemento,Red publica dentro de la vivienda,Hombre,Ocupado,9,2,4.5,35.0,13.0,6.0,1
007794,14,1,Rural,Sierra Sur,Ladrillo o Bloque de cemento,"Rio, acequia o manantial",Mujer,Ocupado,7,5,1.4,61.0,5.0,3.0,0
007795,7,1,Urbano,Lima Metropolitana,Adobe,Red publica dentro de la vivienda,Mujer,Inactivo,6,4,1.5,90.0,11.0,5.0,0
007796,11,1,Urbano,Lima Metropolitana,Ladrillo o Bloque de cemento,Red publica dentro de la vivienda,Hombre,Ocupado,6,3,2.0,46.0,12.0,6.0,0
007797,12,1,Rural,Sierra Norte,Madera,Red publica dentro de la vivienda,Hombre,Inactivo,4,3,1.33,69.0,8.0,3.0,1
007798,2,1,Urbano,Lima Metropolitana,Ladrillo o Bloque de cemento,Red publica dentro de la vivienda,Hombre,Ocupado,7,4,1.75,62.0,14.0,5.0,0
007799,17,1,Rural,Sierra Centro,Adobe,"Rio, acequia o manantial",Mujer,Ocupado,8,6,1.33,47.0,3.0,5.0,1
007800,12,1,Urbano,Sierra Norte,Adobe,Pozo,Hombre,Ocupado,7,2,3.5,55.0,11.0,3.0,1
007801,13,1,Urbano,Costa Sur,Ladrillo o Bloque de cemento,Red publica dentro de la vivienda,Hombre,Ocupado,4,4,1.0,30.0,9.0,4.0,0
007802,12,1,Urbano,Lima Metropolitana,Ladrillo o Bloque de cemento,Red publica dentro de la vivienda,Hombre,Ocupado,4,3,1.33,50.0,10.0,6.0,0
007803,3,1,Rural,Sierra Centro,Adobe,Pozo,Hombre,Ocupado,6,5,1.2,44.0,5.0,3.0,0
007804,6,1,Urbano,Sierra Sur,Ladrillo o Bloque de cemento,Pozo,Hombre,Inactivo,3,2,1.5,67.0,8.0,2.0,0
007805,8,1,Urbano,Costa Sur,Ladrillo o Bloque de cemento,Red publica dentro de la vivienda,Mujer,Ocupado,4,2,2.0,39.0,5.0,2.0,1
007806,9,1,Urbano,Lima Metropolitana,Ladrillo o Bloque de cemento,Red publica dentro de la vivienda,Mujer,Ocupado,5,4,1.25,33.0,13.0,8.0,0
007807,8,1,Urbano,Lima Metropolitana,Ladrillo o Bloque de cemento,"Rio, acequia o manantial",Hombre,Ocupado,4,3,1.33,34.0,16.0,3.0,0
007808,18,1,Rural,Sierra Centro,Adobe,Pozo,Hombre,Ocupado,4,4,1.0,,6.0,4.0,0
007809,13,1,Urbano,Lima Metropolitana,Ladrillo o Bloque de cemento,Red publica dentro de la vivienda,Hombre,Ocupado,8,3,2.67,45.0,16.0,5.0,1
007810,17,1,Rural,Costa Norte,Adobe,Red publica dentro de la vivienda,Hombre,Ocupado,5,2,2.5,24.0,9.0,2.0,1
007811,16,1,Urbano,Costa Centro,Ladrillo o Bloque de cemento,Red publica dentro de la vivienda,Hombre,Ocupado,5,3,1.67,62.0,8.0,4.0,1
007812,1,1,Urbano,Selva,Ladrillo o Bloque de cemento,Red publica dentro de la vivienda,Hombre,Ocupado,7,2,3.5,27.0,8.0,8.0,1
007813,5,1,Urbano,Lima Metropolitana,Ladrillo o Bloque de cemento,Red publica dentro de la vivienda,Hombre,Ocupado,6,3,2.0,40.0,8.0,5.0,0
007814,14,1,Urbano,Sierra Norte,Ladrillo o Bloque de cemento,Red publica dentro de la vivienda,Hombre,Ocupado,4,3,1.33,45.0,12.0,4.0,0
007815,9,1,Rural,Selva,Adobe,Red publica dentro de la vivienda,Hombre,Ocupado,7,5,1.4,33.0,8.0,,0
007816,5,1,Urbano,Sierra Norte,Madera,Red publica dentro de la vivienda,Hombre,Ocupado,5,4,1.25,24.0,11.0,4.0,0
007817,10,1,Urbano,Selva,Ladrillo o Bloque de cemento,Red publica dentro de la vivienda,Hombre,Ocupado,3,1,3.0,59.0,9.0,1.0,1
007818,8,1,Urbano,Lima Metropolitana,Ladrillo o Bloque de cemento,Red publica dentro de la vivienda,Hombre,Ocupado,5,3,1.67,57.0,12.0,8.0,0
007819,17,1,Urbano,Lima Metropolitana,Ladrillo o Bloque de cemento,Pozo,Hombre,Ocupado,3,3,1.0,49.0,15.0,3.0,0
007820,18,1,Urbano,Sierra Sur,Ladrillo o Bloque de cemento,Red publica dentro de la vivienda,Hombre,Ocupado,3,1,3.0,53.0,13.0,3.0,1
007821,3,1,Urbano,Lima Metropolitana,Madera,Red publica dentro de la vivienda,Mujer,Ocupado,1,1,1.0,24.0,14.0,4.0,0
007822,19,1,Rural,Selva,Adobe,Red publica dentro de la vivienda,Mujer,Ocupado,6,3,2.0,55.0,8.0,4.0,1
007823,5,1,Rural,Sierra Norte,Adobe,"Rio, acequia o manantial",Hombre,Ocupado,1,1,1.0,54.0,10.0,,0
007824,11,1,Urbano,Sierra Norte,Ladrillo o Bloque de cemento,Red publica dentro de la vivienda,Hombre,Ocupado,1,1,1.0,54.0,8.0,3.0,0
007825,1,1,Urbano,Lima Metropolitana,Adobe,Red publica dentro de la vivienda,Hombre,Ocupado,7,3,2.33,54.0,11.0,5.0,1
007826,2,1,Urbano,Costa Sur,Ladrillo o Bloque de cemento,Red publica fuera de la vivienda,Hombre,Ocupado,2,2,1.0,62.0,,5.0,0
007827,18,1,Urbano,Lima Metropolitana,Ladrillo o Bloque de cemento,Red publica fuera de la vivienda,Hombre,Ocupado,1,1,1.0,46.0,11.0,2.0,0
007828,9,1,Urbano,Costa Centro,Ladrillo o Bloque de cemento,Red publica dentro de la vivienda,Hombre,Ocupado,2,1,2.0,49.0,16.0,6.0,0
007829,4,1,Urbano,Lima Metropolitana,Otro material,Otro,Hombre,Ocupado,5,2,2.5,29.0,10.0,4.0,0
007830,7,1,Rural,Costa Sur,Madera,Red publica dentro de la vivienda,Hombre,Ocupado,6,4,1.5,58.0,4.0,3.0,1
007831,5,1,Urbano,Lima Metropolitana,,Red publica dentro de la vivienda,Mujer,Ocupado,8,7,1.14,39.0,7.0,4.0,0
007832,2,1,Urbano,Lima Metropolitana,Ladrillo o Bloque de cemento,Red publica dentro de la vivienda,Mujer,Ocupado,6,3,2.0,40.0,15.0,5.0,0
007833,4,1,Urbano,Costa Norte,Ladrillo o Bloque de cemento,Red publica dentro de la vivienda,Mujer,Ocupado,3,1,3.0,42.0,11.0,2.0,1
007834,3,1,Urbano,Lima Metropolitana,Madera,Red publica dentro de la vivienda,Mujer,Ocupado,4,3,1.33,33.0,17.0,6.0,0
007835,13,1,Rural,Selva,Adobe,Pozo,Hombre,Ocupado,3,3,1.0,47.0,11.0,3.0,0
007836,17,1,Urbano,Sierra Centro,Ladrillo o Bloque de cemento,Red publica dentro de la vivienda,Mujer,Ocupado,2,2,1.0,60.0,7.0,4.0,0
007837,5,1,Rural,Sierra Norte,Ladrillo o Bloque de cemento,Pozo,Hombre,Ocupado,5,1,5.0,32.0,,6.0,1
007838,17,1,Urbano,Lima Metropolitana,Ladrillo o Bloque de cemento,Red publica dentro de la vivienda,Hombre,Ocupado,6,5,1.2,48.0,17.0,5.0,0
007839,6,1,Urbano,Lima Metropolitana,Ladrillo o Bloque de cemento,Red publica dentro de la vivienda,Hombre,Ocupado,5,3,1.67,57.0,10.0,5.0,0
007840,17,1,Urbano,Sierra Norte,Ladrillo o Bloque de cemento,Red publica dentro de la vivienda,Hombre,Desocupado,6,5,1.2,18.0,14.0,5.0,0
007841,2,1,Urbano,Lima Metropolitana,Ladrillo o Bloque de cemento,Red publica dentro de la vivienda,Hombre,Inactivo,5,4,1.25,74.0,5.0,6.0,1
007842,6,1,Urbano,Sierra Norte,Ladrillo o Bloque de cemento,Red publica dentro de la vivienda,Hombre,Ocupado,8,4,2.0,42.0,11.0,5.0,0
007843,12,1,Urbano,Costa Norte,Ladrillo o Bloque de cemento,Red publica dentro de la vivienda,Mujer,Desocupado,7,3,2.33,35.0,9.0,3.0,1
007844,9,1,Rural,Selva,Ladrillo o Bloque de cemento,Pozo,Hombre,Ocupado,4,3,1.33,49.0,10.0,8.0,0
007845,15,1,Urbano,Costa Centro,Ladrillo o Bloque de cemento,Red publica fuera de la vivienda,Hombre,Ocupado,3,3,1.0,39.0,10.0,6.0,0
007846,4,1,Rural,Sierra Norte,Ladrillo o Bloque de cemento,Red publica dentro de la vivienda,Hombre,Ocupado,4,2,2.0,47.0,9.0,3.0,0
007847,11,1,Rural,Selva,Adobe,Red publica dentro de la vivienda,Hombre,Ocupado,4,2,2.0,38.0,8.0,1.0,1
007848,1,1,Rural,Sierra Norte,Adobe,Red publica dentro de la vivienda,Mujer,Ocupado,7,4,1.75,64.0,4.0,4.0,0
007849,5,1,Urbano,Costa Sur,Ladrillo o Bloque de cemento,Red publica fuera de la vivienda,Hombre,Inactivo,4,4,1.0,86.0,14.0,7.0,1
007850,18,1,Urbano,Lima Metropolitana,Madera,Red publica dentro de la vivienda,Mujer,Ocupado,8,4,2.0,58.0,14.0,4.0,0
007851,3,1,Rural,Selva,Adobe,"Rio, acequia o manantial",Hombre,Ocupado,1,1,1.0,51.0,2.0,2.0,0
007852,17,1,Urbano,Lima Metropolitana,Ladrillo o Bloque de cemento,Red publica dentro de la vivienda,Hombre,Ocupado,6,4,1.5,40.0,14.0,4.0,0
007853,8,1,Urbano,Selva,Adobe,Red publica dentro de la vivienda,Mujer,Ocupado,5,2,2.5,63.0,10.0,6.0,0
007854,16,1,Rural,Sierra Sur,Adobe,Red publica dentro de la vivienda,Hombre,Ocupado,4,3,1.33,37.0,8.0,6.0,0
007855,6,1,Urbano,Sierra Norte,Ladrillo o Bloque de cemento,"Rio, acequia o manantial",Hombre,Ocupado,2,2,1.0,52.0,12.0,5.0,0
007856,2,1,Urbano,Lima Metropolitana,Ladrillo o Bloque de cemento,Red publica dentro de la vivienda,Hombre,Ocupado,6,4,1.5,41.0,16.0,4.0,0
007857,4,1,Urbano,Costa Sur,Adobe,Red publica dentro de la vivienda,Hombre,Ocupado,6,4,1.5,30.0,14.0,3.0,0
007858,17,1,Rural,Sierra Norte,Ladrillo o Bloque de cemento,Pozo,Mujer,Ocupado,4,4,1.0,45.0,4.0,3.0,0
007859,5,1,Urbano,Lima Metropolitana,Ladrillo o Bloque de cemento,Red publica dentro de la vivienda,Mujer,Ocupado,4,4,1.0,34.0,11.0,3.0,0
007860,12,1,Urbano,Lima Metropolitana,Ladrillo o Bloque de cemento,Red publica dentro de la vivienda,Mujer,Inactivo,5,2,2.5,69.0,12.0,7.0,1
007861,8,1,Rural,Selva,Adobe,Red publica dentro de la vivienda,Hombre,Ocupado,2,2,1.0,37.0,10.0,3.0,0
007862,3,1,Urbano,Costa Norte,Ladrillo o Bloque de cemento,Red publica dentro de la vivienda,Mujer,Ocupado,3,3,1.0,46.0,10.0,3.0,0
007863,2,1,Urbano,Costa Centro,Ladrillo o Bloque de cemento,Red publica fuera de la vivienda,Hombre,Ocupado,2,1,2.0,39.0,12.0,4.0,0
007864,15,1,Urbano,Sierra Sur,,Red publica fuera de la vivienda,Hombre,Ocupado,2,1,2.0,31.0,14.0,4.0,0
007865,8,1,Urbano,Lima Metropolitana,Ladrillo o Bloque de cemento,Red publica fuera de la vivienda,Hombre,Ocupado,4,3,1.33,58.0,13.0,3.0,0
007866,2,1,Rural,Sierra Sur,Ladrillo o Bloque de cemento,Red publica dentro de la vivienda,Hombre,Ocupado,1,1,1.0,47.0,12.0,7.0,0
007867,16,1,Urbano,Costa Norte,Ladrillo o Bloque de cemento,Otro,Hombre,Inactivo,3,2,1.5,81.0,9.0,3.0,1
007868,7,1,Rural,Costa Sur,Adobe,Red publica dentro de la vivienda,Mujer,Ocupado,3,1,3.0,63.0,8.0,2.0,0
007869,8,1,Rural,Selva,Madera,Red publica fuera de la vivienda,Hombre,Ocupado,4,3,1.33,49.0,8.0,2.0,0
007870,13,1,Urbano,Lima Metropolitana,Ladrillo o Bloque de cemento,Red publica dentro de la vivienda,Hombre,Ocupado,7,5,1.4,53.0,13.0,3.0,0
007871,6,1,Urbano,Costa Norte,Ladrillo o Bloque de cemento,Red publica dentro de la vivienda,Mujer,Ocupado,5,3,1.67,47.0,4.0,8.0,0
007872,2,1,Urbano,Costa Norte,Ladrillo o Bloque de cemento,Red publica fuera de la vivienda,Hombre,Ocupado,6,4,1.5,34.0,10.0,4.0,1
007873,9,1,Rural,Sierra Norte,Adobe,Red publica dentro de la vivienda,Mujer,Ocupado,9,6,1.5,28.0,1.0,5.0,1
007874,9,1,Urbano,Costa Norte,Ladrillo o Bloque de cemento,Red publica dentro de la vivienda,Mujer,Ocupado,7,4,1.75,33.0,9.0,5.0,0
007875,19,1,Urbano,Selva,Ladrillo o Bloque de cemento,Red publica dentro de la vivienda,Hombre,Inactivo,6,4,1.5,67.0,11.0,3.0,0
007876,8,1,Urbano,Costa Centro,Ladrillo o Bloque de cemento,Red publica dentro de la vivienda,Hombre,Ocupado,6,5,1.2,52.0,18.0,7.0,0
007877,18,1,Urbano,Lima Metropolitana,Ladrillo o Bloque de cemento,Red publica fuera de la vivienda,Hombre,Ocupado,5,3,1.67,56.0,15.0,2.0,0
007878,3,1,Urbano,Lima Metropolitana,Ladrillo o Bloque de cemento,Red publica dentro de la vivienda,Mujer,Ocupado,4,3,1.33,59.0,,5.0,0
007879,19,1,Urbano,Lima Metropolitana,Ladrillo o Bloque de cemento,Red publica dentro de la vivienda,Hombre,Ocupado,4,2,2.0,45.0,13.0,4.0,0
007880,12,1,Urbano,Lima Metropolitana,Adobe,Red publica dentro de la vivienda,Hombre,Ocupado,6,4,1.5,40.0,14.0,4.0,1
007881,4,1,Rural,Sierra Norte,Madera,Otro,Hombre,Inactivo,5,3,1.67,76.0,7.0,6.0,1
007882,13,1,Urbano,Costa Norte,Ladrillo o Bloque de cemento,Red publica dentro de la vivienda,Mujer,Ocupado,5,3,1.67,55.0,11.0,4.0,0
007883,12,1,Rural,Sierra Norte,Ladrillo o Bloque de cemento,Red publica fuera de la vivienda,Hombre,Ocupado,4,1,4.0,25.0,5.0,2.0,0
007884,18,1,Urbano,Lima Metropolitana,Ladrillo o Bloque de cemento,,Hombre,Ocupado,4,3,1.33,23.0,14.0,3.0,0
007885,19,1,Urbano,Costa Norte,Ladrillo o Bloque de cemento,Red publica dentro de la vivienda,Hombre,Ocupado,6,5,1.2,59.0,12.0,4.0,0
007886,16,1,Urbano,Sierra Centro,Ladrillo o Bloque de cemento,Red publica dentro de la vivienda,Mujer,Ocupado,4,3,1.33,36.0,13.0,6.0,0
007887,1,1,Urbano,Sierra Norte,Ladrillo o Bloque de cemento,Red publica dentro de la vivienda,Hombre,Ocupado,5,3,1.67,46.0,14.0,8.0,0
007888,7,1,Rural,Costa Sur,,"Rio, acequia o manantial",Mujer,Ocupado,3,3,1.0,18.0,9.0,3.0,0
007889,19,1,Urbano,Lima Metropolitana,Ladrillo o Bloque de cemento,Red publica dentro de la vivienda,Hombre,Ocupado,1,1,1.0,42.0,13.0,5.0,0
007890,5,1,Urbano,Lima Metropolitana,Ladrillo o Bloque de cemento,Red publica dentro de la vivienda,Hombre,Ocupado,6,5,1.2,61.0,12.0,5.0,0
007891,8,1,Rural,Selva,Otro material,Pozo,Mujer,Ocupado,5,5,1.0,41.0,9.0,5.0,0
007892,4,1,Urbano,Lima Metropolitana,Ladrillo o Bloque de cemento,"Rio, acequia o manantial",Hombre,Ocupado,5,3,1.67,32.0,10.0,3.0,0
007893,17,1,Urbano,Costa Centro,Madera,Red publica dentro de la vivienda,Hombre,Ocupado,4,2,2.0,45.0,3.0,5.0,0
007894,16,1,Urbano,Costa Centro,Ladrillo o Bloque de cemento,Red publica dentro de la vivienda,Hombre,Ocupado,5,4,1.25,48.0,5.0,2.0,0
007895,10,1,Urbano,Sierra Centro,Adobe,Red publica dentro de la vivienda,Hombre,Ocupado,8,5,1.6,43.0,5.0,6.0,0
007896,8,1,Urbano,Lima Metropolitana,Ladrillo o Bloque de cemento,Red publica dentro de la vivienda,Hombre,Ocupado,4,2,2.0,26.0,14.0,7.0,0
007897,6,1,Rural,Selva,Ladrillo o Bloque de cemento,,Hombre,Ocupado,8,3,2.67,54.0,7.0,4.0,1
007898,9,1,Rural,Costa Norte,Madera,Red publica dentro de la vivienda,Hombre,Ocupado,6,3,2.0,40.0,9.0,4.0,0
007899,1,1,Urbano,Lima Metropolitana,Ladrillo o Bloque de cemento,Red publica dentro de la vivienda,Mujer,Desocupado,6,4,1.5,50.0,14.0,3.0,1
007900,18,1,Rural,Sierra Norte,Otro material,Red publica fuera de la vivienda,Mujer,Ocupado,4,2,2.0,34.0,10.0,4.0,0
007901,16,1,Rural,Sierra Centro,Adobe,Red publica dentro de la vivienda,Hombre,Inactivo,3,3,1.0,65.0,10.0,3.0,0
007902,10,1,Urbano,Lima Metropolitana,Ladrillo o Bloque de cemento,Red publica dentro de la vivienda,Hombre,Ocupado,3,2,1.5,58.0,16.0,4.0,0
007903,14,1,Urbano,Lima Metropolitana,Ladrillo o Bloque de cemento,Red publica dentro de la vivienda,Hombre,Ocupado,4,2,2.0,43.0,16.0,8.0,0
007904,11,1,Urbano,Lima Metropolitana,Ladrillo o Bloque de cemento,Red publica dentro de la vivienda,Hombre,Ocupado,5,3,1.67,52.0,18.0,6.0,0
007905,10,1,Urbano,Lima Metropolitana,Ladrillo o Bloque de cemento,Red publica dentro de la vivienda,Hombre,Inactivo,5,4,1.25,71.0,18.0,4.0,0
007906,17,1,Rural,Costa Sur,Madera,Red publica dentro de la vivienda,Hombre,Ocupado,8,4,2.0,64.0,7.0,3.0,1
007907,1,1,Urbano,Selva,Ladrillo o Bloque de cemento,Pozo,Mujer,Inactivo,3,2,1.5,69.0,16.0,2.0,1
007908,19,1,Urbano,Lima Metropolitana,Adobe,Red publica dentro de la vivienda,Hombre,Ocupado,7,5,1.4,56.0,11.0,5.0,0
007909,6,1,Rural,Selva,Madera,"Rio, acequia o manantial",Hombre,Ocupado,4,4,1.0,40.0,5.0,,0
007910,15,1,Rural,Sierra Centro,Ladrillo o Bloque de cemento,"Rio, acequia o manantial",Hombre,Ocupado,5,3,1.67,56.0,12.0,5.0,1
007911,5,1,Urbano,Lima Metropolitana,Ladrillo o Bloque de cemento,Red publica fuera de la vivienda,Mujer,Inactivo,3,3,1.0,72.0,13.0,5.0,1
007912,1,1,Urbano,Costa Centro,Ladrillo o Bloque de cemento,Red publica dentro de la vivienda,Hombre,Ocupado,7,5,1.4,56.0,6.0,3.0,0
007913,17,1,Rural,Sierra Sur,Madera,Red publica dentro de la vivienda,Hombre,Ocupado,4,4,1.0,36.0,3.0,7.0,0
007914,9,1,Urbano,Lima Metropolitana,Ladrillo o Bloque de cemento,Red publica dentro de la vivienda,Hombre,Ocupado,4,2,2.0,49.0,10.0,3.0,0
007915,9,1,Urbano,Lima Metropolitana,,Red publica dentro de la vivienda,Mujer,Ocupado,4,3,1.33,59.0,9.0,2.0,0
007916,8,1,Urbano,Lima Metropolitana,Ladrillo o Bloque de cemento,Red publica dentro de la vivienda,Mujer,Ocupado,5,5,1.0,50.0,14.0,5.0,0
007917,2,1,Urbano,Lima Metropolitana,Ladrillo o Bloque de cemento,Red publica dentro de la vivienda,Hombre,Desocupado,4,3,1.33,59.0,10.0,7.0,1
007918,17,1,Rural,Costa Norte,Adobe,Red publica dentro de la vivienda,Mujer,Ocupado,9,5,1.8,39.0,6.0,8.0,1
007919,13,1,Urbano,Lima Metropolitana,Ladrillo o Bloque de cemento,Otro,Mujer,Ocupado,4,2,2.0,45.0,11.0,4.0,0
007920,13,1,Urbano,Sierra Sur,Ladrillo o Bloque de cemento,Red publica dentro de la vivienda,Hombre,Ocupado,6,2,3.0,53.0,7.0,1.0,0
007921,8,1,Rural,Lima Metropolitana,Adobe,Red publica dentro de la vivienda,Mujer,Ocupado,4,2,2.0,53.0,4.0,4.0,0
007922,8,1,Urbano,Sierra Centro,Madera,Red publica dentro de la vivienda,Hombre,Ocupado,6,5,1.2,39.0,14.0,3.0,0
007923,18,1,Urbano,Lima Metropolitana,Ladrillo o Bloque de cemento,Red publica dentro de la vivienda,Hombre,Ocupado,3,2,1.5,18.0,14.0,5.0,0
007924,12,1,Urbano,Selva,Ladrillo o Bloque de cemento,Red publica dentro de la vivienda,Mujer,Ocupado,6,3,2.0,18.0,1.0,1.0,0
007925,13,1,Urbano,Lima Metropolitana,Ladrillo o Bloque de cemento,Red publica dentro de la vivienda,Hombre,Ocupado,2,2,1.0,47.0,10.0,4.0,0
007926,4,1,Urbano,Costa Sur,Ladrillo o Bloque de cemento,Red publica dentro de la vivienda,Hombre,Ocupado,4,3,1.33,51.0,14.0,3.0,0
007927,14,1,Urbano,Costa Sur,Ladrillo o Bloque de cemento,Red publica dentro de la vivienda,Hombre,Ocupado,3,2,1.5,45.0,13.0,8.0,0
007928,19,1,Urbano,Sierra Sur,Ladrillo o Bloque de cemento,Red publica dentro de la vivienda,Mujer,Ocupado,3,3,1.0,48.0,18.0,7.0,0
007929,16,1,Urbano,Costa Norte,Ladrillo o Bloque de cemento,Red publica dentro de la vivienda,Hombre,Inactivo,6,4,1.5,70.0,10.0,4.0,0
007930,3,1,Urbano,Lima Metropolitana,Adobe,Red publica dentro de la vivienda,Hombre,Ocupado,5,4,1.25,41.0,14.0,6.0,0
007931,12,1,Urbano,Sierra Norte,Ladrillo o Bloque de cemento,Red publica dentro de la vivienda,Hombre,Ocupado,6,4,1.5,53.0,8.0,2.0,0
007932,10,1,Urbano,Selva,Ladrillo o Bloque de cemento,Pozo,Mujer,Inactivo,3,3,1.0,72.0,6.0,3.0,0
007933,4,1,Rural,Costa Norte,Adobe,Red publica dentro de la vivienda,Hombre,Ocupado,4,3,1.33,33.0,8.0,5.0,0
007934,7,1,Urbano,Costa Centro,Ladrillo o Bloque de cemento,Red publica dentro de la vivienda,Mujer,Inactivo,8,5,1.6,73.0,10.0,1.0,1
007935,5,1,Urbano,Lima Metropolitana,,Red publica dentro de la vivienda,Hombre,Ocupado,8,6,1.33,62.0,18.0,3.0,0
007936,15,1,Rural,Sierra Norte,Ladrillo o Bloque de cemento,Red publica fuera de la vivienda,Hombre,Desocupado,6,4,1.5,44.0,5.0,4.0,0
007937,14,1,Urbano,Costa Sur,Ladrillo o Bloque de cemento,Red publica dentro de la vivienda,Hombre,Ocupado,7,4,1.75,18.0,10.0,2.0,1
007938,12,1,Urbano,Costa Sur,Ladrillo o Bloque de cemento,Red publica fuera de la vivienda,Hombre,Inactivo,5,4,1.25,,11.0,4.0,1
007939,18,1,Urbano,Costa Sur,Ladrillo o Bloque de cemento,Red publica dentro de la vivienda,Mujer,Inactivo,4,2,2.0,73.0,14.0,4.0,1
007940,18,1,Urbano,Lima Metropolitana,Ladrillo o Bloque de cemento,Red publica dentro de la vivienda,Mujer,Ocupado,5,4,1.25,38.0,15.0,8.0,0
007941,12,1,Urbano,Costa Centro,Ladrillo o Bloque de cemento,Red publica dentro de la vivienda,Hombre,Inactivo,8,5,1.6,74.0,6.0,,1
007942,14,1,Urbano,Sierra Centro,Madera,Red publica dentro de la vivienda,Hombre,Ocupado,2,2,1.0,24.0,15.0,6.0,0
007943,12,1,Urbano,Lima Metropolitana,Madera,Red publica fuera de la vivienda,Hombre,Ocupado,6,6,1.0,52.0,,5.0,0
007944,18,1,Urbano,Selva,Ladrillo o Bloque de cemento,Red publica dentro de la vivienda,Mujer,Ocupado,3,3,1.0,46.0,2.0,6.0,1
007945,11,1,Rural,Selva,Adobe,,Hombre,Ocupado,5,4,1.25,29.0,7.0,4.0,0
007946,6,1,Rural,Sierra Norte,Madera,"Rio, acequia o manantial",Hombre,Ocupado,5,4,1.25,45.0,3.0,1.0,0
007947,3,1,Urbano,Lima Metropolitana,Ladrillo o Bloque de cemento,Red publica fuera de la vivienda,Hombre,Ocupado,4,2,2.0,48.0,16.0,5.0,0
007948,11,1,Rural,Sierra Sur,Madera,Red publica fuera de la vivienda,Hombre,Ocupado,4,1,4.0,31.0,8.0,2.0,1
007949,9,1,Rural,Sierra Norte,Adobe,Pozo,Hombre,Ocupado,5,4,1.25,57.0,10.0,6.0,0
007950,1,1,Urbano,Lima Metropolitana,Adobe,Pozo,Hombre,Ocupado,2,2,1.0,38.0,16.0,4.0,0
007951,5,1,Urbano,Lima Metropolitana,Ladrillo o Bloque de cemento,Red publica dentro de la vivienda,Hombre,Ocupado,6,3,2.0,43.0,11.0,3.0,0
007952,11,1,Rural,Selva,Madera,Red publica dentro de la vivienda,Mujer,Inactivo,3,2,1.5,68.0,7.0,4.0,1
007953,10,1,Urbano,Lima Metropolitana,Ladrillo o Bloque de cemento,Red publica dentro de la vivienda,Hombre,Ocupado,6,4,1.5,39.0,16.0,5.0,0
007954,19,1,Urbano,Costa Norte,Ladrillo o Bloque de cemento,Red publica dentro de la vivienda,Hombre,Ocupado,3,3,1.0,18.0,12.0,5.0,0
007955,3,1,Urbano,Lima Metropolitana,Madera,Red publica dentro de la vivienda,Hombre,Ocupado,2,1,2.0,44.0,10.0,4.0,0
007956,18,1,Urbano,Lima Metropolitana,Ladrillo o Bloque de cemento,Red publica dentro de la vivienda,Mujer,Ocupado,4,4,1.0,50.0,17.0,6.0,0
007957,19,1,Urbano,Sierra Centro,Ladrillo o Bloque de cemento,Red publica dentro de la vivienda,Hombre,Ocupado,3,2,1.5,45.0,11.0,3.0,1
007958,5,1,Urbano,Sierra Norte,Ladrillo o Bloque de cemento,Red publica dentro de la vivienda,Hombre,Ocupado,8,6,1.33,60.0,8.0,7.0,0
007959,6,1,Urbano,Costa Centro,Ladrillo o Bloque de cemento,Red publica dentro de la vivienda,Hombre,Ocupado,5,3,1.67,54.0,17.0,3.0,0
007960,1,1,Urbano,Lima Metropolitana,Ladrillo o Bloque de cemento,Red publica dentro de la vivienda,Hombre,Ocupado,4,2,2.0,40.0,6.0,5.0,0
007961,7,1,Urbano,Costa Centro,Madera,Red publica dentro de la vivienda,Hombre,Ocupado,5,3,1.67,58.0,9.0,4.0,0
007962,19,1,Urbano,Sierra Norte,Ladrillo o Bloque de cemento,Red publica dentro de la vivienda,Hombre,Ocupado,6,3,2.0,54.0,9.0,7.0,1
007963,5,1,Urbano,Lima Metropolitana,Otro material,Red publica dentro de la vivienda,Mujer,Ocupado,6,5,1.2,54.0,15.0,5.0,0
007964,8,1,Urbano,Lima Metropolitana,Ladrillo o Bloque de cemento,Red publica dentro de la vivienda,Mujer,Ocupado,8,5,1.6,46.0,11.0,5.0,0
007965,12,1,Urbano,Costa Centro,Ladrillo o Bloque de cemento,Red publica dentro de la vivienda,Hombre,Ocupado,2,2,1.0,52.0,9.0,,0
007966,11,1,Urbano,Lima Metropolitana,Ladrillo o Bloque de cemento,Red publica dentro de la vivienda,Hombre,Ocupado,5,4,1.25,50.0,16.0,5.0,0
007967,13,1,Urbano,Selva,Ladrillo o Bloque de cemento,Red publica dentro de la vivienda,Hombre,Ocupado,8,7,1.14,44.0,14.0,3.0,0
007968,6,1,Urbano,Lima Metropolitana,Ladrillo o Bloque de cemento,Red publica dentro de la vivienda,Hombre,Ocupado,3,2,1.5,55.0,12.0,3.0,0
007969,5,1,Rural,Costa Norte,Ladrillo o Bloque de cemento,Pozo,Mujer,Ocupado,5,3,1.67,56.0,7.0,2.0,1
007970,12,1,Urbano,Costa Norte,Ladrillo o Bloque de cemento,Red publica dentro de la vivienda,Mujer,Ocupado,6,3,2.0,56.0,7.0,2.0,1
007971,5,1,Urbano,Lima Metropolitana,Ladrillo o Bloque de cemento,,Hombre,Ocupado,8,5,1.6,57.0,12.0,4.0,0
007972,11,1,Urbano,Costa Centro,Ladrillo o Bloque de cemento,Red publica dentro de la vivienda,Hombre,Ocupado,5,2,2.5,18.0,11.0,4.0,1
007973,16,1,Urbano,Selva,Ladrillo o Bloque de cemento,Pozo,Hombre,Ocupado,5,2,2.5,61.0,7.0,7.0,1
007974,1,1,Urbano,Costa Norte,Ladrillo o Bloque de cemento,,Mujer,Ocupado,4,4,1.0,35.0,6.0,6.0,0
007975,19,1,Urbano,Lima Metropolitana,Ladrillo o Bloque de cemento,Red publica dentro de la vivienda,Mujer,Ocupado,4,2,2.0,64.0,11.0,2.0,0
007976,10,1,Urbano,Lima Metropolitana,Adobe,Red publica dentro de la vivienda,Hombre,Desocupado,5,4,1.25,29.0,16.0,4.0,1
007977,6,1,Urbano,Lima Metropolitana,Ladrillo o Bloque de cemento,Red publica dentro de la vivienda,Hombre,Inactivo,3,2,1.5,70.0,14.0,8.0,0
007978,11,1,Urbano,Lima Metropolitana,Ladrillo o Bloque de cemento,Red publica dentro de la vivienda,Mujer,Ocupado,2,2,1.0,18.0,11.0,3.0,0
007979,2,1,Urbano,Lima Metropolitana,Ladrillo o Bloque de cemento,Red publica dentro de la vivienda,Hombre,Ocupado,5,2,2.5,53.0,18.0,7.0,0
007980,15,1,Urbano,Sierra Sur,Adobe,Red publica dentro de la vivienda,Mujer,Ocupado,1,1,1.0,43.0,8.0,3.0,0
007981,10,1,Rural,Sierra Centro,Madera,"Rio, acequia o manantial",Mujer,Ocupado,3,3,1.0,54.0,8.0,3.0,0
007982,11,1,Urbano,Lima Metropolitana,Ladrillo o Bloque de cemento,Red publica dentro de la vivienda,Mujer,Inactivo,7,3,2.33,72.0,11.0,3.0,1
007983,6,1,Urbano,Lima Metropolitana,Madera,Pozo,Hombre,Ocupado,6,4,1.5,51.0,16.0,3.0,0
007984,2,1,Urbano,Lima Metropolitana,Ladrillo o Bloque de cemento,Red publica fuera de la vivienda,Mujer,Ocupado,3,2,1.5,61.0,12.0,4.0,0
007985,19,1,Urbano,Lima Metropolitana,Ladrillo o Bloque de cemento,"Rio, acequia o manantial",Hombre,Inactivo,3,3,1.0,69.0,12.0,4.0,0
007986,8,1,Rural,Costa Sur,Madera,Red publica fuera de la vivienda,Hombre,Desocupado,6,4,1.5,39.0,10.0,4.0,1
007987,15,1,Urbano,Lima Metropolitana,Ladrillo o Bloque de cemento,Red publica fuera de la vivienda,Hombre,Ocupado,4,3,1.33,53.0,12.0,7.0,0
007988,17,1,Urbano,Lima Metropolitana,Ladrillo o Bloque de cemento,Red publica dentro de la vivienda,Hombre,Inactivo,5,2,2.5,67.0,15.0,3.0,1
007989,1,1,Urbano,Lima Metropolitana,Ladrillo o Bloque de cemento,Red publica dentro de la vivienda,Hombre,Ocupado,4,4,1.0,53.0,12.0,4.0,0
007990,8,1,Urbano,Lima Metropolitana,Ladrillo o Bloque de cemento,Red publica dentro de la vivienda,Hombre,Ocupado,4,2,2.0,40.0,4.0,4.0,0
007991,16,1,Rural,Selva,Adobe,Red publica dentro de la vivienda,Hombre,Ocupado,4,3,1.33,55.0,13.0,3.0,0
007992,16,1,Urbano,Lima Metropolitana,Ladrillo o Bloque de cemento,,Hombre,Ocupado,5,4,1.25,50.0,14.0,5.0,0
007993,3,1,Rural,Costa Norte,Adobe,Pozo,Hombre,Ocupado,3,2,1.5,55.0,6.0,2.0,1
007994,19,1,Urbano,Lima Metropolitana,Ladrillo o Bloque de cemento,Red publica dentro de la vivienda,Hombre,Ocupado,5,3,1.67,41.0,17.0,4.0,0
007995,14,1,Urbano,Costa Norte,Ladrillo o Bloque de cemento,Red publica dentro de la vivienda,Mujer,Ocupado,5,1,5.0,51.0,8.0,2.0,0
007996,13,1,Urbano,Sierra Centro,Ladrillo o Bloque de cemento,Red publica dentro de la vivienda,Hombre,Ocupado,5,3,1.67,46.0,8.0,4.0,0
007997,8,1,Urbano,Costa Centro,Madera,,Mujer,Ocupado,7,5,1.4,41.0,6.0,2.0,1
007998,1,1,Rural,Sierra Sur,Adobe,"Rio, acequia o manantial",Hombre,Inactivo,4,3,1.33,66.0,6.0,6.0,0
007999,5,1,Urbano,Costa Sur,Ladrillo o Bloque de cemento,Red publica dentro de la vivienda,Hombre,Ocupado,3,2,1.5,41.0,9.0,4.0,0
008000,18,1,Urbano,Lima Metropolitana,Ladrillo o Bloque de cemento,Red publica dentro de la vivienda,Hombre,Ocupado,4,3,1.33,,12.0,7.0,0
